,x,y
A1BG-AS1,5.1464167,1.9827739
A2M-AS1,3.1869686,2.3051937
A2ML1-AS1,-4.4842453,4.6620584
A2ML1-AS2,-5.8184137,4.2143164
AADACL2-AS1,-4.1249247,5.3100247
AATBC,3.6621668,1.9700047
ABALON,1.9180144,2.9448342
ABCA9-AS1,-2.1758091,2.6536157
ABCC5-AS1,-3.1398246,3.0008986
ABHD15-AS1,-5.776981,4.4722724
ABR-AS1,-4.1055055,3.7385912
ACAD9-DT,3.7095907,1.8351389
ACAP2-IT1,2.3019404,2.6839337
ACBD3-AS1,0.11219636,3.1021826
ACOXL-AS1,0.80905616,3.2677267
ACSL3-AS1,-6.056347,3.8822303
ACSL6-AS1,-3.286394,3.089817
ACTA2-AS1,2.5897937,2.4150174
ACTN1-DT,-0.9234237,4.7070913
ACTR3-AS1,3.071642,2.4714024
ACVR2B-AS1,3.931304,2.450911
ADAM7-AS1,-0.1903344,2.5718498
ADAM7-AS2,-5.4775734,5.0908513
ADAMTS16-DT,2.6703207,2.2680495
ADAMTS19-AS1,-2.002094,4.2968845
ADAMTS9-AS1,0.36931717,3.1193693
ADAMTS9-AS2,2.82195,3.8758805
ADAMTSL4-AS1,0.8607191,1.8939213
ADAMTSL4-AS2,1.1683656,1.6837231
ADARB2-AS1,-3.6878016,2.9844258
ADCY6-DT,-0.8966319,4.7087636
ADD3-AS1,3.6585326,3.2466364
ADGB-DT,-5.328054,2.8900764
ADGRA1-AS1,-2.6093328,3.672028
ADGRB3-DT,-1.9864415,3.8728309
ADGRD1-AS1,-3.2345414,5.025177
ADGRF5-AS1,-5.101128,3.002108
ADGRL1-AS1,5.064358,2.115377
ADGRL3-AS1,-4.793732,2.8631172
ADIPOQ-AS1,-0.36592543,2.5828972
ADIRF-AS1,4.883797,1.7966673
ADM-DT,0.98680776,2.7080293
ADNP-AS1,4.1027923,2.0233767
ADORA2A-AS1,3.3631492,2.2385745
ADPGK-AS1,3.557699,2.41282
AFAP1-AS1,4.469466,2.010605
AFDN-DT,3.722542,2.3416703
AFF2-IT1,-4.2107024,4.1623006
AFF4-DT,-3.4180896,4.3911953
AFTPH-DT,2.307273,1.7412155
AGA-DT,3.135213,2.9643207
AGAP1-IT1,-0.017266309,4.067384
AGAP2-AS1,3.988755,1.5469558
AGBL1-AS1,1.9567804,4.881936
AGBL4-AS1,-5.8278027,4.0540376
AGBL4-IT1,-3.8630178,2.9775357
AGBL5-AS1,-4.1428585,4.795457
AGBL5-IT1,-0.5809044,3.6742716
AGK-DT,-2.5431645,4.2014318
AHI1-DT,4.2726083,3.3417544
AIRN,-0.68086666,2.2939174
AJUBA-DT,1.644391,2.4846087
AKAP1-DT,4.3733196,2.5922787
AKAP13-AS1,-1.0042933,2.3772984
AKT3-IT1,-1.5523793,2.5096903
ALDH1A2-AS1,-4.85765,5.3253818
ALDH1A3-AS1,4.267148,1.7402753
ALDH1L1-AS1,-4.533185,5.2722216
ALDH1L1-AS2,-3.2576551,5.5255027
ALG13-AS1,-0.68870205,2.5718596
ALG14-AS1,-2.3037453,3.3239703
ALG9-IT1,-2.1988063,2.6892457
ALKBH3-AS1,2.2585416,2.739214
ALMS1-IT1,3.4127252,2.4080307
ALOX12-AS1,5.5206323,2.4336953
AMMECR1-IT1,-1.9523389,2.5974379
ANK2-AS1,1.3882324,3.3544645
ANK3-DT,-3.371607,5.1034536
ANKH-DT,-1.7949141,4.5357237
ANKHD1-DT,3.8453734,1.5527536
ANKRD10-IT1,4.9968796,2.0375595
ANKRD17-DT,1.0315888,3.0269258
ANKRD33B-AS1,-1.6550945,3.1288314
ANKRD34C-AS1,3.3464942,3.276877
ANKRD42-DT,5.127757,2.360749
ANKRD44-AS1,-0.2609212,1.4637597
ANKRD44-DT,-1.7038817,1.7055933
ANKRD44-IT1,-0.06365529,1.9466772
ANKRD62P1-PARP4P3,-5.302986,3.448852
ANKRD65-AS1,-2.851012,4.3240485
ANO1-AS1,-5.6179605,4.483202
ANO3-AS1,-4.3007603,3.006043
ANXA2R-AS1,5.478291,2.6640248
ANXA2R-OT1,5.64246,2.5457685
AOAH-IT1,-0.797363,1.4627978
AOX3P-AOX2P,-5.1845803,4.210506
AP1AR-DT,3.2150846,1.7632974
AP1G2-AS1,5.3554416,2.0128124
AP4B1-AS1,3.7567313,2.2656434
APCDD1L-DT,3.5743763,2.647068
APOA1-AS,1.1996702,2.6609008
APOBEC3B-AS1,-1.1610153,2.5057735
APP-DT,4.2383804,2.8520494
APPBP2-DT,2.278875,2.0223649
APRG1,4.4932265,3.3162441
APTR,5.711085,2.426893
AQP4-AS1,3.1588356,3.5562465
AQP5-AS1,-3.7715573,5.3511863
ARAP1-AS1,1.7412153,1.8299006
ARAP1-AS2,3.273964,2.2351806
ARF4-AS1,2.7364087,1.8841345
ARFGEF1-DT,2.272019,2.0809493
ARHGAP11B-DT,2.1462564,2.1120715
ARHGAP15-AS1,-1.1329842,2.0060847
ARHGAP22-IT1,-4.883689,2.2046301
ARHGAP26-AS1,-1.6195111,2.2001994
ARHGAP26-IT1,-1.6224725,2.1250513
ARHGAP27P1-BPTFP1-KPNA2P3,5.4085402,1.9901818
ARHGAP28-AS1,-2.3744032,4.6995363
ARHGAP29-AS1,-0.034572363,3.78464
ARHGAP31-AS1,0.7918309,2.7093625
ARHGAP42-AS1,-1.2052104,4.5574183
ARHGAP44-AS1,0.71073616,4.4487443
ARHGAP5-AS1,4.020229,1.487902
ARHGEF17-AS1,1.2701066,2.693939
ARHGEF18-AS1,-1.3762505,3.7121377
ARHGEF19-AS1,-0.30911615,5.477271
ARHGEF2-AS1,-3.0528963,5.340063
ARHGEF2-AS2,3.3967042,2.085971
ARHGEF26-AS1,4.0469556,3.3689096
ARHGEF3-AS1,-2.3687656,2.8932335
ARHGEF35-AS1,5.685808,2.473671
ARHGEF38-IT1,-4.134434,4.4909744
ARHGEF4-AS1,-0.967299,4.780755
ARHGEF7-AS1,-3.1118994,3.807828
ARHGEF7-AS2,-2.7967343,3.9558039
ARHGEF7-IT1,-2.9236944,3.8372493
ARHGEF9-IT1,-2.2794473,2.8190355
ARIH2OS,4.0926013,1.7579861
ARL14EP-DT,-5.869132,5.4146996
ARLNC1,3.2447402,4.236928
ARMC2-AS1,-2.579533,4.1317844
ARMCX3-AS1,-2.0652256,4.7270784
ARMCX5-GPRASP2,5.116895,2.0402625
ARNILA,2.9046023,2.8718774
ARNT2-DT,3.6315086,2.5018573
ARNTL2-AS1,-3.3207147,3.5898347
ARPP21-AS1,-3.675952,2.6611326
ARRDC1-AS1,5.8487983,2.3121572
ARRDC3-AS1,4.653887,3.0382783
ARSD-AS1,-1.2510333,4.1552143
ASAH1-AS1,3.9515316,2.6074402
ASAP1-IT2,2.190192,3.682544
ASB15-AS1,-3.390305,3.650796
ASB16-AS1,5.8403826,2.4334886
ASH1L-AS1,4.4202456,1.7123059
ASH1L-IT1,-2.0368946,2.8038282
ASIC4-AS1,-4.3873587,4.162178
ASMTL-AS1,4.8271084,1.765401
ASTN2-AS1,-2.932315,2.550197
ASXL3-DT,0.09447698,4.174534
ATF6-DT,3.1384861,1.4814371
ATG10-AS1,-1.8576765,2.4482195
ATG10-IT1,-0.78524494,2.6306975
ATOX1-AS1,-0.32252637,3.7289364
ATP10A-DT,-5.435441,2.9942932
ATP11A-AS1,1.0253801,3.3540099
ATP11AUN,-5.71543,4.4289093
ATP11B-DT,0.07844217,3.052079
ATP13A3-DT,5.527471,2.8590062
ATP13A4-AS1,-3.484692,2.6482534
ATP13A5-AS1,-3.608794,3.537195
ATP1A1-AS1,5.6855655,2.6065946
ATP1B3-AS1,1.7217375,2.7890885
ATP2A1-AS1,3.9624834,1.5648491
ATP2B1-AS1,4.695031,2.2148802
ATP2B2-IT1,-4.584054,2.356944
ATP2B2-IT2,-3.7650197,2.93702
ATP2C2-AS1,2.9400384,1.7770404
ATP6AP1-DT,4.096071,1.5173576
ATP6V0D1-DT,4.849652,2.5501568
ATP6V0E2-AS1,3.9906003,1.660227
ATP6V1B1-AS1,-1.15866,4.738706
ATP8A1-DT,-4.732544,3.60011
ATP8B1-AS1,4.6033216,2.0606523
ATXN1-AS1,3.8951495,1.700821
ATXN2-AS,0.19536902,3.853078
ATXN7L3-AS1,2.7553892,1.6671187
ATXN8OS,2.3289149,3.3177009
AVPR1B-DT,-4.6230893,4.4231925
B3GALT1-AS1,-4.6121383,5.7716556
B3GALT5-AS1,3.4976032,2.916167
B3GAT1-DT,2.2368636,2.5607414
B4GALT1-AS1,3.6917071,2.884713
B4GALT4-AS1,-2.227985,2.5309064
B4GAT1-DT,4.3424287,2.3701036
BAALC-AS1,4.838357,2.2623465
BAALC-AS2,-3.6369443,3.6787207
BACE1-AS,5.506305,2.3290117
BACE2-IT1,-5.5234165,4.714888
BACH1-AS1,1.4355593,3.973042
BACH1-IT1,2.216895,2.6984584
BACH1-IT2,1.8201742,2.5976198
BACH1-IT3,-1.8789762,2.3896923
BAIAP2-DT,5.7366343,2.2196205
BALR6,-3.126546,3.9711199
BANCR,-3.5374336,3.6749973
BARX1-DT,-4.0725317,3.7086723
BASP1-AS1,5.107787,3.2115483
BAZ1A-AS1,4.5353055,1.7517077
BAZ2B-AS1,4.5656495,1.9031992
BBOX1-AS1,2.6631348,1.965492
BBS7-DT,4.5954666,3.5689847
BCAN-AS1,3.0412824,1.643479
BCAR3-AS1,2.7573729,2.3201306
BCAR4,-6.1074076,5.8900433
BCDIN3D-AS1,5.0383434,2.6166284
BCL10-AS1,5.141704,3.4406052
BCL2L1-AS1,-0.62383884,2.4845684
BCRP3,0.35247537,2.9386394
BDNF-AS,4.811769,2.3463166
BEAN1-AS1,0.3853421,2.2751124
BEND7-DT,-4.351707,3.532854
BET1-AS1,0.7573424,2.6020963
BFSP2-AS1,-0.6987473,3.0140128
BGLT3,-4.792186,5.5544596
BHLHE22-AS1,-5.362538,4.95036
BHLHE40-AS1,4.2647886,2.992162
BICD1-AS1,-1.1617806,3.0996926
BICRA-AS1,-1.0103629,2.5446692
BIRC6-AS1,-0.8282734,2.5608876
BISPR,4.776945,2.191453
BLACE,-0.59855783,2.7151494
BMF-AS1,-5.199029,4.8817415
BMP2K-DT,1.9209149,4.06072
BMP7-AS1,-3.5775347,3.3958187
BMP8B-AS1,1.439406,3.5979846
BMPR1B-DT,-5.4358277,5.546094
BMS1P14,-0.9562583,2.9019623
BMS1P4-AGAP5,3.7079046,2.0116062
BNC2-AS1,-2.3862376,4.817006
BOK-AS1,-1.743678,4.917862
BOLA3-DT,5.073355,2.11362
BPESC1,2.5784116,4.742096
BRINP3-DT,-2.6160316,3.9014904
BRPF3-AS1,3.732341,2.4970922
BRWD1-AS1,-1.6084242,4.187761
BRWD1-AS2,2.5371623,1.892852
BRWD1-IT1,-2.4569995,2.6343627
BSG-AS1,4.0899296,1.6294888
BSN-AS1,-0.97772604,3.2092986
BSN-DT,2.0079696,3.8191288
BTBD3-AS1,1.7330133,2.9420125
BTBD9-AS1,-1.5704789,2.4573584
BTF3-DT,2.688781,1.6490811
BTG1-DT,4.612849,2.1664953
BTG2-DT,1.9748728,3.3574839
BTG3-AS1,3.7337935,1.767521
BUD13-DT,-5.459321,4.6899376
BVES-AS1,2.8063421,2.0871897
BZW1-AS1,-0.5593489,4.5772433
C10orf55,3.3634646,1.7096982
C10orf67-AS1,-3.795942,4.008584
C10orf71-AS1,-3.367901,3.7651117
C10orf95-AS1,6.003243,2.7303288
C11orf40,-6.1465483,5.923699
C12orf75-AS1,1.1787829,2.8865297
C14orf178,-3.2519903,1.5535265
C15orf32,-4.6624813,2.8496325
C16orf95-DT,1.9689904,1.8996665
C1QTNF1-AS1,-0.3960332,4.051095
C1QTNF7-AS1,-0.8564666,2.5175595
C1QTNF9-AS1,-5.44699,4.6487727
C1RL-AS1,5.0662727,2.0271459
C1orf147,1.4316586,1.7702587
C1orf167-AS1,1.3202213,4.427519
C1orf21-DT,-0.18051028,4.0028796
C1orf220,3.858578,2.3099782
C1orf50-AS1,-3.5051532,2.2847254
C2-AS1,-0.09428724,2.9839056
C21orf62-AS1,5.290084,3.1200294
C21orf91-OT1,-2.6034315,2.4912012
C2CD4D-AS1,1.7964137,1.8811936
C2CD5-AS1,0.15687029,2.9294345
C2orf27A,5.2308383,2.0356622
C2orf49-DT,4.895739,1.8865323
C2orf74-DT,5.7534566,2.6410873
C3orf36,-3.722498,1.9582477
C4A-AS1,1.8041383,1.9903555
C4B,4.6985846,1.8192611
C4B-AS1,-3.6870475,6.0292244
C5orf34-AS1,2.4511886,2.2656112
C5orf38,0.5045728,3.5830653
C5orf60,1.1358075,4.3177366
C5orf64,4.3117895,3.4005456
C5orf64-AS1,-6.187429,3.9163547
C5orf67,-1.2224228,1.3382733
C6orf223,3.607708,1.8738731
C6orf47-AS1,-2.6979654,4.9844646
C7orf77,-4.296497,2.4984918
C8orf34-AS1,3.6046875,3.4504197
C8orf44,4.9763274,2.2179906
C8orf86,0.6639867,4.4941816
C9orf163,2.9267669,1.662649
C9orf92,-5.6595535,5.145735
CA3-AS1,2.0369492,2.3846347
CABIN1,6.131898,2.4730668
CABP1-DT,1.3372161,3.12218
CABP7-DT,-4.2368526,4.68518
CACNA1C-AS1,-0.18267317,1.7505751
CACNA1C-AS2,-0.22037168,1.7178032
CACNA1C-AS3,-6.366859,4.3856187
CACNA1C-AS4,-3.0933175,2.7865212
CACNA1C-IT1,-6.08738,4.6807094
CACNA1C-IT3,-3.0842464,2.8056922
CACNA1G-AS1,-1.9700415,4.200613
CACNA2D1-AS1,4.231931,3.369316
CACNA2D3-AS1,-3.225065,2.7343633
CACNG2-DT,-2.8143828,3.7408717
CACTIN-AS1,3.1504471,1.7257535
CADM1-AS1,-3.158287,2.6206636
CADM2-AS1,0.8216105,3.1858127
CADM2-AS2,-2.4356859,2.6366768
CADM3-AS1,-2.1656344,3.9437406
CAHM,2.7691953,1.7693833
CALCRL-AS1,2.9952505,2.1846159
CALHM6-AS1,-2.371046,6.1917205
CALML3-AS1,2.657101,2.9782665
CAMK2G-AS1,-1.6771903,1.7272236
CAMSAP1-DT,3.857286,1.7251345
CAMTA1-AS1,-5.4042706,4.256227
CAMTA1-AS2,-4.654148,2.3129811
CAMTA1-DT,1.472615,2.3584273
CAMTA1-IT1,-4.5146756,4.964846
CAMTA2-AS1,1.717894,2.0054193
CAPN1-AS1,4.5569267,1.8327684
CAPN10-DT,5.148869,2.2877576
CAPN15,5.8634386,2.2622154
CAPS2-AS1,-4.7302227,5.320116
CARD11-AS1,-1.0267086,1.5652593
CARD8-AS1,4.6681695,2.0226812
CARHSP1-DT,-4.494745,5.5195866
CARMAL,1.6495696,3.1388133
CARMN,4.8385715,3.1476288
CARNMT1-AS1,-0.23070824,2.943639
CARS1-AS1,0.1224626,2.6915727
CASC11,-0.026811412,3.7533534
CASC15,5.7341666,3.1462648
CASC16,-6.513736,4.6420517
CASC17,-1.3490497,2.9557548
CASC18,-3.156744,4.6514525
CASC19,5.1040688,2.8779602
CASC2,4.1980934,2.4850917
CASC20,-5.4639325,2.998822
CASC22,-5.097372,2.86463
CASC23,-5.1807814,5.725593
CASC6,0.049592957,3.071432
CASC8,-1.9887341,5.1164722
CASC9,3.0738878,2.573418
CASK-AS1,-2.9444854,4.350127
CATIP-AS1,-0.45110887,1.5049887
CATIP-AS2,-4.475974,4.7582746
CAVIN2-AS1,-1.0444285,2.809724
CBARP-DT,-0.9432426,4.314341
CBLL1-AS1,4.509442,1.7054656
CBR1-AS1,2.0227869,1.6404395
CBR3-AS1,5.7685566,3.15403
CBR4-DT,-5.1962233,5.4342756
CCAT2,-3.251218,3.6981745
CCDC13-AS1,0.37785536,3.0321562
CCDC13-AS2,-0.39549804,1.3667471
CCDC140,-4.032276,4.297622
CCDC144NL-AS1,4.874368,2.7442367
CCDC148-AS1,-6.122864,3.969893
CCDC15-DT,3.267136,1.8607172
CCDC18-AS1,6.062894,2.9758563
CCDC183-AS1,4.542368,1.7237749
CCDC197,-4.323459,2.3156724
CCDC26,5.8947444,3.154298
CCDC28A-AS1,2.8458061,1.7590392
CCDC39-AS1,-4.4227533,4.8696394
CCDC54-AS1,-2.599866,3.5096312
CCDC88C-DT,-1.6343367,5.0898466
CCDC90B-AS1,4.581893,2.9668312
CCL3-AS1,-0.9582086,1.640446
CCN2-AS1,-2.2828891,4.572494
CCND2-AS1,2.0439737,2.7069514
CCNO-DT,-0.5560414,4.201576
CCNT2-AS1,5.0336866,2.1079733
CCNY-AS1,4.588683,2.5781748
CCR5AS,1.416265,1.746504
CD101-AS1,1.4343315,2.2920027
CD109-AS1,1.3579996,2.7909095
CD200R1L-AS1,-3.7802384,5.3559546
CD27-AS1,5.5465574,2.3919969
CD2AP-DT,2.6127312,1.6685098
CD2BP2-DT,4.529213,1.7118027
CD300LD-AS1,1.846015,3.1206458
CD44-AS1,2.395572,3.1455548
CD44-DT,0.7475739,2.2331042
CD63-AS1,5.1440854,1.901234
CD81-AS1,0.9400227,2.734221
CDC20-DT,2.1500132,1.8936088
CDC37L1-DT,2.57644,1.8368634
CDC42-AS1,3.8202784,1.9598765
CDC42-IT1,-0.58911866,2.7866213
CDH13-AS1,-6.088945,4.1412487
CDH18-AS1,-5.6202655,3.1738062
CDH23-AS1,-3.8791687,4.4043555
CDH3-AS1,1.5959362,2.6729999
CDH8-AS1,-2.8887944,3.4156246
CDK13-DT,3.123692,1.9384798
CDK5R2-AS1,-3.3134732,4.1359324
CDK6-AS1,0.102037005,3.957453
CDKN2A-DT,-1.5303727,5.1573815
CDKN2B-AS1,5.336967,2.8443394
CDR1,-3.3502882,1.6288661
CDR2-DT,1.0387818,4.308037
CDRT15P3,-3.6825025,1.935212
CDRT7,-5.9490466,3.3956707
CDRT8,-4.9371867,2.513237
CDYL-AS1,-5.4005504,4.9853716
CEACAM16-AS1,2.876771,1.7850386
CEBPA-DT,3.2097826,1.6346354
CEBPB-AS1,4.8155775,2.833351
CECR3,-4.738616,5.731381
CELF2-AS1,0.9633138,1.6070654
CELF2-AS2,-2.8650951,2.5222588
CELF2-DT,2.9760647,3.91903
CENATAC-DT,4.2387834,1.8523058
CENPN-AS1,3.523805,3.4477136
CEP192-DT,-0.32927114,3.8372393
CEP250-AS1,0.5118251,1.4741005
CEP72-DT,-2.0500352,4.6262865
CEP83-DT,2.6287217,1.6493807
CERNA1,2.1708121,2.0090065
CERNA2,3.4467967,2.457505
CERNA3,-1.5181068,4.4258246
CEROX1,4.433782,1.8184189
CERS3-AS1,-3.553045,4.609539
CERS6-AS1,4.1339974,2.2162793
CFAP100-DT,-4.9000587,2.1724632
CFAP20DC-AS1,-2.438994,2.6268957
CFAP20DC-DT,0.51232374,4.504438
CFAP418-AS1,3.0172896,2.1811008
CFAP44-AS1,-5.7619953,2.7776656
CFAP58-DT,1.0764917,1.8946811
CFAP61-AS1,-4.269487,3.9190907
CFAP95-DT,-5.9242063,4.659031
CFLAR-AS1,4.2651043,3.1908333
CFTR-AS1,-5.3334684,4.713174
CHASERR,6.3841443,2.8811982
CHD1-DT,4.916711,2.4147956
CHFR-DT,-0.4907728,4.211518
CHKA-DT,-0.35517648,4.055741
CHKB-DT,4.548172,1.8550135
CHL1-AS1,-3.5951395,2.781232
CHL1-AS2,-2.8020043,3.766467
CHMP1B-AS1,4.8504133,1.9490786
CHMP3-AS1,3.8420327,2.3243434
CHN2-AS1,-1.6636095,2.4371102
CHODL-AS1,-5.4194503,2.9081297
CHRM3-AS1,-3.8044257,3.1897323
CHRM3-AS2,0.56431365,1.475929
CHROMR,6.040641,2.7427244
CHUK-DT,1.6556103,2.509447
CIBAR1-DT,-0.1933173,3.969721
CIRBP-AS1,4.404162,1.8220109
CISTR,-3.7893922,3.2735772
CKAP2-DT,2.5166936,1.7466999
CKMT2-AS1,5.597057,2.5488446
CLASP1-AS1,-0.15406884,3.8144574
CLCA4-AS1,4.8915796,3.210001
CLDN10-AS1,-4.4458385,4.338374
CLDN14-AS1,-2.3893797,4.8520284
CLEC12A-AS1,3.5720654,2.332477
CLIP1-AS1,0.06116148,2.7792604
CLLU1,1.2432078,3.2983704
CLLU1-AS1,-3.880123,3.849975
CLMAT3,1.4151824,2.6488032
CLN8-AS1,5.670701,2.286518
CLRN1-AS1,0.20925039,4.031448
CLSTN2-AS1,-3.7787855,2.9817858
CLYBL-AS1,-5.187221,4.6312346
CLYBL-AS2,-5.3471656,4.0650835
CMKLR2-AS,1.3569257,4.314261
CNIH3-AS1,-4.5302105,3.7241426
CNIH3-AS2,4.3137627,3.1019742
CNN3-DT,4.371828,1.6120762
CNNM3-DT,1.1281317,2.5395002
CNOT10-AS1,-2.0053196,2.636387
CNPY2-AS1,5.1890397,2.2674088
CNTFR-AS1,-2.3915675,3.7864366
CNTN4-AS1,-2.4268055,6.1717777
CNTN4-AS2,-6.5305033,4.6298885
CNTNAP2-AS1,0.2244719,4.554614
CNTNAP5-DT,-2.6417875,3.56802
COA6-AS1,4.15144,1.6681578
COL18A1-AS1,-2.3518143,2.676467
COL18A1-AS2,-2.39545,2.7569935
COL25A1-DT,-4.7856836,3.025521
COL4A2-AS1,-2.1185024,4.589825
COL4A2-AS2,-3.3979194,1.735549
COL5A1-AS1,-3.408881,1.7482146
COL6A2-DT,-3.0127754,4.6854014
COLCA1,4.686238,2.939091
COMETT,-3.6567664,4.6044645
COP1-DT,2.5985558,2.8103733
COPB2-DT,5.019251,2.3046458
COPDA1,-0.98396873,1.5327461
COPG2IT1,3.9377272,2.180501
COPS8-DT,5.1622057,2.9044492
COQ7-DT,-0.35820335,4.265766
CORO1A-AS1,1.1974912,1.38382
COSMOC,1.2797352,2.5748901
COX10-DT,6.0436664,2.6482804
CPB2-AS1,4.615581,2.8297257
CPEB1-AS1,2.7296672,3.9971812
CPEB2-DT,0.7527104,2.9905174
CPLANE1-AS1,2.932364,2.7764099
CPNE2-DT,-4.5115805,4.6556954
CPNE8-AS1,0.111926466,3.7780733
CPS1-IT1,-4.0765023,4.826488
CPVL-AS1,-1.6653374,1.7953974
CPVL-AS2,0.8908559,3.1172593
CREB3L2-AS1,-3.2256477,1.605792
CRIM1-DT,3.2575474,1.555726
CRMA,1.0790365,2.9206593
CRNDE,5.7333198,2.3737955
CRPPA-AS1,-1.6155882,3.2277555
CRTC3-AS1,2.1053495,2.507862
CRYZL2P-SEC16B,3.0476408,1.8065143
CSE1L-DT,-1.2380111,4.0115104
CSGALNACT2-DT,3.3460839,2.2750213
CSMD2-AS1,-4.628442,2.2872038
CSNK1G2-AS1,0.9082802,2.3286123
CSPG4P1Y,-4.00994,2.210918
CSPG4P2Y,-3.9783795,2.18513
CSRP1-AS1,3.1547933,1.7376559
CSRP3-AS1,-3.8788767,5.293198
CSTF3-DT,2.5834265,3.7344716
CT62,-2.6949487,5.045369
CT66,-1.5164974,4.075203
CT69,1.5813925,4.0501575
CT70,2.1072068,2.5805256
CTBP1-AS,4.6776505,2.045842
CTBP1-DT,5.8949776,2.3233275
CTCF-DT,1.7855979,2.4230118
CTDP1-DT,-6.1338797,5.859473
CTDSPL2-DT,-1.2810959,3.7890363
CTNNA1-AS1,-0.7435091,4.5583754
CTNNA2-AS1,-2.7192996,3.7776232
CTNS-AS1,3.5317352,1.7370627
CTTN-DT,3.8613129,2.390453
CTXN2-AS1,-2.754225,3.4995177
CXXC4-AS1,1.8620777,4.1049976
CXXC5-AS1,-1.246942,3.0847838
CYLD-AS1,3.6713147,2.3585372
CYMP-AS1,-3.839169,4.4905486
CYP1B1-AS1,4.9157104,2.8685772
CYP26C1-DT,-4.8414664,2.5224204
CYP2U1-AS1,3.9450111,3.0218894
CYP4A22-AS1,3.71785,3.491001
CYP4F26P,2.7065184,1.74304
CYP51A1-AS1,0.6992623,3.6726115
CYTOR,6.101249,2.7299483
CYYR1-AS1,3.8902173,3.4669957
CZIB-DT,3.9389477,3.56469
DAAM2-AS1,0.7733019,3.156776
DAB1-AS1,-2.9376154,2.7035658
DACT3-AS1,3.1370955,2.058087
DANCR,6.359863,2.865013
DANT1,0.70881736,2.930008
DANT2,5.0552096,2.8114312
DAOA-AS1,-5.632818,2.9231548
DAP-DT,-1.8427304,4.2255883
DAPK1-IT1,-1.7210295,2.5737007
DARS1-AS1,4.6860642,2.9124622
DAXX,6.252745,2.7310565
DBET,1.1522281,2.9448755
DBH-AS1,2.339104,1.9024132
DBX2-AS1,-4.768691,4.6622963
DCAF8-DT,3.7285025,1.860731
DCHS1-AS1,-0.5809534,3.6291575
DCST1-AS1,2.8618999,1.534692
DCTN1-AS1,2.1730807,3.1356153
DCTN6-DT,3.184677,4.4403186
DCUN1D2-AS,0.34328163,2.9732058
DCXR-DT,1.378348,2.8743918
DDC-AS1,-4.197716,2.3058963
DDHD1-DT,-1.5645065,2.093506
DDIT4L-AS1,-4.4263587,4.6940403
DDN-AS1,3.8500447,2.1251137
DDR1-DT,4.393922,3.4482145
DDX11-AS1,3.2556396,1.7399536
DDX19A-DT,3.2677884,1.8693584
DDX39B-AS1,-1.2791059,3.3414729
DDX3ILA1,0.32700068,3.2961802
DDX59-AS1,1.2230418,4.2835755
DELEC1,4.17556,3.3770633
DENND2B-AS1,-2.44229,2.733723
DENND3-AS1,4.4630995,1.981724
DENND5B-AS1,-0.61337465,4.0033674
DENND6A-AS1,-1.992161,2.6822932
DENND6A-DT,1.9782686,4.1575594
DEPDC1-AS1,-0.9105461,4.6601367
DEPTOR-AS1,0.88545674,3.7307088
DGAT2-DT,-5.0504346,2.6289046
DGCR11,4.6212997,1.8383594
DGCR5,4.918509,2.6776452
DGUOK-AS1,4.1020203,1.7685555
DHCR24-DT,-0.27799368,4.3395133
DHDDS-AS1,2.7757564,2.6489167
DHRS4-AS1,6.1651797,2.6842086
DHRSX-IT1,-0.5849492,4.5336347
DHX33-DT,-5.416398,4.4787884
DHX35-DT,-2.361043,4.7609854
DHX9-AS1,3.7371867,2.4953446
DIAPH1-AS1,-0.41321892,2.373312
DIAPH2-AS1,1.9869153,3.13362
DIAPH3-AS1,-4.804174,3.2939358
DIAPH3-AS2,-4.367983,3.3550406
DICER1-AS1,5.3520694,2.8227777
DINOL,-0.86715555,4.0757003
DIO2-AS1,-2.3204422,2.8324485
DIO3OS,2.340578,2.057922
DIP2A-IT1,-0.50530773,2.662858
DIP2C-AS1,2.2160664,2.7108252
DIRC1,-3.7584817,4.4337564
DIRC3,2.9514997,2.5458841
DIRC3-AS1,3.5752797,3.3240845
DIS3L-AS1,-4.7502227,3.4323473
DISC1-IT1,3.7146204,3.5486352
DISC1FP1,-1.1463428,3.5893419
DLEU1,6.0904355,2.7556434
DLEU2,6.044694,2.8772721
DLEU2L,2.9013228,2.554715
DLG1-AS1,-1.3540505,5.0350456
DLG2-AS2,-3.337631,2.6396267
DLG3-AS1,-2.5838523,5.058717
DLG5-AS1,3.4123926,2.8241515
DLGAP1-AS1,4.795605,1.9822954
DLGAP1-AS2,5.124271,2.687979
DLGAP1-AS3,2.0073018,3.4567873
DLGAP1-AS4,1.375545,4.158206
DLGAP1-AS5,0.52760154,2.9975128
DLGAP2-AS1,-4.438871,3.1409545
DLGAP4-AS1,2.661112,2.4321272
DLX2-DT,-1.4665611,5.1326156
DLX6-AS1,4.0262403,3.188169
DM1-AS,2.3072453,1.9279362
DMD-AS3,-3.7291324,3.21651
DMTF1-AS1,2.7699053,1.5316527
DMXL1-DT,1.6080419,3.5676446
DNAAF3-AS1,-2.4350832,4.986187
DNAAF4-CCPG1,0.34638637,2.9970875
DNAH10OS,4.2463956,2.307296
DNAH17-AS1,2.8836598,3.659794
DNAH8-AS1,-4.9750977,3.3585725
DNAH8-DT,-4.066535,4.312805
DNAJA2-DT,2.4976363,2.2500951
DNAJA4-DT,-2.0337098,3.0742183
DNAJB5-DT,-2.885956,3.8940232
DNAJB8-AS1,-4.897207,2.3476386
DNAJC27-AS1,4.351558,2.7263432
DNAJC3-DT,4.9087453,2.034239
DNAJC9-AS1,3.7095516,2.845221
DNM1P35,3.3797438,2.226609
DNM3-IT1,-4.3430867,2.6297243
DNM3OS,1.1354903,2.7635086
DNMBP-AS1,2.9578686,3.4039638
DNMT3L-AS1,-3.670491,5.841465
DNPEP-AS1,-0.85408187,4.4985504
DOCK4-AS1,-0.86853826,2.415595
DOCK7-DT,0.4603213,3.48076
DOCK8-AS1,2.232414,1.933201
DOCK8-AS2,0.42347708,1.436684
DOCK9-AS1,-2.8081563,2.7489653
DOCK9-DT,1.9495189,1.9516822
DPH1-AS1,-0.49234548,3.7107801
DPH5-DT,5.4537196,2.225141
DPH6-DT,0.029231096,3.6842923
DPP10-AS1,-2.4172022,3.6769161
DPP10-AS2,-3.4623158,2.6119075
DPP10-AS3,-3.3643856,2.6874301
DPP3-DT,4.911849,1.9020075
DPP4-DT,0.46087736,2.5913053
DPP9-AS1,3.5923116,2.1020188
DPY19L3-DT,2.954729,1.7819934
DPYD-AS1,0.11562374,2.5863013
DPYD-AS2,-1.3843659,2.0993898
DPYD-IT1,-0.8590453,2.4102383
DRAIC,4.2991543,3.269339
DSCAM-AS1,-3.3580735,4.9505215
DSCAM-IT1,-3.449396,2.6393528
DSCAS,-2.5979567,4.184904
DSCR10,-4.785672,5.640691
DSCR4,-4.75597,5.6003313
DSCR4-IT1,-4.703399,5.5203524
DSCR8,-4.7716026,5.58382
DSCR9,1.3829062,2.815535
DSEL-AS1,-5.0664163,3.4179437
DSG1-AS1,-3.621039,4.3161244
DSG2-AS1,-1.5033678,4.946612
DSP-AS1,2.233098,2.0821135
DST-AS1,-0.9192814,4.3663096
DTD1-AS1,-0.62832093,2.4806147
DTNB-AS1,-1.7464103,1.6595733
DTX2P1-UPK3BP1-PMS2P11,5.7251525,2.1878572
DUBR,5.3473983,2.233985
DUSP5-DT,2.6006372,2.312731
DUT-AS1,4.711698,2.2536383
DUXAP8,5.1926665,2.1641202
DYM-AS1,-4.0074577,3.926921
DYNC1LI2-DT,3.436208,3.2087255
DYNLL2-DT,1.4720695,4.0607743
DYNLRB2-AS1,2.078709,3.6314578
DYRK3-AS1,-0.39591974,4.254936
E2F3-IT1,-0.92920893,2.4854436
E2F5-DT,1.078718,4.169618
EAF1-AS1,2.8702402,3.8292968
EBLN3P,6.340342,2.855554
ECE1-AS1,1.4266185,1.6501755
ECI1-AS1,4.0637136,2.9569805
ECI2-DT,0.93383825,2.8823516
EDIL3-DT,4.369032,3.2651458
EDNRB-AS1,1.2009927,4.1711917
EDRF1-AS1,2.771767,2.46648
EDRF1-DT,2.955862,1.6161023
EEF1A1-AS1,-0.51560086,4.395355
EFCAB13-DT,0.032340255,3.767852
EFCAB14-AS1,-4.83646,3.0630996
EFCAB6-AS1,4.7785745,3.5677922
EFCAB6-DT,0.94592357,3.0425684
EFHD2-AS1,3.327065,3.773214
EGFLAM-AS1,-4.8900623,5.0448813
EGFLAM-AS2,-2.0474515,2.982629
EGFLAM-AS3,-4.6335077,3.673179
EGFLAM-AS4,-4.57608,3.2663767
EGFR-AS1,2.4300828,2.7147665
EGILA,-3.2207358,5.7340636
EGLN3-AS1,-4.2255287,5.346135
EGOT,-0.8249069,2.5764163
EHBP1-AS1,3.1932337,1.8086575
EHD4-AS1,0.39370212,2.8933642
EHHADH-AS1,-6.147062,3.7483706
EHMT2-AS1,1.849339,1.9388769
EIF1AX-AS1,-0.38052514,2.801649
EIF1B-AS1,5.646184,3.2215486
EIF2AK3-DT,4.5565825,1.9184431
EIF2B5-DT,-0.13018747,4.0886974
EIF3J-DT,5.6406755,2.3977816
EIF5-DT,2.2547047,2.2329183
EIPR1-IT1,-1.4478673,3.417149
ELAVL4-AS1,-3.8546863,5.8956237
ELDR,-1.6107376,5.062945
ELF3-AS1,5.35726,2.5590475
ELFN1-AS1,-0.43489626,4.105322
ELMO1-AS1,-1.8221397,2.2771268
ELN-AS1,1.3668604,2.5507214
ELOA-AS1,4.832066,2.5867455
ELOVL2-AS1,1.2086512,3.2549322
EMC1-AS1,2.9511232,1.810975
EML2-AS1,2.4909725,1.8293453
EML4-AS1,-0.5513349,2.0161526
EML6-AS1,-3.4357536,2.5875726
EMSLR,4.7598057,2.5079951
EMSY-DT,4.9891386,1.9433072
EMX2OS,3.7775764,3.0665236
EN2-DT,-4.010804,4.431676
ENO1-AS1,-0.18348329,4.2946806
ENOX1-AS1,-1.9645002,2.876858
ENOX1-AS2,-5.8268566,4.1745276
AC000111.6,-4.2493825,4.4463015
XXBAC-B461K10.4,5.345591,1.9583997
AC105760.3,-2.2215514,2.7258086
RP11-798G7.5,-3.1344683,1.54972
RP11-445H22.5,-0.36714232,1.838215
RP11-809H16.2,-4.5574574,4.478829
AC062028.1,1.6297892,3.8838093
ENSG00000145075,-2.5993798,3.6665034
RP11-96C23.13,3.3811727,2.9199638
RP11-93B14.6,-0.08805934,3.1507077
RP11-89N17.1,-3.3942676,1.7134235
RP11-23P13.6,1.0989561,1.5544493
RP11-276H1.3,1.1679068,3.6647885
RP11-404O13.5,3.2959344,3.9814115
AC110781.3,0.28545704,2.3874137
RP5-856G1.2,-4.614671,2.345059
CTD-2368P22.1,5.520193,2.7159364
RP11-334J6.7,-0.18907516,5.2969093
AP000679.2,0.4633266,3.162704
FLJ13224,0.09578105,2.75796
FLJ40194,2.7033587,3.853223
RP11-512C24.3,0.87884206,2.936217
RP11-16K12.1,-0.81705517,3.523364
CTD-2530N21.5,-0.9107426,2.9102097
RP11-998D10.4,-3.9521587,4.5524898
RP11-363G10.2,-4.280853,2.3422089
CTD-2527I21.15,1.8819721,2.6481469
RP11-429E11.3,-0.6538855,1.6599879
KB-1552D7.2,-1.5437833,3.1843798
CTD-2144E22.5,-5.3182807,3.9548244
CTD-3064H18.4,2.1441805,2.9882379
RP4-539M6.14,-3.787292,5.366035
RP5-1142A6.8,1.0524336,2.6076498
RP11-114H20.1,-4.30482,2.3744397
RP11-863K10.7,2.833714,2.3803277
AC005037.3,1.4055192,4.2533073
FLJ40288,-5.433706,2.6928952
CTC-343N3.1,2.3277845,2.86723
AP001062.7,4.88216,1.7555201
RP13-786C16.1,-4.020653,3.4041958
CTD-2600O9.1,-2.8515902,5.478643
RP11-161I2.1,-1.8921947,2.4261715
AC097382.5,1.3165965,4.3876743
RP5-1086D14.6,4.81738,2.2239742
PP7080,5.47256,2.0787525
AC092171.2,0.58477885,2.706232
AC010969.1,-3.6887374,3.9389067
AC069277.2,3.6231918,3.486236
RP11-797H7.5,-2.558129,4.2752705
RP11-57C13.3,0.9806051,4.5422945
PDXDC2P-NPIPB14P,5.6820683,2.2437928
AC090286.4,-5.155213,4.94105
KB-1592A4.15,-0.7725325,3.660043
CTC-499B15.5,4.0698667,2.745133
AC005276.1,-4.6487055,6.6098776
AC107218.3,-4.2561393,3.577188
AC106870.2,-5.356675,3.5050468
AC007952.6,-0.15807985,2.6521258
RP4-724E16.2,4.0748496,2.5352967
CTC-301O7.4,2.2062654,2.1053522
RP1-253P7.4,4.398461,3.1438906
RP11-231C14.7,4.0326934,2.67257
RP11-544M22.1,3.341859,2.9617944
RP11-208N14.4,-5.4629807,2.8989198
RP11-168J19.2,0.3551653,4.6994834
RP11-47J17.2,-3.5287852,3.4434042
RP11-560A15.3,1.1603757,4.2746844
RP11-498P14.5,2.8211515,1.7751212
RP11-277A4.4,1.3438249,4.473745
AC012358.7,1.839374,3.2019372
RP11-25I9.3,-4.5646353,3.3616407
AC006019.3,-3.1282027,2.6869152
RP11-370F5.4,-3.647755,3.5903273
CTD-2026K11.6,3.2336738,1.9548495
AC015969.3,1.3629389,4.251915
RP11-571E6.3,0.8569151,4.8193355
RP11-163F15.1,-5.233417,3.2329013
RP5-1113E3.3,-5.618653,2.848285
RP11-77K12.4,0.7009976,4.4579444
RP11-291L22.4,-3.8065,2.0315392
RP11-556O15.1,-5.2227736,3.7599843
RP11-697H9.3,-2.542497,2.8039434
RP13-259N13.2,0.44497827,4.621758
RP5-1096D14.6,0.9976399,4.709967
RP11-335E6.2,1.2230339,3.3912394
RP11-84A19.2,2.80688,3.8606899
AC144450.2,2.0101357,3.6248841
AC012456.3,-4.84044,2.3905282
RP11-332M2.1,4.8004627,1.8469864
RP11-261N11.8,-2.6468463,3.8302135
RP13-379L11.2,-1.7791586,3.9125025
RP11-188C12.3,-3.238616,2.7311108
RP11-126H7.4,-3.021915,1.7499255
RP4-640H8.2,1.4873052,4.2136216
RP11-65D24.2,-4.474699,2.2269046
ENSG00000204422,-2.0054317,6.3682313
RP11-304F15.3,2.3275726,2.1067057
RP11-1148L6.9,2.5947783,1.9138108
CTD-2126E3.1,-1.0721465,4.2508187
RP5-1004I9.1,-5.4005537,2.7560768
RP11-160N1.10,-5.1317782,4.3285637
CTB-158D10.3,-1.1721607,3.8877327
AC021218.2,3.4963992,3.0462813
RP11-807H22.7,-1.7391505,2.6531532
RP5-842K16.1,-3.8289661,2.7946186
RP11-830F9.6,0.27934775,1.8125037
RP11-863P13.4,1.2059075,1.9023844
CTC-425O23.2,3.6175952,2.0718846
RP11-352D3.2,-4.0124245,4.164479
AC005863.1,0.7761028,3.8247926
RP11-401P9.6,-0.87346464,3.2281566
KU-MEL-3,-4.5704975,4.939669
RP11-812E19.3,-4.609084,2.5586162
RP11-89H19.1,-1.1188654,1.5919074
AF064858.6,2.0904357,3.1424742
RP3-416J7.5,-4.358531,2.4013507
RP11-798L4.1,0.5040317,4.4927874
RP11-363N22.3,4.2036033,2.8956535
AC083864.4,-4.769149,2.8858376
AC024132.1,-5.3227487,3.558643
RP11-473M20.5,2.401941,1.7436527
RP11-689P11.2,2.6980186,2.2029963
LNCRI,-4.694666,2.350593
CTA-373H7.7,2.0930765,2.713819
RP13-212L9.1,0.86771256,3.3985343
CTD-2008L17.2,0.92016846,3.482929
ENSG00000206232,0.9146379,1.1083955
CTD-2308N23.2,0.48629764,4.2992063
ENSG00000206296,0.9566773,1.0885453
AC022007.5,5.2189765,2.3522713
KB-1440D3.16,2.5183983,1.7267712
KB-1572G7.3,-0.3430499,3.3272603
RP1-122K4.3,0.8218841,4.6742725
RP11-414H23.2,-2.0788167,2.0641003
RP1-29C18.10,-0.30384788,2.2817028
RP1-206D15.6,5.358628,2.7987113
RP11-306O13.1,5.445679,3.423903
RP1-29C18.9,3.7894547,3.1031516
XXCOS-LUCA16.1,-0.14068103,2.3964057
AC074286.1,5.801647,2.8102531
AC007277.3,-2.2054708,3.742477
RP11-414H17.5,-2.2952485,4.049939
CTD-3193O13.12,3.2758687,2.255166
AC087491.2,0.1621566,2.958954
RP11-323J4.1,0.91261643,4.4653854
RP11-989E6.3,-4.8314486,2.4783533
RP11-83B20.1,1.6594981,3.1319935
AC090616.2,2.1994636,1.8244584
AC005562.1,5.652948,2.3950248
RP11-544I20.2,3.6503649,3.294094
RP11-717D12.1,-2.9306128,1.6487627
RP11-736I10.8,-6.0762725,5.865672
RP11-1036E20.9,1.8672178,2.8039734
RP11-37N22.1,0.7472494,4.4282284
XX-FW80269A6.1,-5.9099874,4.906255
RP11-674E16.4,1.0770382,4.2261806
AC113167.2,0.7462992,4.3380713
AP000318.2,-1.9180467,4.7148604
CTC-297N7.7,-3.394819,3.7406523
AC129492.6,1.9438705,1.9861215
RP5-832C2.5,4.037988,2.9677906
RP1-257A7.4,3.8019156,2.2729268
AC114730.5,-1.0847632,3.7163343
RP13-395E19.3,-3.3136466,1.5698512
LL22NC01-81G9.3,1.2079064,4.5914545
ENSG00000215523,-0.55236465,2.5047023
AC114730.8,-0.39572078,4.2366467
CTB-61M7.1,-4.668675,5.2490253
RP11-800A3.2,0.72717977,4.491815
AC091801.1,-6.169186,5.9439583
RP11-248G5.8,-4.487704,5.4371076
RP11-287D1.4,-0.020446626,5.408132
AC099552.4,-4.3764677,4.9340353
AC011298.2,-3.2241187,5.5028152
RP4-761J14.8,4.5389404,1.8910244
RP11-3B12.3,3.6203063,3.2068357
AC093802.1,-2.6999693,2.8760095
RP1-32I10.10,-4.055224,3.8894174
LL22NC03-63E9.3,1.6332167,4.1713867
CTD-2527I21.4,-2.7994983,3.6862216
AC092675.3,-3.0388167,4.107786
AC106876.2,-3.2395747,5.554519
AC064874.1,-3.2629712,1.600908
AC005481.5,-1.0264608,3.5549662
AC011997.1,-4.2577753,5.0943294
AC112721.1,-3.1862957,5.215873
AC023469.1,-5.78632,3.1832597
AC112721.2,-3.2523885,4.991147
AP000233.4,-5.8204093,4.8562346
AC079305.10,0.5578366,2.3799522
RP5-1039K5.16,-0.93155164,3.2726169
RP3-429O6.1,-4.3448377,4.0947328
RP13-131K19.2,0.7896987,3.0121458
RP11-541F9.1,-5.0610223,3.92972
RP11-66D17.5,0.6302771,2.7896235
AC096559.2,-4.7278247,2.7729452
AC108066.1,-2.1885898,2.6631756
AC005104.3,2.5429518,2.2693214
RP11-374M1.4,-3.6829832,1.8021686
RP11-91A18.4,-1.1954888,3.769766
RP5-858B6.3,-0.10014709,4.1117663
AP006748.1,-3.800367,5.0230894
RP1-191L6.2,-5.7322083,3.5416884
AC011243.1,-3.233494,3.2215571
RP11-62L18.3,-5.091156,3.954866
AC011625.1,-3.6314237,2.9573624
RP1-171K16.5,-4.989197,3.4987953
RP11-555J4.4,-4.8512197,3.7110424
RP11-274J16.5,-5.937541,5.4813933
AC004471.9,0.29654828,3.1037986
RP11-285G1.9,-1.101719,3.3962295
RP11-344J7.2,-4.771231,2.4905632
AC092198.1,-2.3616188,4.4336543
RP11-15M15.1,-2.4039953,2.6872387
RP11-96B5.3,0.80396676,4.390161
RP11-542F9.1,-4.8354874,5.285343
AC010723.1,-5.211689,3.170603
AC093690.1,2.9776478,3.2325108
AC079613.1,-3.9028358,4.862467
RP11-223P11.3,-2.9898486,1.7524232
AC012506.1,-4.5028167,3.3142624
AC008069.1,-4.281583,3.729929
RP1-283K11.3,-6.1030555,3.2688308
AC078851.1,-5.6655703,3.8044593
ENSG00000223557,-5.0319505,4.9712596
AP001601.2,-5.8871055,4.775015
RP11-61K9.2,-0.47630283,3.681923
RP1-292B18.4,-5.159029,3.5869417
RP3-425P12.1,-1.1665064,2.492632
AC012506.3,-5.5934396,5.571225
AC008277.1,-0.5463248,2.3338861
RP11-108M9.1,-2.6382077,4.2048783
AC002463.3,-0.046881236,2.9271076
RP11-359E8.3,-4.7393265,5.554034
AC012314.20,-4.5346828,4.1458383
CTB-111F10.1,-5.3220453,4.6703644
RP11-93B14.4,-2.3889775,4.8954744
RP11-86H7.6,-6.116555,3.1247232
AF230666.2,2.5058985,2.4941993
AC091633.3,-0.4494884,2.1341798
RP11-113O24.3,-5.424229,5.320094
RP5-1024N4.2,-0.56527865,3.0382485
AC007879.5,0.06042027,3.3835292
CTA-929C8.7,-3.953473,4.238108
AC026188.1,-1.8055718,2.714946
RP11-321C24.1,-5.1254,4.464684
RP11-149B9.2,-6.07251,5.683054
AC116609.2,-1.986363,4.1974974
AC008073.9,-3.8017416,3.7611046
RP11-57C13.4,-4.586447,3.8370805
RP11-307B6.3,-2.8835824,4.2099304
RP11-554D15.1,-5.469075,4.5321326
RP11-473E2.2,-6.000033,5.4629073
RP11-598C10.2,-4.6673746,3.2739701
RP11-428L9.2,-3.5542316,4.947508
RP11-85L21.6,-5.2528057,4.5215964
RP11-437J19.1,-3.0987942,4.803467
RP11-543D5.2,-4.479453,5.186887
AC004870.4,-3.9458897,5.2133784
RP1-56J10.8,-3.812411,3.7884555
RP11-472N13.2,-0.68057317,3.9031897
XXBAC-BPG181M17.4,1.900447,2.099024
AC007091.1,-6.067469,5.7467794
RP11-135J2.3,-0.4232599,3.0126796
AC007403.3,-2.4546704,3.7328744
ENSG00000223868,-4.207229,4.2573395
AP000233.3,-5.472778,4.6611547
AC006372.5,-4.8647466,2.4780223
RP11-553K8.2,-4.607038,3.7328286
AC019048.1,0.1633553,2.6180844
AP001469.5,1.5285143,2.567886
RP5-837M10.2,-5.711857,3.7365732
AC009480.3,-2.854759,2.0818522
RP11-33A14.1,3.3098733,3.369662
RP11-252P19.2,-5.082646,4.128276
RP5-1180C18.1,1.6803341,3.3979874
RP11-533O20.2,-1.7388438,2.0421386
AC016738.4,1.5326691,2.519891
RP11-141J10.2,-5.6532683,4.502772
AC002456.2,2.9039624,2.247078
AP001048.4,-4.1849623,5.336737
RP11-84A14.5,-5.0429645,4.9191046
AC104809.2,-3.7056355,6.0432644
LL22NC03-102D1.18,-4.5852203,5.1793017
RP3-471M13.2,-4.2006507,4.5584817
AC063976.3,-4.9100814,5.507751
AP000470.2,-5.637391,3.3689706
RP1-231P7P.1,-4.7758794,2.907911
RP11-136K14.2,-1.5340272,2.7607028
RP11-347J14.8,-3.9802532,5.181876
RP11-30O15.1,-3.8473055,5.2327433
RP4-622L5.7,1.892895,1.9998719
AC009487.4,-4.847288,2.7060316
AP000936.4,-5.4822493,5.0230455
AC091729.7,-1.6183542,4.9266806
AC097468.4,-3.2812793,5.3256807
AC104389.16,-5.942344,5.43796
AC064834.1,-0.40460932,3.2400122
AP001630.5,-4.430159,3.634971
RP11-510C10.2,-5.7347097,4.178197
AC112715.2,-4.043161,4.797856
AC000123.4,3.4103074,2.2673368
RP11-510C10.3,-5.705582,3.9708927
RP4-798A10.4,-5.407528,4.650099
AC008278.3,-4.387507,5.4054217
RP13-228J13.1,0.34650776,2.5885584
RP11-359D14.3,-4.0876307,4.705672
RP1-15D23.2,-5.410462,2.966001
ENSG00000224229,-5.4146495,4.91554
AC090044.2,-4.8416963,2.34817
AJ009632.3,-4.763504,3.1095822
RP11-78A18.2,-4.0972548,3.6071825
RP11-499O7.7,-3.037486,5.560566
RP1-272L16.1,-4.041001,4.8835
RP11-149F8.5,-5.106185,4.1099935
AP000697.6,-1.5752753,5.119159
AC114730.3,-1.1868191,4.243782
AP000345.2,-5.4104233,4.550229
RP11-144G16.1,-5.512283,4.884064
AC004009.3,-6.0769553,4.529154
RP5-933B4.1,-5.4665866,4.2244005
AC005019.3,-5.9838276,3.9281464
AC007879.1,-5.3643074,4.3378406
RP11-151A6.4,1.7204573,2.8521388
RP11-467I20.2,-5.267268,4.896623
AC011239.1,-3.7423973,2.1573288
RP11-289H16.1,-0.54534006,2.4537785
RP11-235G24.1,-3.7149436,3.1975985
RP1-32B1.4,-2.7133172,3.4242227
AC009276.4,-3.9766738,3.6203418
AC017104.6,2.1809833,2.0907564
RP3-417O22.3,-5.6760206,4.3162055
RP3-395M20.2,-3.21851,4.565979
AC010880.1,-4.8294578,4.5338144
LL22NC03-13G6.2,1.1636556,4.048847
RP5-956O18.3,-5.812876,4.523196
RP11-114B7.6,-3.6645958,4.5070243
AP001476.2,0.6980604,4.524097
RP11-503C24.6,-3.4214118,5.8370447
RP1-81D8.3,-2.8813596,3.186815
RP11-13P5.1,1.6582483,2.6643977
RP11-495P10.3,-0.5364052,3.981309
RP11-328K22.1,-3.4178803,2.9922764
RP11-475D12.2,-5.2361755,2.4833782
AC109309.4,-5.2454176,5.083493
RP11-5K23.5,-1.7584007,2.2211697
AC068134.8,-5.3256693,5.1178117
RP11-438F14.3,-5.614163,5.1478257
RP11-561I11.3,-4.5787787,6.4429474
RP3-470L22.1,-4.4806294,3.8554666
AP001439.2,-1.7335359,3.011659
RP11-370B11.3,-4.885732,4.239641
RP11-554D15.4,-4.848204,3.5833695
AC073626.2,-4.5624413,3.752462
RP1-177I10.1,-5.1557093,2.7763865
RP11-265P11.1,-1.3680102,1.7551848
AC011901.2,-5.8018947,3.4802256
RP11-276H7.3,-2.0137165,5.101143
AC106053.1,-5.0232205,4.8382983
RP4-564F22.5,4.214155,2.8758883
AC064871.3,-5.8423896,4.099286
RP11-16L21.7,-4.5857143,5.1711335
RP11-126K1.8,-2.450692,5.049931
AF124730.4,-4.098041,3.985726
RP11-631F7.1,-4.904662,5.0268674
AC010907.5,-4.8974586,2.8786092
RP11-335O13.8,-4.081405,3.206341
AC009227.2,2.0448043,3.9742184
GS1-174L6.4,0.5329985,4.595389
RP11-131J3.1,-0.68431455,4.2695
RP11-697E14.2,-3.6822052,2.7870455
AC025165.8,2.2444105,2.0546036
CITF22-49D8.1,-1.8806415,3.3128214
AC016716.2,-3.443395,2.6768296
RP1-86D1.5,0.4890575,4.689578
AC099850.1,3.05845,1.6834059
AC016735.1,-2.073716,2.4223018
AC015987.1,2.0514476,3.4719372
RP11-94M14.2,-4.976042,3.28987
RP11-54O15.3,-4.906173,2.4607282
ENSG00000224766,-4.2991433,3.9593487
AC012363.4,-5.873728,5.4122195
RP3-333H23.8,-5.134473,2.4437976
RP11-445O16.3,0.31081218,3.6929
RP11-538D16.2,4.6721706,3.522436
AC114812.8,-1.4922574,2.591653
RP11-190J1.3,-1.4443189,4.684744
RP11-134G8.10,-5.3709292,3.8587277
AC093843.1,1.4160573,3.6180832
AC107079.1,-1.3124311,2.7312682
RP11-535M15.1,3.394068,3.3855236
AC009518.4,-6.3165565,5.177896
RP11-49G10.3,-5.9133444,3.5616355
AC011754.1,-4.6197867,4.423922
CTA-250D10.19,-2.9184663,3.7712066
AC034187.2,1.2742659,4.2287297
RP5-1142A6.2,3.7662344,1.8580133
RP11-448G4.4,-1.6646944,2.4623907
AP001347.6,3.0296116,1.7122922
AY269186.2,-4.9817486,3.068102
RP11-144G6.4,-5.4797564,5.027384
AL050303.7,-5.177922,4.5524445
RP11-74C3.1,-5.493866,4.5173855
RP11-82L18.2,1.9815327,2.247222
RP5-1086K13.1,2.9370282,1.7885498
RP11-54O7.11,-0.53912437,3.8363574
RP11-114L10.2,-4.8122716,4.8324656
RP11-403H13.1,-1.0855594,2.3363075
RP11-524H19.2,-3.4681575,5.029455
RP11-297K8.2,3.8266597,1.5701647
RP11-295G24.5,-0.8898126,4.045008
AC010082.2,-2.409986,2.7280896
RP11-6F6.1,-4.5397544,3.3623867
RP11-669M2.1,-5.6126733,3.6738222
AC000067.1,-5.0084314,4.8484755
RP13-348B13.2,-4.984848,4.899479
RP11-330M19.1,-4.497251,2.7339718
RP11-228B15.4,4.4669,1.8846862
RP11-204C23.1,-5.665021,4.6302476
RP11-349E4.1,-6.2346516,4.560903
RP11-218C14.5,-5.345707,5.1629467
AC096574.4,-0.6557182,3.2623239
RP11-132N15.1,-3.8756278,5.7581444
RP11-426L16.3,-5.6902256,5.2997146
AL450226.2,-1.5219448,2.5196695
RP11-15B24.1,-5.666751,4.347546
RP4-660H19.1,-2.629984,4.489107
RP11-405O10.2,-0.22158436,2.4234636
XXBAC-BPG55C20.7,4.138996,3.4286828
RP11-456H18.1,-5.601274,3.8943026
RP11-429E11.2,-4.742436,5.030371
AC092484.1,-4.0097632,3.8609369
AC083900.1,-3.2152267,5.641605
RP11-295P9.6,-5.477675,4.3408084
RP5-1160K1.3,-4.7103505,4.3056197
RP4-614C15.2,-5.5341854,3.5071082
RP11-809C18.3,-2.6688848,3.0114627
AC018643.4,-5.0436416,2.7811933
AC073957.15,-1.5246615,4.2255654
RP5-899B16.2,-5.622607,3.5222096
RP11-338O1.2,-5.1579227,4.985922
AC012354.6,-2.5407984,4.1468043
AC012462.2,-3.4161105,4.4809566
RP11-16L9.2,-4.8906555,3.5526063
XXBAC-BPG308K3.5,-0.47315285,4.3009477
RP11-388K2.1,-5.273608,3.192064
ENSG00000225184,-7.1446967,4.101622
AC073283.7,-0.85295534,2.4361198
ENSG00000225188,-4.8001986,4.958855
RP11-338E21.2,-4.3051987,4.127461
RP11-182M20.2,-2.5085227,2.8375516
RP11-107I14.2,-4.4482045,3.9780886
RP11-358M3.1,-5.2773232,2.8640237
RP11-197M22.2,0.22701512,2.9206686
AC079790.2,-5.020354,4.7358985
AC007362.3,-2.353389,2.7110348
AP001628.6,-2.1018183,3.7706447
AC008937.3,-1.2433414,4.1796985
RP11-554K11.2,-5.157898,2.9538758
RP1-127D3.4,-1.692107,2.5360053
AC009478.1,-3.3594685,5.097484
RP11-536C5.2,-0.38944674,3.2711484
RP11-227D2.3,-4.033892,4.3438845
AC018693.6,-5.1926765,3.625701
RP11-344A5.1,-3.127549,2.9734235
RP11-1086F11.1,3.0732076,3.1263437
RP11-512N4.2,-4.0809636,3.3064406
RP1-91J24.3,-2.4209242,2.6938288
RP11-415J8.3,4.7197967,2.1140363
RP11-293P20.2,-3.1349764,4.659826
RP11-479J7.1,0.69250005,3.9343436
AF064860.5,-3.8638005,4.559703
XXBAC-B476C20.9,4.4254093,1.688157
RP11-561O23.7,-4.978403,4.5190377
RP11-513I15.6,5.781332,2.6350415
AC013269.4,-5.0235767,4.901631
RP11-540K16.2,-4.873254,4.938428
AC078942.1,-6.057606,5.5888405
AC015977.6,-5.268154,4.497352
RP11-422P22.1,-3.0320365,4.537608
NHEG1,-1.6601967,2.8324966
RP11-218L14.4,2.2485466,2.6874611
RP11-3B7.1,-3.3825142,1.6866175
CTD-2384B11.2,-1.3569012,2.399186
RP11-207C16.4,-1.8325033,2.4482882
RP11-764K9.1,1.7968765,2.3308737
RP5-1178H5.2,-3.9771397,5.1671705
AC104134.2,-2.7062366,1.7468472
AC019330.1,-3.3844473,5.486778
RP11-168C9.1,-5.324519,3.9474478
RP3-508I15.14,0.55231404,2.0002308
RP11-736E3.1,-5.6954107,4.882978
RP5-1121H13.4,-6.162205,5.5168133
RP11-760D2.1,-5.0163484,3.0726376
RP11-390F4.3,3.967913,3.2860124
AC002064.5,-3.6883557,5.1181364
ENSG00000225512,-3.6041443,1.8312453
RP11-236B18.2,-5.5123057,4.716087
RP11-383B4.4,-1.1268135,3.3121583
XX-C2158C6.3,-5.776028,3.5972157
AC073325.1,-4.4746356,4.5869946
RP11-545I10.2,-4.534041,3.8241727
AP000320.6,-0.5267051,4.37873
AC083867.4,-3.3347056,4.1383843
AC006076.1,-4.183189,4.012216
AC013733.4,-5.950054,3.5816493
AC011193.1,-5.3126783,2.7391877
AC096669.1,-5.342725,3.259949
RP11-339D23.1,-5.7995205,3.5446444
RP11-550H2.1,-5.1119766,2.6278558
AC005281.2,-4.1861253,4.50391
AC007679.3,-5.2954154,3.9909406
AC099552.2,-1.7718548,1.4907835
RP11-569A11.2,-4.6406527,2.4555094
RP5-997D24.3,-1.2869465,1.5915936
AP001046.6,-4.742893,4.4074836
RP11-70P17.1,-0.5566972,3.4501367
AC005487.2,1.2524129,4.270323
AC064875.2,-2.204614,3.9756174
RP11-58A12.3,-3.041489,4.753454
RP5-858B6.1,-4.8540726,4.866813
RP3-438O4.4,-4.2893414,4.2533174
AL163953.2,-3.5486917,5.7396483
RP1-30E17.2,-0.5597133,2.8084574
AC005522.7,-2.2865186,2.910851
RP13-379L11.1,-4.978962,3.1166077
RP11-3P22.2,0.97016203,4.2470384
RP11-269F19.10,2.2557068,1.7305133
AC017002.4,-4.8789334,3.7913911
RP11-242O24.3,-1.5309272,2.6010926
AC087501.1,-1.3428545,2.8050058
RP1-45I4.2,-4.6470175,3.8504832
RP11-417O11.5,2.4678018,4.7745743
RP11-354I10.1,-5.00847,4.790656
RP4-583K8.1,-5.2251015,4.805316
ENSG00000225788,-2.3965888,3.7321308
RP11-2L8.1,0.7126121,4.376489
AC073321.4,-4.342567,5.3028445
AC025918.2,0.10435716,3.2917933
RP1-309F20.3,1.7021148,2.5982614
RP11-44M6.1,0.75400156,4.3216686
RP11-547I7.1,-3.748229,2.592844
AC092669.6,-4.12365,4.2348003
AC118653.2,-4.3801,4.60445
AC013269.3,-5.6784096,4.277879
GS1-594A7.3,-4.76147,5.04865
RP11-80H5.6,-6.0057015,5.6312013
RP11-452K12.4,0.5578482,2.294083
RP5-1177I5.3,-4.1860733,4.586202
RP3-495K2.3,-0.34844583,2.6781914
AC009365.4,-5.3541193,4.622957
AC098872.3,-6.0213556,3.0253053
AC023590.1,0.88455075,3.4200923
RP11-288L9.4,2.3744435,2.6772544
AC074289.1,4.575939,2.4550214
RP1-144F13.3,-3.8779411,4.3581166
RP11-57C13.6,-1.5064375,5.075037
AC007879.4,-5.2781076,4.277485
AC000036.4,0.9200481,4.215598
RP11-69E9.1,-2.6495051,2.9851909
RP5-1077I2.3,-5.2805176,3.9855373
RP11-360A18.1,-5.764626,5.278879
AC009950.2,4.402262,2.757802
RP3-526F5.2,-5.111879,4.5459323
AC005550.5,-4.762441,4.93111
RP11-538D16.3,-5.396273,5.327236
AP001434.2,-1.1296259,1.5060759
AC026167.1,-6.0010257,3.484507
RP1-111C20.5,-4.8860235,4.557468
AC010745.1,-4.902316,4.5557904
AP000705.7,-1.9403832,4.5390263
RP11-196I18.4,-4.727399,4.594769
AC009531.2,-3.4985416,3.8297951
RP11-205K6.2,-6.2720523,4.555262
RP3-399L15.2,-4.849074,2.7394128
AC106869.2,0.8575107,4.427607
RP1-300G12.2,-5.865835,4.556593
AC099342.1,-1.516416,2.788602
AP001476.3,-4.8003707,4.601423
AC013248.2,-3.7779984,5.815271
RP11-120E13.1,-5.370866,4.4423165
ENSG00000226139,-5.6964617,4.1023993
RP1-138B7.5,-2.224753,4.7476892
RP1-69D17.4,3.0168707,3.2057433
RP11-167P22.3,-4.7205925,4.167791
RP11-375H17.1,-4.5673747,4.6765757
RP4-712E4.1,-4.9631915,4.6522164
RP11-278A23.1,3.5900397,1.9615451
RP1-92C8.3,-5.1429358,4.864057
RP3-398G3.5,-4.129579,4.6427283
RP11-536O18.1,-3.90546,4.3011312
AL157359.3,-5.3319564,4.7483144
RP5-1050E16.2,-5.0697765,4.880324
RP1-104O17.3,-3.8712988,3.3465939
RP11-99H8.1,-1.276899,3.036993
AC079163.1,-5.3463984,3.980874
AC132807.1,-4.233184,4.3175917
RP1-310O13.7,4.4600754,3.2442367
RP11-307P5.2,-4.052674,2.8766074
RP1-18D14.7,-2.0951715,6.312835
AC009961.3,3.8152614,2.9843776
AC093382.1,-2.9943564,4.1641865
AC105393.2,-4.2030163,2.994718
RP1-80N2.2,1.071911,1.8322152
RP1-163G9.2,-4.3419714,4.4442997
AC091729.8,-5.042596,4.773596
RP11-71J2.1,-4.5933156,3.5239294
RP11-528N21.1,-0.45149687,3.6216178
RP11-435M3.2,-6.1372256,3.8709545
RP4-813D12.3,-0.0008130786,4.498452
RP3-323P24.3,2.1868262,2.80579
AC006150.1,-3.7808259,2.8067
RP11-157P1.4,3.8553388,1.6737856
RP11-217B7.2,-1.2883276,2.2910562
RP11-145A3.2,-4.1341324,4.019926
RP11-65J3.2,0.2452496,3.335951
RP3-395P12.2,0.3775813,2.7495382
RP11-29B9.1,-4.9158564,3.596239
AC013480.2,-5.071812,4.03079
ENSG00000226408,-4.5618515,4.2822084
RP11-735G4.1,0.5595841,4.4666634
AC093642.4,-0.56985295,2.017745
RP11-174J11.1,-5.716057,2.9837642
RP11-416N2.3,-4.521458,4.994871
AP000290.7,-5.532679,4.496977
RP11-420K8.1,-2.0759234,2.5797396
AC006037.2,-4.2337217,5.441464
RP3-462C17.1,-3.557938,2.7165885
RP3-512E2.2,-1.8117868,2.2329237
RP13-401N8.1,0.7812612,3.2408571
CTA-292E10.6,4.193491,3.1646717
RP11-87M18.2,-0.71165234,2.3945043
RP4-749H3.2,-5.0149984,4.479336
AC007463.2,-4.711907,6.129833
RP1-37C10.3,-3.4506397,1.6978948
AP000289.6,-5.4199624,2.9977744
RP11-348F1.2,3.209137,3.0980506
AC114814.4,-5.545148,3.9299304
AC016722.3,0.63580406,4.3072085
ENSG00000226550,-5.3607936,5.266694
RP11-436F21.1,-5.473886,4.254314
RP11-445F6.2,1.3113127,3.9107254
RP11-523O18.1,-1.6599365,1.6665428
RP11-258F22.1,0.9790816,4.483508
RP5-905H7.9,-5.3811316,3.7933455
RP11-550C4.6,-3.8936496,5.2414775
RP11-136K14.3,-5.704241,3.3609922
RP11-239E10.3,-1.128843,3.1040792
AC007098.1,-5.7025433,4.593797
RP11-301J16.7,-4.6252007,5.288728
AC092155.4,2.046573,3.1873643
RP11-21J7.1,-5.408663,3.2756846
RP11-358H9.1,-4.1245055,4.857022
RP11-128M1.1,-1.3051995,4.658178
RP11-336A10.2,1.9522883,3.319637
AC019118.4,-4.358924,3.976202
AC096732.2,-5.096672,4.8456216
RP5-1139I1.2,-1.828772,2.4714808
RP4-745E8.2,-5.1983113,4.749689
RP11-509J21.4,-5.0102463,3.4515092
RP13-43E11.1,-5.199693,3.3417962
RP11-61D3.1,-5.1560507,4.334681
AC020595.1,-2.5196238,2.044527
RP11-69C17.2,-4.6863303,3.492192
RP1-50O24.6,-4.3488336,4.6374803
RP11-122K13.7,-1.8331547,3.7798917
RP11-426A6.5,2.098013,1.8575494
RP11-719J20.1,-5.4580255,3.647989
AC073409.1,-4.280973,4.7700725
AL589986.2,-4.8475237,4.1308284
RP11-397G17.1,-3.7083747,5.983476
RP11-347L18.1,-4.295786,3.1151333
AC007365.3,-0.48823446,3.6774263
PP12613,-3.279921,3.4385815
AC010145.4,-3.9399924,3.6710873
AP001136.2,-3.464484,2.71985
CTA-747E2.10,2.1697762,4.7896028
RP11-706D8.3,-4.0027914,3.7258043
AC015923.1,-2.0726597,2.545715
RP11-289F5.1,-1.8423762,2.9137046
ENSG00000226799,-5.2866917,3.8968832
AC005082.12,-0.62589866,1.5096071
RP4-756H11.3,5.7592673,3.1364589
RP5-945F2.3,-2.6660154,2.701024
RP11-166N17.3,-5.257943,3.1599047
RP4-635E18.7,3.5972443,2.1272202
RP11-212D3.4,2.5171015,3.2440376
RP5-1119O21.2,-5.2476773,4.880142
RP11-569A11.1,-1.2115414,1.4984292
RP11-122M14.3,-4.0673075,5.073625
AC135178.7,-3.560454,4.6071115
AC002472.11,0.37066644,4.6088624
RP11-575L7.2,-2.4298327,3.9551556
RP4-782L23.2,-5.1659384,3.582246
LA16C-395F10.1,-3.3418927,2.2925909
RP11-298J20.3,2.7593498,4.6912374
RP11-432J24.5,0.9788383,3.1155334
RP11-561O23.8,-1.3933132,1.8099993
RP11-80B9.1,-0.7812057,4.209518
RP5-1068B5.5,-5.0185375,4.8759756
RP11-302I18.3,-5.418537,3.6655684
RP11-117D22.1,-4.957277,2.4784107
AC062021.1,-4.899222,3.9150863
RP5-983L19.2,0.26167,4.327197
AP000432.2,-5.733622,4.908477
RP4-533D7.4,-5.5612993,3.8616834
AC078883.4,-2.1017382,2.9723833
AC003088.1,1.1449494,3.098937
RP11-543F8.2,-4.419381,3.9471135
AC144525.1,-3.8910968,4.743807
AC012593.1,1.1850898,4.4987564
AP000477.3,2.045669,3.8199322
RP5-956O18.2,2.3936267,2.790516
AC007036.6,-1.5603789,2.1144023
RP11-168P8.3,-4.9052534,3.0468524
AC105461.1,-2.1198049,2.6391332
RP6-1O2.1,-6.0789113,5.804199
RP11-98D18.1,-4.515875,4.7437763
AC012065.4,-5.1168613,4.231447
RP11-460I13.2,-4.600502,4.699051
AC079779.7,-5.0509634,2.9808788
RP3-340N1.2,2.032881,2.5082757
RP11-12A16.3,0.61971426,2.9530847
AP000472.3,-5.4534764,3.2510886
RP11-4C20.4,-1.3520199,3.7368162
L29074.3,-5.3397145,4.828459
AC084149.2,-3.491582,5.65088
RP1-135L22.1,-5.432922,5.0315948
AP000402.3,-5.370702,4.6154723
RP11-565P22.2,-3.852167,2.9273608
AC073636.1,-4.9901323,2.3743973
RP11-433J20.2,-5.9769526,3.329403
AC096574.5,-1.1358843,4.1845145
AP002856.6,-5.1516895,3.3982325
RP11-552E20.1,-5.611622,5.320347
ENSG00000227132,-4.280864,3.4635322
RP11-533N14.3,-5.537851,3.3202488
RP11-196D18.1,-4.6678467,3.957253
RP11-473E2.3,-3.7836213,4.3444457
AC068535.2,-3.6335607,3.1990528
AC092755.4,-3.4039755,3.6184466
RP11-570H19.2,-4.613446,4.174814
RP1-37J18.1,-5.2070847,3.7891202
AF178030.2,-1.37994,2.4051979
RP11-77G23.5,-4.8248005,3.019265
AC092535.3,-0.017080462,3.3446085
RP1-45I4.3,-3.486399,5.8266487
RP11-439A17.4,-5.595274,4.6020484
AC009518.8,-0.8775263,2.3846262
RP11-121A14.3,-1.1882696,2.364992
XXBAC-BCX196D17.5,-7.1478405,4.102477
RP11-445L13__B.3,-1.2942482,3.1897545
RP11-367J7.3,-1.446835,1.6845566
RP11-203J24.8,3.1659815,2.4707346
AC017101.10,-2.0583756,2.4380167
RP11-261C10.5,2.1485002,2.6698742
RP11-563D10.1,-6.0109034,5.6750107
RP11-136C24.2,-4.7098823,4.826749
RP11-166N17.1,-0.038745582,2.943974
RP11-96L7.2,-5.9580846,5.2738686
RP11-656D10.5,-4.655572,5.2872663
AC015933.2,-6.0313478,5.760977
RP11-164D18.2,-5.1752186,3.0632408
AC009229.5,-3.999724,4.347429
AC118345.1,-5.6295776,5.1966543
AC016994.2,-4.2884707,4.0034375
RP4-718J7.4,-4.9195576,5.141354
RP11-384P7.5,-6.483375,4.615728
GS1-256O22.5,-5.948147,5.6034083
RP11-340I6.3,-4.774476,3.5370398
RP11-95I16.2,-5.0760007,4.648033
AP000998.2,-5.022866,4.7848673
RP11-195B3.1,-5.274164,4.433163
RP11-162D16.2,-1.704345,6.3386784
RP11-518I13.1,-4.8486996,4.6811137
AC018685.2,-5.03399,3.7767084
AC008060.5,-5.030118,4.397726
RP11-109A6.3,-4.6669836,4.828784
AC091705.1,-4.2876306,4.6168175
RP11-112J3.16,3.602838,2.917557
AC012501.2,-2.2784362,3.0766652
AC008746.3,-2.26074,4.077094
ENSG00000227448,-7.1552052,4.111263
RP11-300M24.1,3.229856,3.4365451
AC079612.2,-4.7474923,4.491989
RP11-158D2.2,0.919977,3.2341833
RP11-810B23.1,-4.774488,4.796375
AC124861.1,-4.0437517,4.797474
RP11-89N17.2,-4.974695,4.748956
RP11-18B16.2,-4.1039224,5.3770123
XX-C283C717.1,-2.2259018,3.9371822
RP11-5P4.2,-6.0339804,3.905871
RP13-188A5.1,5.682669,3.260141
AC006458.3,-5.9099464,3.6299317
RP11-145A3.1,-2.4251385,4.9339304
AC018359.3,-6.1263127,3.823461
RP11-413M3.4,0.67064315,2.4205744
RP5-973N23.4,-4.0653577,3.354033
CTA-342B11.1,-4.7076883,4.8564005
RP11-223A3.1,0.0021425001,4.033227
RP11-202G18.1,-6.0170126,5.3713083
RP11-809N15.2,-4.555275,3.7475517
ENSG00000227540,3.8980932,1.5805172
AC116035.2,-5.7815046,5.056959
RP11-444D13.1,-6.122163,3.1744988
RP11-796I2.1,-6.049413,3.0712152
RP13-1039J1.3,-4.0154757,4.53576
RP1-35C21.2,-6.4426627,4.987191
ENSG00000227596,-1.3886166,2.2322729
RP1-167A14.2,0.2777917,3.074521
RP3-445N2.1,-5.3324995,4.143119
AC005392.13,-3.183847,3.195301
RP11-492E3.2,2.489892,2.3305407
RP1-101K10.6,4.678622,2.2187846
AC005160.3,-4.326646,3.4509344
RP11-243J18.2,-5.19579,4.4455566
RP11-73O6.3,0.35777897,1.5420995
AC108051.2,-4.670914,4.8613753
RP11-307P5.1,-5.1415744,5.802864
RP11-445N18.5,-4.7124987,4.6028214
RP4-681L3.2,-5.217325,4.7775264
AP001619.2,0.12567434,3.5739622
RP1-266L20.4,3.6338804,1.5776839
RP11-15M15.2,-5.599725,4.3263826
RP11-301G19.1,5.3595614,3.2471688
RP11-418J17.3,1.1661156,3.153828
AC116609.1,-4.9118404,2.3420773
AP000459.7,-0.5746803,2.7070584
AC016730.1,-5.8567924,5.1521235
AC006042.6,0.09865777,3.4222734
CTA-31J9.2,-5.0046854,4.7414103
AP001271.3,-4.946918,5.0630374
RP4-565E6.1,3.644244,3.2001524
RP11-49L2.1,-1.9043206,3.0948164
RP11-536C5.7,3.448671,1.7735801
RP4-745K6.1,-4.848394,3.9646232
RP11-497D6.3,-1.1436496,2.9930608
AP000282.2,-5.2231817,3.895691
AC072062.3,-0.10555792,2.8627105
CTC-529I10.2,3.161875,2.517599
RP11-239H6.2,-5.0866265,4.159194
RP11-171A24.2,-5.0844903,3.673359
RP11-227F8.2,-6.0944667,3.1573408
AC122136.2,-5.825699,5.2346334
RP1-213J1P__B.1,-4.5902143,6.4321847
RP11-381K7.1,-5.480598,3.0086908
RP4-533D7.5,-2.0039601,4.786052
AC002383.2,2.641848,3.2615712
RP11-46E17.6,-4.766037,2.9296727
RP11-79N23.1,3.4374087,3.0745244
RP11-102C16.3,-3.3457527,5.3264136
RP11-69C17.3,-5.303775,2.717055
RP11-130C19.3,-1.6653999,2.628847
RP11-143M1.3,-3.9984183,3.5663006
RP1-153P14.5,-0.73161924,1.5121278
AC009508.1,-6.022507,3.1646292
RP11-331F9.4,-2.0987434,2.173144
RP6-102O10.1,-4.1133265,3.424239
AC104695.4,-3.3434496,3.8362517
RP11-399H11.3,-4.126857,4.1447344
RP5-837I24.6,-3.731202,3.251846
AC012668.3,-3.7431028,4.6601734
AC092675.4,-2.8838005,3.9787636
AC020743.2,0.76090497,4.7345347
CTD-2330K9.3,-0.54716,3.989216
AC073343.13,3.1674657,3.7352622
RP11-383C5.3,-0.4754155,3.1809263
RP1-251M9.3,-3.2670574,2.5577075
AC069257.8,0.38361058,2.9936287
AC078842.3,1.306712,4.229776
AC010967.2,-5.8475347,5.1993356
RP3-395M20.9,-0.5675647,1.7533466
RP4-781K5.4,-1.7371149,3.3973181
RP11-598C10.1,-4.8723035,4.5139856
Z83001.1,3.2741148,3.5879102
AC023469.2,-5.499807,4.0683627
RP11-255A11.2,-0.047154594,4.5931673
AC133106.2,-4.5262246,3.8060153
AC012368.1,-1.2099622,1.7167513
RP5-884G6.2,3.6330256,2.723193
RP5-837M10.4,-3.4904141,1.9860889
ENSG00000228104,-2.352346,3.7893445
AP000692.9,1.9728888,3.1702192
AC003991.3,3.4569376,3.4605901
RP11-165F24.5,-2.3477993,4.409267
AP001631.10,-1.6713156,5.135773
AC099684.1,-3.45142,5.8382373
RP11-216M21.5,-4.989279,4.7563195
AP001469.7,1.6858693,3.1315162
RP11-180I4.2,-5.3692417,3.5523798
ENSG00000228147,-3.9664433,4.218118
RP11-84A14.4,1.7491533,2.2288537
AC004941.3,2.5005882,3.9780822
RP11-23I7.1,-3.6273077,2.8116264
RP11-410N8.1,-1.9312527,3.493256
AC007952.5,1.3272508,1.8389127
RP13-57D9.3,-4.733592,5.5620723
AC097713.3,-0.1581573,1.444839
RP11-125K10.5,-4.28366,4.467871
RP1-40E16.11,-5.2595778,4.708143
RP1-317E23.3,3.5854352,1.7730199
AC091770.3,-4.7553477,3.7690399
RP11-244N9.6,-3.3585975,2.893933
RP4-656G21.1,-3.5850835,4.493485
AL022341.3,1.0066723,2.6089213
RP4-724E13.2,-2.0477154,4.929644
RP11-367F23.1,-5.8186517,4.0618863
AC074363.1,-4.4424405,4.2632055
AC074019.1,-2.0422447,3.1637292
RP11-219C24.10,-5.5982833,4.081503
AP001476.4,-5.7476606,5.7121544
RP11-85G21.1,-5.629561,3.747024
AC012442.6,-0.1530801,3.5950696
RP11-323I1.1,-5.5221343,4.202751
AC106874.1,-5.9096556,3.3182979
RP3-508I15.9,5.080643,2.6490953
RP11-367B6.2,-2.0777528,2.5585175
RP11-186N15.3,3.7949934,2.4328277
AP001610.5,-1.640918,2.0014727
AC024028.1,-0.3572244,1.52397
RP11-1148L6.5,-4.870236,4.675105
AC018832.1,-4.1873455,3.1717627
RP11-537H15.3,1.3365953,3.283855
RP11-184A2.2,-5.0596414,4.8085165
BX322559.3,-4.8525124,4.7872515
RP11-503C24.3,-5.946378,5.622429
RP1-90J20.2,-5.2998295,4.6005797
AC106873.4,-3.3797526,1.6891876
AC010891.2,-4.679665,4.873707
AC007040.6,-0.7441426,3.5986128
RP5-1125A11.4,-0.7888009,2.4007728
AC011995.3,-4.173079,3.7040827
RP11-343J18.1,3.210374,3.8923059
RP11-216B9.6,3.4322083,2.2279782
RP11-251M1.1,1.3242381,4.436764
RP11-563N6.6,-1.138705,1.6707586
AP001468.58,-4.9712586,3.550343
RP1-111D6.3,-0.48346382,3.2851198
RP11-549L6.3,-4.789678,2.883658
AC005013.5,-4.0909905,4.6367097
RP4-633I8.4,-1.5958862,2.6997902
RP11-402L1.11,-4.697479,4.4698224
RP5-1091N2.9,0.26769185,1.4192069
AC004951.6,5.300845,2.2052042
RP11-173B14.4,0.9169182,3.1313088
RP11-402N8.1,-5.1672754,3.5350015
ENSG00000228469,-1.7230442,1.565397
RP11-176D17.3,-1.7513152,5.0234346
RP1-290I10.3,-5.2884817,4.7162666
RP11-106M7.1,2.0249562,3.854222
RP13-225O21.2,0.5564527,3.2591183
AC092168.4,-4.864316,4.559332
AC106875.1,-3.75399,5.72248
RP11-347D21.2,-3.7968614,4.9217677
AC011897.2,-4.954324,3.8530436
AC006460.2,4.195487,2.6131904
AC099552.3,-4.779905,4.848886
RP11-179B15.5,-3.7078435,4.3284407
AC068057.1,-2.5157027,3.9168327
AC009411.1,-5.327879,3.1731956
RP11-526K17.2,-3.6951082,2.993839
AC073326.3,-2.2405298,3.0159307
AC093159.1,-1.5834471,6.243473
GS1-519E5.1,-3.576906,3.4604714
RP11-108M9.3,2.6684792,1.9348933
RP11-391J2.3,-2.0724766,2.4778867
AC004837.5,0.24045773,2.8394775
RP3-340B19.3,-0.58099127,3.2019901
RP11-550P17.5,-4.7059717,3.3925772
RP11-114M1.1,-6.1153555,5.824309
AL133247.2,-4.75256,2.8568301
RP11-170M17.1,-0.87352455,3.629655
RP11-279N8.1,-1.0353274,2.8821251
AC010731.2,-2.347361,3.9762402
ENSG00000228583,-1.7263832,1.5207181
AC005042.5,-4.5038013,4.890753
RP1-41P2.7,-4.5168953,3.3657415
MIR4432HG,0.91657466,1.9081593
D21S2088E,-4.563002,6.660518
AC013436.5,-4.5945725,2.8629086
RP5-872K7.7,-1.1544403,2.84096
AC144450.1,-1.4665388,4.8648
AC012462.3,-4.9465265,3.2364633
RP3-434P1.6,-4.0719967,5.881231
RP1-302D9.1,-4.593512,4.4837213
RP11-1B20.1,-2.0550396,2.580837
GS1-278J22.2,-3.8332343,5.0867915
AC092295.4,-1.5012724,5.0342755
RP4-534N18.2,0.80501527,3.310758
AC079779.4,2.8883064,4.6450944
RP11-568A7.2,-4.162404,5.5106053
AC008940.1,-6.119889,5.8930144
AC096558.1,-0.5648334,1.767301
RP11-791O21.5,-4.5884495,4.7227845
AC006482.1,-3.8472924,4.107974
RP4-676J13.2,-2.546547,2.941792
AC004692.4,-3.7082827,2.684692
RP11-31E13.2,-4.4293947,4.4739056
RP11-492I21.1,0.34823975,2.1827495
RP3-335N17.2,1.1081437,3.3294375
RP5-826L7.1,0.15556347,4.22579
RP5-968D22.3,2.4795609,3.332665
RP5-1160K1.6,-4.94788,4.8331385
RP11-787B4.2,-4.9334016,4.4961085
AL109763.1,-6.004825,5.5116076
RP11-284G10.1,-6.0421968,5.58381
RP5-1119A7.14,-5.696337,5.538754
RP11-335E6.3,-2.3506153,2.9450567
GS1-18A18.2,-5.326884,4.2146115
AC008781.7,-0.47092122,3.6077719
RP11-218I7.2,-5.062535,4.6627936
ENSG00000228741,-3.703844,5.227921
RP13-39P12.3,3.4979103,2.4870691
RP1-309H15.2,-4.1275735,2.8635457
RP11-129J12.1,-4.67557,4.5332017
Z69666.2,-0.09519491,3.244833
RP11-354K1.2,-1.9061886,3.735287
RP1-223B1.1,4.6024976,3.5165224
RP11-253D19.1,-4.0530787,3.9645286
AC073641.2,-4.4866357,4.5092816
RP11-211G3.3,-3.1102917,1.7804148
RP4-705D16.3,-0.42421663,2.6813817
RP11-344P13.4,-3.7099886,5.920307
RP4-781K5.2,5.263601,1.9375337
AC012123.1,-2.4522238,4.3587584
RP4-784A16.2,-1.710903,3.556126
RP11-112J3.15,-4.156829,4.7514057
RP11-57H12.5,2.0479133,2.7794201
RP11-91I20.3,3.6958177,3.527388
RP11-404F10.2,4.074988,2.9251144
AC012307.2,-4.134227,4.088582
AC010745.2,0.9516631,4.156338
RP11-473E2.4,-4.415383,4.178061
RP11-290D2.3,-2.0326142,2.6854632
AC097381.1,-2.0847547,3.2642622
AP000355.2,-3.7117252,6.0982895
AC016722.4,3.601554,2.9391034
RP11-268G12.1,3.17068,3.8757427
AC004485.3,-4.640448,6.1093006
AC023137.2,-3.8059583,4.4911914
RP5-1121H13.3,-4.9274406,2.9773562
AC096554.1,-4.7530785,4.6322494
AC009955.8,-2.7995524,4.415651
RP4-677H15.4,-2.4358037,2.6460724
LINC01830,0.76950717,4.490329
GS1-542M4.4,-4.707057,4.5869875
RP11-88I18.3,-3.5040247,3.505843
AL591893.1,3.6262634,2.5147655
AP001595.1,-0.39991683,2.7611294
RP1-232N11.2,-4.8937645,2.3247082
RP11-266K22.2,-4.3976994,3.6041107
AF127577.10,0.95143986,2.5105436
RP11-80I15.4,-3.2102742,3.723698
AC096649.3,-5.6286736,3.7168705
ENSG00000229075,-4.579935,4.4672265
RP11-20J15.3,-3.0033538,4.2635384
AC068491.2,-2.2127817,3.2278967
ENSG00000229126,-4.32275,2.7463992
AC016710.1,-4.7416143,5.3529205
RP11-348F1.3,1.5665003,2.8599575
AC009229.6,-5.4230733,4.3630137
RP11-73M7.1,-2.2657166,5.2590146
ENSG00000229170,-1.0444543,1.6885862
AC008154.5,-6.0146217,3.3583333
AC069513.4,-0.08245009,4.44922
RP4-553F4.2,-5.14562,4.876812
RP11-390B4.3,-0.9527505,2.5922801
RP11-168O16.1,2.226045,4.253993
AC004870.3,-4.7361565,4.198414
AC009495.4,-4.429538,5.198181
ENSG00000229199,-4.2726936,2.9896748
AC103564.7,-4.477969,2.9152913
RP11-397O4.1,-3.2037401,2.6320617
AC073987.1,0.44202572,4.7200933
AC105398.3,-4.707118,2.5251331
RP11-5P4.3,-4.7154546,4.902392
RP11-38L15.2,3.7035005,2.6008372
AC022201.4,-0.90305525,2.7757175
CTD-2320J21.2,-5.351411,4.510023
RP5-1111A8.3,-4.7070713,2.7423549
RP11-407H12.8,-5.6546082,5.095052
RP11-229P13.22,-0.5507935,5.3026223
RP11-227H15.4,-1.7632499,4.8520308
RP4-726N1.2,-4.7262316,4.345002
AC004691.5,-4.822116,4.7788033
RP11-298A8.2,-4.746604,4.841527
AC091493.2,2.2765992,3.1718383
RP11-498J9.2,2.2689064,3.3188803
LL22NC03-121E8.3,-5.4469614,4.726892
RP11-483F11.7,-0.12504183,4.4510098
RP1-40E16.2,-0.92304325,4.02195
RP5-1125M8.2,-4.396847,3.3439755
AP000431.2,-5.3803267,4.9555917
RP5-1044H5.1,-3.5143158,2.7960987
RP11-540H22.2,-5.429867,4.0343103
RP5-905H7.8,-5.419706,2.786827
AP001464.4,-5.2771506,3.023764
AC010084.1,-3.6188805,4.8511834
RP11-452B18.2,-5.286006,5.021386
RP11-475I24.8,-1.1057281,2.5415215
RP11-470P21.2,-4.1860156,4.3842134
RP3-425P12.5,-4.114009,2.4270003
AC008269.2,3.2377465,3.1795897
AC006947.1,-1.814316,2.7212515
AC079305.8,3.108025,2.0549843
RP11-332M4.1,-5.8006663,3.9490755
AC090587.4,-0.22531395,3.5706718
AC092635.1,-5.7428756,4.9759674
AC006041.1,-5.2336082,4.712846
BX322557.13,-4.2887464,4.8179793
RP3-395M20.3,-3.1254134,4.6663113
AC013401.1,-4.5660424,4.7143683
AL162151.4,-2.3675954,2.0810716
RP4-718N17.2,-4.7837634,4.5913086
RP11-12M5.3,-4.308693,2.9024632
RP11-35J23.1,-5.8387785,4.4555855
RP11-262H14.13,3.3655632,1.8512506
AC007349.4,-4.961603,4.653846
AJ006998.2,3.9537942,3.2481701
AC017048.1,-3.4843872,3.2476122
RP11-202I11.2,-4.865645,4.725584
RP11-202D18.2,-3.487849,2.6567693
AC023669.1,-5.1800895,4.72693
RP11-342D14.1,0.73547727,4.5232954
AC012494.1,-4.173962,4.2804794
RP11-173D14.3,-5.267075,3.0335631
AC105053.3,1.4509248,2.9914382
RP11-52J3.2,-1.2846636,2.348351
AC068580.5,-4.9730797,4.7632804
RP5-1066H13.4,-3.9372756,4.299772
AC003986.5,-4.5640807,3.48952
RP11-90J7.2,-4.494147,4.5618873
AC012445.1,-5.151775,4.8913417
RP11-481G8.2,0.79587364,3.5007675
RP11-197P3.5,1.7543676,4.016084
RP11-479J7.2,-2.9533703,3.6842113
RP5-981O7.2,0.7898688,2.9449694
RP11-524K14.1,-4.985947,4.727896
AC004014.3,-4.934049,4.939681
RP5-1125N11.1,-4.8643827,4.857473
AC011288.2,3.4097455,3.5821362
RP11-44N12.2,1.0382371,4.6441746
AC073115.7,-3.893571,2.4112022
AC027119.1,-5.3086114,5.1211863
RP11-330A16.1,-4.4089756,4.161417
RP5-1142J19.1,-3.257296,5.1536
RP11-536K7.5,-5.9267845,5.3440247
RP11-184A2.3,0.75241524,4.418786
LL22NC01-116C6.1,-5.412051,4.163216
AC007327.5,-2.4994032,2.5073442
ENSG00000229694,-2.2500505,4.341334
RP1-140J1.1,-4.5676723,3.3691766
RP11-449O16.2,-4.225493,5.234952
RP11-556N4.1,1.9920765,3.8469827
RP3-495K2.2,-2.161143,2.8318627
RP11-557H15.5,-4.5975966,4.3808413
AC013460.1,0.6786957,2.879348
RP11-314N13.3,1.537182,2.579364
AC019349.5,-4.4418383,4.8409553
U91324.1,-3.665911,5.9649906
AC096649.2,-1.0612268,4.7014284
RP11-142M10.2,-3.4882653,2.631689
RP5-827L5.2,-4.766352,3.3463926
CTA-796E4.4,-2.7879248,3.9647775
RP4-644L1.2,-4.2947617,4.034453
AC018866.1,-4.742144,3.955364
AC016751.2,-4.868595,4.8285108
RP11-385E5.5,0.6797746,4.4185753
AC140481.8,-0.3768358,3.9485886
RP11-567E21.3,-4.2809124,2.8132775
ENSG00000229823,-4.400146,4.6861453
RP11-384C4.2,-1.1486319,2.4262483
AC018462.2,0.64373296,2.9617403
RP11-141A19.1,-3.9683683,3.4304757
RP13-766D20.2,0.70840645,3.200937
RP11-524G24.2,-6.0220366,4.0354295
CTC-546K23.1,-0.9785749,2.7455344
RP11-321E8.4,-4.9058433,4.3713064
RP13-30A9.2,-4.55804,4.3215823
RP11-456H18.2,-1.2198547,4.495001
RP11-206L10.4,-0.7613608,2.6200142
AC128709.4,-4.928876,4.853694
RP11-378I13.1,-5.8513865,3.2454236
AC016999.2,-1.0251466,3.5429652
RP11-102N11.1,-4.7376137,4.7181907
AP001043.1,-3.8603766,3.775693
RP11-93N20.1,-5.873852,4.0499525
RP11-284F21.7,2.6290123,1.765925
RP1-5O6.4,-0.4166077,2.6949313
RP5-998H6.2,-3.6645217,3.0847542
RP11-278H7.4,-5.751716,3.8803995
AP000221.1,-3.2480567,3.7919514
RP11-135A1.3,-5.9355006,4.5315843
RP11-96C23.10,-5.2788296,4.760565
AC007128.1,-1.4765301,4.791917
RP5-1119A7.10,-4.68656,4.651674
RP5-1031J8.1,-4.747594,3.4469407
RP11-15I11.2,-5.5278044,3.9352434
AP001042.1,-5.1161256,4.698645
RP11-574K11.8,-0.87047505,2.4520519
AC093585.6,-3.4786322,3.839923
RP5-905H7.11,-5.2448645,2.661132
RP11-70J12.1,-2.955078,2.7756393
RP4-568F9.6,3.6276114,3.2724957
RP11-80B9.4,-5.3233986,2.8772914
RP11-550H2.2,-5.7083664,3.1280036
RP11-505C13.1,-2.173831,2.4178257
RP5-1121A15.3,-5.8798313,5.3913856
CTA-929C8.8,-3.5796566,2.8391294
RP11-384C4.6,-2.025079,2.400314
AC010974.3,-4.120713,4.1777925
RP11-195F19.9,4.845316,2.3367653
ENSG00000230089,-4.792022,5.10576
AC108025.2,-2.071977,3.8135002
RP11-34C15.2,-2.4553766,2.8959405
RP11-344N17.8,-5.047713,3.440241
RP11-431N15.2,-0.4679561,2.8954737
CTA-126B4.7,-1.5027702,1.5358224
AC091177.1,-3.5362692,3.5988371
RP1-90G24.8,-4.9149094,2.5222318
RP11-385N23.1,-4.523037,4.3198485
RP3-508I15.19,3.1602955,1.8067992
ENSG00000230150,-5.7626166,4.126542
RP11-232D9.3,-4.7797403,5.180756
RP5-997D16.2,-4.216605,2.4951456
AC090957.2,-4.8024716,4.141085
RP5-998N21.7,-5.332256,4.8178935
AC005518.2,-3.4810727,2.6784973
RP11-160E2.17,-4.046337,2.22837
RP11-631F7.2,-4.5008516,4.5435786
RP4-697K14.3,-3.6646845,3.9489076
RP11-90J7.4,-4.001703,4.5257893
AF240627.2,-5.6634035,4.0544596
RP1-276N6.2,-3.332544,5.119389
RP1-128O3.4,-2.1595342,2.5641837
AC002539.1,-4.802287,5.6364574
RP11-75C23.1,-5.900971,4.496429
RP11-290M5.2,-4.684068,4.6709633
AC013472.4,-3.100744,4.028808
RP11-334J6.6,-1.0897956,4.098765
RP11-253D19.2,-5.363886,3.965525
RP11-213G2.2,4.021305,3.096357
RP3-390M24.1,-3.5163798,4.6945534
RP3-323N1.2,-0.9638377,2.0280163
RP11-385F5.4,2.2657309,2.2557976
AC004538.3,0.17484665,3.008986
RP4-614C15.3,-5.3762717,4.8354564
RP11-23D5.1,-2.045833,3.0801866
AP000146.2,-5.3692408,4.5439334
RP4-655J12.5,-5.222036,4.836557
AC012507.4,-2.2197895,6.2533617
RP4-737E23.7,1.9364699,3.021033
RP5-1139I1.1,3.635306,2.8039591
AC092667.2,-0.6436488,3.761457
RP5-855F14.2,-5.8612013,5.527962
XX-C2158C12.2,1.4247174,3.3783855
AC114803.3,-2.9853053,4.0606456
RP1-20B11.2,-0.7824125,2.3692517
AC004160.4,-1.3303064,3.1272864
RP11-102J14.1,-5.53632,4.1993613
RP13-329D4.3,-4.891346,4.6985297
U73166.2,3.618644,2.5500536
GS1-115G20.1,-1.95198,2.6335301
LA16C-2F2.8,0.9863534,4.1101046
RP1-28O17.1,-3.8302155,3.6459882
AP000695.6,-2.4971993,4.8683305
AC124057.5,-6.015724,5.498007
RP11-141M1.3,1.5738164,2.6178932
RP4-753D10.5,0.83199996,1.7809398
RP4-564M11.4,-2.6058896,3.4806018
AC108463.1,-1.4172882,4.7835484
RP11-416N4.4,-4.080184,4.5176287
AC092580.3,-4.7588096,4.7267637
RP11-555J4.3,2.292662,3.3508432
RP11-472G21.2,-4.7120886,4.8076444
AC091133.1,-4.6999974,4.982581
RP11-297A16.2,-1.7179408,4.72404
RP11-379C10.4,-1.1907499,3.0897048
CTB-89H12.4,5.973883,2.6590326
AC092162.1,-0.94210017,2.7857082
RP5-828H9.1,-3.8291056,1.9270798
AC114763.1,-1.4967872,2.6403422
RP11-369F10.2,-2.2242415,2.5662544
RP3-331H24.4,-3.076941,2.9822118
AC018495.3,-5.416755,4.6541743
RP11-73B2.2,-5.754015,3.647765
AC004237.1,4.430364,3.6885545
RP5-1198O20.4,5.1778846,2.909008
RP11-469A15.2,-4.5613656,6.8571715
RP1-155D22.1,-3.6322784,3.8195882
RP4-781K5.6,-3.6721756,5.7545357
RP11-359N11.1,-4.6632056,4.4411583
AC022816.2,-3.4555714,5.684212
RP3-406P24.3,-3.7753475,4.087303
AC024084.1,1.2249734,3.248991
XXYAC-YR29IB3.1,-4.587071,4.6344504
RP11-65J3.3,-5.2621865,3.5264544
AC004869.2,-5.065904,2.5685723
RP11-409K20.6,-1.577683,2.244847
AC067945.2,-5.5520706,4.576429
RP5-1114G22.2,-5.4616365,4.2475147
AC013402.5,-5.0640903,4.071023
RP11-62F24.1,-3.1627936,3.1210108
AC011753.5,0.3903515,4.4522924
CTD-2330K9.2,-4.782426,2.7353163
RP11-54O7.1,2.8687494,1.6135353
RP1-117P20.3,-5.713149,5.291411
AC104024.1,0.5844336,2.4108646
RP11-152L7.1,-5.4622726,4.177564
RP4-738P15.1,0.06300306,3.2369514
RP11-240D10.4,-4.574534,4.8117685
RP11-296L22.8,-4.3438168,4.688903
AC074011.2,-2.247862,2.6083827
AC127904.2,2.9461172,3.4005334
AC092171.4,3.1853688,1.8028944
RP11-413E1.4,-1.608507,2.1109958
RP1-149A16.3,1.919855,2.4312196
AC106870.1,-3.5291018,2.9214623
SC22CB-1D7.1,-4.8928647,3.9758453
AC006007.1,0.5090428,4.519788
AC021188.4,0.37046278,1.9977558
AC007036.4,-2.2359316,2.6368365
RP11-153F1.2,-5.3749986,4.021667
AC079807.4,3.4156985,3.576546
RP11-508N12.2,-2.5205348,2.679867
AC012456.4,-2.1597264,4.8233113
AF015720.3,-1.7129079,2.299204
AC097532.2,-5.1406775,5.1395445
AL132709.1,-2.6818411,4.1284623
RP11-49O14.3,-1.2852393,2.6319668
RP11-417B4.2,-0.8166938,2.4399571
AC007349.7,-4.6276913,5.448362
AC068580.7,-4.8012567,2.930322
RP11-380D15.3,-5.575843,4.9995613
RP11-383M4.2,-4.885208,2.2661695
RP11-379C10.1,-2.0850236,2.3951774
RP5-936J12.1,-5.9228983,3.61957
RP11-486B10.3,-2.0938997,2.7796164
RP11-67K19.3,3.115313,3.396282
RP11-767N6.7,3.008754,2.0860128
RP11-9L18.3,0.98107356,3.6838636
XXYAC-YX60D10.1,0.5335054,4.8592396
RP3-508I15.10,-0.8597698,3.6450367
RP11-527D15.1,-5.093647,4.0977316
RP4-753M9.1,-2.7224088,4.0482383
RP11-34A14.3,-0.6738461,3.0928185
AC002386.1,-6.0166836,4.4716268
AC026202.5,-5.0277514,4.168497
AP000356.2,-1.8730233,2.7096467
AC099344.2,-3.5947824,5.828247
RP11-109P14.10,-2.1520817,4.5937753
RP5-1086L22.1,-4.924768,4.9218936
RP11-107I14.5,-4.757373,3.9478095
AC084149.1,-5.633613,4.381932
AP001255.2,-5.4446716,3.2213104
AC084193.1,-5.4920235,4.841165
RP4-734C18.1,-5.1086082,2.9024854
AC092625.1,2.6465118,4.701497
RP6-109B7.2,0.5845856,2.6557276
RP5-860P4.2,-6.097402,3.9187756
AC092431.3,-0.93767697,3.442117
RP11-445P17.3,-5.7054005,4.9006143
RP11-91N2.3,-5.4360523,4.3569455
AC009236.2,-5.7858534,5.3593445
AC103563.9,-1.2684004,1.5395818
RP11-316M1.3,0.1721907,3.4551392
RP11-560A15.4,-5.453225,4.2662377
RP11-342H21.2,-4.689457,4.5389886
RP4-760C5.3,-1.4990705,4.039849
AC011747.6,-2.1722033,3.3133955
AC012513.6,1.1714547,4.222108
AC008154.4,-3.9088426,5.1698866
RP11-298J23.5,-1.0693783,2.0740097
RP11-354M20.3,0.6093651,2.6579413
AC004070.1,-5.0415926,2.3350625
AC078842.4,-3.190107,2.6467123
RP4-569M23.2,1.2985868,2.7821295
AF129075.5,2.2939057,2.6157792
RP5-1073O3.2,-0.6600784,2.0343966
RP11-40C11.2,-2.8048677,2.8013456
RP11-391M7.3,-4.88993,2.9467387
RP11-347J14.7,0.65930766,4.503839
RP3-463P15.1,-4.861053,4.703508
RP11-10J18.3,-4.2899017,4.2620616
AC093702.1,-4.652257,4.985564
AC116609.3,-5.084887,5.0993657
RP11-125D12.1,-4.8908725,3.0158527
AC007003.1,-4.76878,2.9385068
RP11-34D15.2,-4.100457,4.599631
AC013448.1,-0.14711405,2.8543596
RP11-462B18.2,-5.7375655,3.8477
AF127577.11,-0.5366009,2.5640054
AC011752.1,-2.2722874,2.5775952
RP11-111F5.3,-0.8975234,3.815158
GS1-600G8.3,-4.7965794,5.4675035
RP11-85O21.4,-5.444684,4.910611
AP001604.3,-5.1458383,3.5162504
RP11-134J21.1,-4.869682,2.5002205
RP11-436K8.1,2.1318746,3.7317674
AC005009.1,-6.468827,4.642024
AC010745.3,-4.559821,4.7161765
RP4-799P18.4,-3.785263,2.690573
RP11-445O3.1,-4.975634,3.2131107
RP4-797C5.2,-5.156775,4.0017543
RP11-459F1.2,-5.9949903,3.2968357
RP11-723O4.2,3.4473963,1.8712611
AP000696.2,-4.3262224,4.308346
RP1-225E12.2,3.720726,3.0734537
AC017006.3,-1.7314922,3.0436094
AP000302.58,-5.5055456,4.3373976
RP11-442J17.3,-5.8335843,3.706378
RP11-331F9.3,0.4097652,3.055945
RP11-310H4.3,-3.4161663,4.04323
AC023481.1,-3.340493,2.6603062
AC099344.3,-4.721146,3.5268495
CTA-992D9.7,-4.697738,4.7104073
CTC-490G23.2,0.3219687,1.5450221
RP11-193P11.3,-6.0709057,3.3147829
AC006380.3,-4.7422094,3.4076612
AC006050.2,-5.8289413,5.492143
RP1-45C12.1,2.3442485,3.1931183
RP11-467I20.6,1.1393902,3.7656014
RP1-14D6.7,-3.7704687,4.9853764
RP11-321L2.1,-3.1054192,4.0723553
RP5-1170K4.7,-3.989688,5.792921
ENSG00000231474,-4.4357095,2.872543
AC074389.5,-6.081655,5.750806
CTB-187M2.1,-5.1801186,3.507893
AC141930.2,-3.4868598,4.9290204
AP006285.7,-3.89629,5.7243147
AP003774.5,-5.2294683,4.9767847
RP1-213J1P__B.2,-4.8153014,5.4350634
RP1-251M9.2,-3.260671,2.7037482
AC108868.5,-3.8292983,3.7815492
RP11-574F11.3,-0.39968857,1.3522826
AC006003.3,-3.597831,3.0756745
AC007285.7,-0.43331873,3.6414173
RP11-244N9.4,-1.3265241,2.640777
RP11-187A9.3,-0.7245451,3.6758265
RP1-232L24.3,3.2176304,3.0801086
AC123886.2,-1.005498,3.7072039
AC010132.10,-5.982974,5.2751145
AC018717.1,-6.079364,5.685876
RP11-245P10.4,1.6859562,2.3783722
AC034228.2,-4.4573555,3.1648028
AC009110.1,-5.177876,4.553602
ENSG00000231591,0.9600637,1.0998126
AC007557.4,-3.836321,2.547025
RP11-164C1.2,-4.9612193,4.9124937
RP5-897D18.1,-5.7646103,4.2440405
RP11-344F13.1,-2.9142473,2.7450783
RP11-522M21.3,-4.8569946,4.710031
RP5-943J3.1,-0.91911095,1.6637781
RP11-575L7.4,3.3789225,3.651579
AP000855.4,-5.367588,5.0142627
AC013402.4,-5.0213227,3.4863567
RP3-355L5.4,3.0217235,2.4448247
RP11-740P5.3,-5.3934174,5.3165255
AC010731.3,-4.953582,2.7211728
RP11-686D16.1,-5.645849,4.2529087
RP11-339N8.1,-4.636194,4.5565224
AC020743.3,-5.9579906,3.8952076
RP1-27K12.2,3.4643672,3.2323666
RP11-203F10.5,-2.8175335,3.6344414
AP002856.5,-4.6150956,6.64056
RP4-669H2.1,2.1147447,3.9493766
AC004895.4,-0.66235864,4.024255
RP11-432J24.2,-3.410056,4.2409177
AF064860.7,-3.5941174,4.767623
RP11-476H20.1,-1.5087146,2.5359268
RP11-568A7.3,-4.050031,5.4413347
RP11-573D15.3,-4.626982,3.9885046
AC010976.2,4.2845993,2.7251363
RP11-63G10.2,-4.7204704,4.3335304
RP11-227H15.5,-5.501413,4.4367275
AL512380.1,-2.857499,3.8397212
RP11-183I6.2,-5.0377007,4.6877313
RP11-350J20.5,3.6725247,3.2543662
RP1-8B1.4,1.822595,2.9357054
RP1-154K9.2,-3.6309006,5.7163706
AC079896.1,-5.8498774,3.9606252
RP11-382D12.1,-4.9795327,4.7945466
AC009542.2,-0.78753304,2.4592345
RP3-527G5.1,-3.4264605,3.848403
AC007179.1,-5.5318,2.9519894
RP11-310E22.7,3.928549,3.5421677
XX-FW83128A1.2,-3.064829,3.6141071
RP11-327P2.5,4.1135497,1.7308161
RP3-428L16.1,4.211983,3.3497376
RP11-229P13.23,2.4097917,1.6907816
AP001625.5,-4.6928945,4.626841
RP1-202O8.2,-2.290884,4.7171383
ENSG00000231869,-4.297042,4.9781623
RP11-761N21.1,-6.1264834,5.730979
AC009158.1,-2.6505446,3.1579566
RP11-177F15.1,-5.0632043,3.5666862
RP11-76I23.7,-0.7698358,4.0873814
RP5-1120P11.3,5.2916207,3.1349137
RP1-297M16.2,-5.638052,3.2317998
AC073316.2,-4.7232676,4.864033
AC019185.4,-3.3979468,4.0186715
RP11-281A20.1,-3.851127,5.339379
RP11-29B9.2,-5.1462045,2.6582506
AC079354.5,-1.5779133,5.0811152
RP1-249H1.2,-5.1849527,5.003773
AC007682.1,-0.33674216,3.113398
AC102953.6,-1.7966774,4.418849
RP11-329E24.6,-3.3592854,2.9316967
RP4-591L5.2,-4.1191535,4.307052
AC004837.4,-3.7698863,4.6814513
RP4-706G24.1,-5.352833,2.9664392
AC007383.4,-3.3108637,1.5536344
ENSG00000231960,-7.1481867,4.1020107
RP11-493K23.4,-2.6909473,3.6632068
RP11-67C2.2,-0.4297703,1.3051646
RP11-452K12.7,-3.521422,1.8130342
RP5-963E22.4,-2.8120956,4.1789727
RP11-35L17.3,-5.242708,5.1728225
AC011899.10,-3.493528,2.6743429
RP11-82L20.1,-4.3031015,3.946912
AP000474.1,-4.592558,4.1550636
RP11-53B5.1,-5.7921534,3.2551444
RP11-57H12.2,-1.1321926,2.460744
RP11-448J14.1,-5.3286123,4.482763
AC005537.2,2.4351587,3.1191754
AC074183.4,-0.7095877,4.6190724
ENSG00000232026,-4.96153,4.59548
RP5-991C6.4,-2.4325776,2.5584497
AC092168.2,-1.9570582,2.6728694
RP11-87N24.3,3.033094,4.4459014
RP4-530I15.9,3.3898668,2.4844198
AC009784.3,-0.08129531,2.2950768
AC092687.4,-4.187978,2.867606
AC093390.1,-3.4110684,2.7456071
AC005772.2,-4.7510934,4.078684
RP11-307E17.8,5.308288,2.4112425
AC004901.1,-4.2129135,4.61287
RP1-302D9.3,-4.4159226,4.9479623
XXBAC-BPG254F23.7,-5.7996364,5.2834587
RP11-261C10.4,-2.308817,2.5185654
RP11-141J10.1,-5.593892,4.421566
RP11-149I23.3,4.5522847,2.9151309
RP11-349P19.1,-5.527258,3.4456444
RP13-30A9.1,-4.713221,4.786037
AP001057.1,2.1859818,2.5273147
RP11-143P4.2,-4.936175,4.9552054
AC073257.1,0.6693443,3.7450917
AC073218.3,-5.3669133,4.1749444
RP6-27P15.2,-4.1737814,4.295481
RP11-370K11.1,-1.6798679,2.4069781
RP11-312J18.6,-5.470992,4.5642185
AL157359.4,-4.5723553,3.4573014
RP1-313L4.3,-3.3874059,4.060384
RP11-302L19.1,-3.9133468,3.5625472
RP4-564O4.1,-6.0133104,4.5094156
RP11-395D3.1,-5.3644514,3.9075937
AC008440.5,-2.78172,4.941024
AC013401.2,-4.846533,4.909423
RP11-203H2.1,2.6491766,4.7288585
RP4-705F19.1,-4.562317,4.8641872
RP11-30L8.1,-4.364902,5.153896
RP11-4C20.3,-1.8098068,3.857679
ENSG00000232266,-5.625694,4.557694
RP4-764O22.1,-5.6312437,5.100697
ENSG00000232272,-7.148006,4.1050315
RP11-80K6.2,-4.7648177,4.3200464
RP1-292B18.3,-4.287625,3.5614593
RP4-715N11.2,-5.231262,3.0770967
RP11-154D6.1,2.8774822,2.6765418
RP1-105O18.1,-5.4393506,4.5329294
AC012485.2,-4.086995,5.0630393
GS1-122H1.1,-4.735671,2.754334
AC093627.7,-4.632075,5.416449
AC011286.1,0.8183839,4.548096
RP11-435D7.3,-5.8252892,4.578813
RP11-46O21.2,2.5065215,3.4895012
ENSG00000232343,-5.5626497,4.446153
RP11-488L18.8,-0.980852,4.652406
RP11-655G22.1,-5.747335,4.017106
RP5-955M13.4,-5.6957126,4.402669
AC104777.1,-0.9426799,2.6114852
AP000281.2,-4.963514,4.6357145
RP1-102D24.5,-3.8106022,4.883466
AC016910.1,-1.9403449,2.3948536
RP11-66B24.2,2.815432,3.812355
AC090696.2,-4.7537894,4.9819293
RP3-399L15.1,-4.8344703,3.3865595
AC140481.4,-5.053221,4.684874
AC009495.3,-4.402227,5.2843256
RP11-343J18.2,-5.1421356,4.1614413
RP11-103C3.1,1.1822237,2.953584
AC010745.4,-4.9916434,4.4226885
RP11-416N4.1,-3.8209257,3.7212284
AC016768.1,-3.84201,5.8127394
CTA-125H2.1,2.5146549,4.696144
RP5-1022J11.2,-5.4927697,3.5515811
RP11-313D6.3,0.5960148,2.2043207
RP11-403N16.2,0.91532993,4.776605
AP005273.1,-5.2502084,4.576279
AP000233.2,-4.8052464,4.086731
AC074366.3,1.3107553,3.8358452
RP11-29H23.4,-1.0145833,4.0362825
RP11-332K15.1,-4.634074,5.6488247
RP1-257I9.2,-3.086491,3.917741
RP11-74C1.4,-2.8071394,1.9807011
RP11-385M4.1,-6.0742745,5.3356843
KB-318B8.7,2.3324504,2.6958058
AC104088.1,-1.4224823,3.0130022
RP11-4M23.3,-4.562706,4.170502
ENSG00000232577,-3.6190732,6.00115
AC079742.4,-2.2430866,4.968064
RP11-128I7.1,-4.8446445,4.7347713
AC013727.1,-4.9415317,3.511597
RP1-90K10.4,-5.5361238,4.607488
AC010967.3,-4.769944,2.7840939
RP11-1114A5.4,4.411804,3.1654472
RP11-365O16.3,0.7155475,3.7489083
CTD-2201G3.1,-0.29013756,3.3436525
RP11-342C20.2,-5.5112104,5.2618365
RP11-379F12.4,-3.8740864,4.7614107
RP1-266L20.2,-5.225081,4.825294
AC008073.7,-1.015932,3.569577
AC004862.6,-3.7694497,6.0635877
RP4-718D20.3,-5.6822906,3.5330229
AC002511.3,-1.0610745,1.4293944
RP11-388P9.2,0.4518969,3.1307507
AP001596.6,-1.9131632,4.5300894
AC012370.2,-2.0699017,2.6220536
AC017006.2,-3.5545347,3.0084426
RP4-669P10.16,-1.1753917,3.813419
RP11-13J8.1,1.4660196,4.2346625
RP11-403I13.5,3.3065531,2.0085077
AC073043.1,3.0941083,3.2998524
RP5-986I17.2,-4.845747,4.562755
RP11-25G10.2,-1.36202,3.9648645
RP11-196G11.6,4.5000587,3.006356
RP11-15B24.4,-4.6662965,3.6783104
RP1-85F18.6,-0.9741021,2.5323603
RP4-784A16.4,-1.4189781,3.297193
RP11-47I22.3,4.9515176,3.4681752
AP001610.9,-3.442102,5.441493
RP11-536K7.3,4.4871545,2.9591215
RP11-96K19.2,3.496558,2.317169
RP11-73B2.4,-5.4536242,2.7689734
AC003986.6,-2.7194808,4.5592275
AF196970.3,-3.5790756,2.0894418
AC107057.1,-5.707289,3.9398232
PTGES2-AS1,3.269486,2.2514694
AF131217.1,3.2625144,2.6781135
CTA-212D2.2,0.21018861,3.56367
AF127936.3,3.3243644,3.5325546
AF212831.2,-5.826667,3.7200572
RP11-136K14.1,-2.2001164,2.218913
RP4-543J13.1,-4.8091927,4.9422073
RP11-410K21.2,-5.596031,3.5888593
RP4-697P8.3,-5.31463,2.6565764
RP3-510O8.4,-0.16231835,3.5752416
AC083864.3,-0.067775324,3.1896596
RP11-324O2.3,3.5018978,2.5867052
RP11-223P11.2,-4.7451034,4.8621125
RP11-98D18.2,-5.3144255,4.1887164
RP11-406O23.2,-3.6152024,3.6829195
AC002480.4,0.9610363,2.8124135
RP11-332H17.1,-2.222705,2.2793489
AP001062.9,-4.838,4.787082
RP11-293A10.3,-4.669954,4.1726003
RP11-146N23.4,-2.5463252,2.9472232
RP11-442O18.1,-5.7000413,5.001864
RP11-179A7.2,-2.7151115,2.9515924
RP11-334A14.5,-3.4306605,4.5562577
ENSG00000232995,4.2713876,1.8548883
AC067959.1,-5.633423,5.1387115
RP5-908M14.5,-3.972025,4.3705773
RP11-490E15.2,-2.6379879,2.7319582
RP11-439A17.9,-0.5132432,1.3004775
RP11-196G18.3,1.2821242,1.9954367
RP1-137K2.2,-1.1680977,2.6366527
RP11-398B16.2,-3.9587984,4.4403725
AC016700.2,-4.6052365,4.2807536
RP3-380B8.4,-4.459898,4.6972656
RP1-140K8.1,-3.8672805,5.54929
RP5-930J4.2,-4.2363663,4.0465527
RP11-5P18.5,-4.0224733,4.95583
RP11-440G5.2,-1.5071548,4.9908032
AC073094.4,-4.5377955,3.4071133
XXYAC-YX65C7_A.3,-4.8487897,4.54852
ENSG00000233089,0.9482838,1.1397382
RP11-520A21.1,-3.6997638,4.10651
RP11-375A5.1,-4.4338117,3.299147
RP11-524P6.1,-5.171709,4.630941
ENSG00000233119,-7.137874,4.1036425
RP1-67K17.3,-4.5534167,4.355796
ENSG00000233140,0.9139389,1.2298932
RP11-537A6.9,-2.0442555,2.9883661
RP11-364B14.1,-4.910621,2.340426
RP11-88I18.2,5.0702677,2.1138964
RP11-536P6.3,-5.0531487,4.211027
RP3-468B3.2,3.8794916,3.4573982
AC006372.6,-3.4936938,3.9408686
AC005324.7,-4.9738994,3.2091284
AC002511.2,-0.94810283,1.5098484
RP11-89N17.3,-4.9394193,3.3200223
RP11-216N14.9,-5.758998,3.370624
AC113189.5,5.165653,1.933849
AC079807.2,3.2751567,1.9202425
RP11-740P5.2,-4.9360223,4.440988
RP11-220I1.2,-1.4154694,4.6357045
RP3-339A18.6,-4.586896,3.3968887
AC007743.1,5.0709014,3.5215132
RP11-445K13.2,-5.2376833,4.3654466
RP11-219F10.1,-4.559137,5.1489835
RP11-380F14.2,-4.0528684,2.5100617
RP11-12C17.2,-4.574911,4.849333
RP11-760D2.5,2.7544239,4.055935
RP11-147G16.1,-4.782211,5.7508507
RP11-410N8.3,-1.6983899,3.5951924
RP1-12G14.7,0.29337576,3.6167538
RP4-799P18.2,-3.6541688,3.092745
RP13-221M14.2,-5.6498632,3.392107
AC018878.3,-1.4766943,2.8043184
RP11-25C19.3,-1.4140332,2.4594612
RP11-235G24.3,-4.2135124,4.6384177
RP1-69D17.3,-4.4253564,4.6199875
RP1-209A6.1,-1.9050896,2.4963512
RP11-202K23.1,-5.0505886,2.8395426
AC006019.4,-3.2410553,2.685541
RP4-655C5.4,-4.098644,3.933959
RP11-307L3.4,-1.1698589,2.4196067
RP5-893G23.1,-1.7138305,1.5820683
RP5-881L22.6,-3.6057858,5.806381
RP11-318G21.4,1.2379612,4.187827
AP000688.29,3.6459994,3.1878428
AC008063.3,-3.6012833,4.379116
RP11-86A5.1,-4.9253006,5.189513
RP11-567C20.3,-4.50675,4.039917
LA16C-23H5.4,-5.8976474,3.1952226
RP11-104L21.2,-5.11736,4.7719355
RP11-101E14.3,-4.4044976,5.323537
RP4-742N3.1,-4.8367863,2.6032047
AC002127.4,1.3549459,3.2883112
RP4-736H5.3,-5.5456457,4.137477
RP11-175I6.5,-5.746848,3.0919998
RP1-212P9.3,-2.5226755,6.0792284
RP11-301N24.3,-4.5158625,4.8578105
RP11-295G20.2,5.3202443,2.4321325
RP11-524K22.1,-4.760482,5.2871814
RP11-218D6.4,-5.0795326,4.7935333
RP1-187B23.1,0.49979034,2.7460468
AC017074.1,-4.7744756,4.6900773
RP11-78O9.1,-4.844013,5.7546186
RP5-984P4.4,-4.7084494,4.3363943
AC104794.4,-3.9538145,2.1000729
RP11-388N2.1,-3.8709285,4.797957
AC005162.5,-3.5277681,2.8538609
RP11-177F11.1,-4.039478,2.9446905
RP1-122K4.2,-4.994478,4.286071
RP11-867G2.5,-4.696754,3.5216982
AC017104.2,1.2598766,4.247895
AC011294.3,2.4851716,3.2901053
RP11-547D24.1,1.0018473,4.281247
RP11-57H14.2,-0.55728793,3.260884
AC108462.1,-4.6805277,3.7804265
RP11-500B12.1,-4.141054,5.475325
RP11-545D19.1,-4.379941,3.5771306
CTA-929C8.5,-4.531764,4.7240615
RP3-462D8.2,-5.672377,5.527517
AC069155.1,-5.7339807,4.0457697
RP4-694A7.2,1.7800725,2.0286787
RP11-542K23.10,-5.3395276,4.0802207
RP5-905G11.3,-3.5584414,5.6206193
AC093326.3,-4.445551,5.0315957
AC037445.1,-2.8760355,2.6151264
RP11-431K24.4,-4.8031054,4.4220757
ENSG00000233649,-4.398526,4.249088
RP11-111F5.8,-1.761948,2.5381017
RP11-716O23.1,-5.887715,3.8067734
RP11-523O18.5,3.683463,3.1463354
RP11-123O1.1,-4.910745,4.1728387
RP5-1087E8.3,-4.81913,4.481613
AC012506.2,-4.7149405,4.5606256
RP11-205K6.1,-6.31307,4.6256714
RP11-109P14.9,-1.0210377,4.4746113
RP11-567G24.3,-3.709298,2.7756681
RP5-1039K5.13,-2.1390712,4.7188525
AP001628.7,-4.649761,4.5603623
RP4-799D16.1,-5.51141,3.2760966
AC004947.2,-4.1515203,4.440557
RP4-811H24.9,-4.2760587,4.6748643
AP001442.2,3.0158772,3.8854053
RP13-314C10.5,0.026016941,3.089739
AC139887.4,0.5166101,2.5753505
RP11-168K11.3,-2.5121324,4.7701654
RP3-443C4.2,-4.0803537,4.8279996
AC003985.1,-5.920592,4.044325
RP11-135A24.4,-0.6918806,3.7297647
ENSG00000233826,-0.30201912,5.541208
RP1-92C4.2,-4.479338,3.6211538
AC062031.1,-0.91059893,2.0661652
AC093732.1,-1.3798208,2.3886013
RP3-348I23.2,-2.5943637,2.8066797
AC022201.5,-4.5337434,5.4688587
AC103563.8,-0.49348813,1.4929627
AC005304.1,-4.5674133,4.4036837
AC016907.3,3.9596112,3.4999325
LA16C-4G1.3,0.43491992,3.324963
RP11-61L14.6,-4.4169254,4.142506
XXYAC-YM21GA2.3,-5.4001875,3.5039446
AC007131.2,-6.0611854,5.4414954
RP4-650F12.2,-4.444308,2.8245494
RP11-315I14.2,-4.5919533,3.4258802
AC026202.3,0.8919934,2.7410374
RP11-372H2.1,-4.8546023,4.8777285
RP5-1061H20.5,-6.1046815,4.459144
RP11-305F18.1,5.5142345,3.4541137
RP11-399H11.2,-4.119722,5.018873
CTC-338M12.4,5.150021,2.101039
RP11-404H14.1,-4.147911,3.458561
AC004012.1,-3.4446921,5.6873727
ENSG00000233950,-4.250239,4.282492
AC009970.1,-1.555829,2.0032089
RP11-153N17.1,-4.670053,4.4404798
RP11-250B2.3,4.073459,2.3559246
RP11-354E11.2,3.544469,3.3807647
RP5-1006K12.1,-5.234488,3.5388503
AC092159.3,-5.942214,3.456679
RP11-310H4.2,-4.0114837,3.68184
RP3-380E11.2,-4.6214414,5.4306464
AC106706.1,-0.57151693,4.592985
RP11-236P24.3,-3.7123652,3.4548538
RP11-75C9.2,-3.6374173,3.0767066
AC008278.2,-3.9485207,5.171017
RP11-310E22.4,-2.8691003,4.201711
AP000959.2,-1.5523348,1.5735824
LL0XNC01-237H1.3,-4.503614,4.3581696
RP11-247A12.1,-4.9859195,4.610009
ENSG00000234063,-4.7602677,3.9829805
AJ006995.3,-1.953969,3.3012888
RP3-388E23.2,0.47912392,3.0934567
RP11-1217F2.15,-5.0115147,2.2032075
RP11-353M9.1,-3.9476767,2.9913776
RP5-1177M21.1,-4.0150104,3.9286253
GS1-278J22.1,-5.218966,3.3183134
RP11-261C10.1,-5.7234273,3.2122416
RP11-259P20.1,-2.4699795,6.132526
RP11-168O16.2,-4.9836273,2.7139022
RP11-383C5.5,-1.3087847,4.3388615
AC055764.1,-3.2694538,1.6209428
RP4-550H1.4,2.0715034,3.8453825
AC009473.1,-1.0471481,3.9177504
RP11-515I12.1,3.1211617,2.0754614
RP11-77G23.2,-4.6945786,4.3415985
RP11-542K23.7,2.0158517,2.968832
RP11-613M10.6,3.5926394,1.6425002
AC009505.4,-1.6828138,2.3619785
AC093639.1,-5.82064,3.84301
RP11-257I14.1,-5.089219,3.2540226
AC016683.5,-0.8509183,1.9421898
RP11-118K6.2,-6.040367,3.425888
RP5-1132H15.1,-0.8037392,2.6722484
RP11-433J22.3,-4.9292946,4.4867196
RP5-1050D4.2,-3.4464312,1.9242051
RP1-67A8.3,-2.5248165,3.374162
CTA-256D12.11,-4.679345,4.61126
AC006372.4,-2.5686982,4.118096
RP11-25K21.1,-0.62966317,1.3647832
AC003988.1,-5.3424244,3.5020106
RP4-704D21.2,-1.9367748,4.229191
RP11-430L16.1,-5.751028,3.7856941
RP11-139J15.5,-5.0249143,3.6680713
AC012370.3,0.5966846,4.580656
RP11-146I2.1,2.9358304,3.1742702
AC073071.1,-4.6341033,6.5397205
AC017053.1,-5.057955,3.1772594
AC006026.13,1.2777864,2.7127235
RP11-213H15.1,-1.2875816,1.6230304
RP13-16H11.7,-4.7103076,2.7924654
RP11-271F18.1,-5.474047,4.240919
RP11-432J24.3,-3.6798663,3.538776
RP4-771M4.3,-1.2757156,3.713893
ENSG00000234331,-5.392297,5.2980676
AC009264.1,3.1630096,4.0951033
RP11-52J3.3,-1.2087072,2.4047763
ENSG00000234365,0.93418777,1.155381
AC098828.2,2.0163686,3.1928957
RP11-340I6.1,-5.2726407,2.7477279
AC007278.3,-0.36851707,1.3535218
RP11-211N11.5,-0.8690022,3.18092
RP11-561O23.5,0.30576062,2.8126621
RP11-181G12.4,-4.3611307,4.3979435
LL0XNC01-250H12.3,2.1218514,2.202877
RP11-560I19.1,-3.071263,3.4083965
RP11-528G1.2,-2.4179947,6.16538
RP11-459O1.2,1.4966829,2.6690514
RP3-413H6.2,-4.835288,3.7134542
RP11-666F17.1,-0.29004395,2.5502815
AC007283.5,1.8351963,2.0705395
AC068489.1,-5.535706,4.097739
AC067960.1,-4.670193,4.487979
AC002064.4,-3.13729,4.759073
ENSG00000234461,-4.0069957,4.61252
RP11-136B18.2,-5.9594703,5.5162077
AC147651.1,-4.65369,4.624922
AC004231.2,-3.8354588,4.992958
RP4-614N24.1,-4.9857125,2.656687
RP1-55C23.7,-0.80248094,1.2761129
KB-1592A4.14,-4.525591,2.4990637
RP11-285G1.2,-4.759117,2.9749253
RP3-495K2.1,-4.544848,4.1219363
HRAT17,-2.8458638,3.9228954
RP11-37L2.1,-4.889579,4.6593666
RP3-448I9.1,-5.7085094,4.4511843
RP11-282I1.2,-4.739401,4.3880644
AC022431.3,0.6126554,4.5049176
RP1-283K11.2,-3.958388,4.0298114
RP4-784A16.1,-4.5042534,4.612471
AC009305.1,-4.816107,3.4006023
RP11-733D4.1,-5.9142375,4.2805047
AC019186.1,-2.378272,3.0962453
AC013733.3,-4.8123493,5.635529
AC010096.1,-4.7979546,3.2561755
RP5-1158E12.1,-4.7520523,4.6783557
RP13-297E16.5,-4.667744,4.0309467
RP1-149A16.12,-5.879802,5.528011
LL22NC03-2H8.4,2.32765,2.1197658
AC053503.6,-3.7325346,4.2401233
RP11-264E18.1,-5.3551235,2.9398358
RP4-753D10.3,-4.3704257,4.29799
RP11-503C24.4,0.5990349,4.493209
ENSG00000234673,-2.4555035,3.773174
RP11-242F11.2,-5.3759565,4.0968947
RP11-285A18.2,-5.7788997,4.78098
AC010971.1,-2.9827363,2.8098667
RP11-445L6.3,-3.9021657,5.290201
RP11-112L6.2,-4.7332983,2.8188415
RP11-225H22.4,-2.0660336,4.3011384
AF015262.2,-5.5021257,4.108016
AC060834.3,-1.2961473,4.416067
RP11-143G3.1,-5.0959735,3.897863
AC009965.2,-2.6997247,3.0209868
AF241725.4,-5.145316,3.8894775
RP11-272P10.2,-0.5754716,4.2211986
AC034228.4,-1.8912808,2.0709732
RP11-203H2.2,-5.8432374,5.5059404
RP11-503C24.1,-5.1226344,3.8718774
RP11-335O13.7,0.49497637,4.462121
RP11-483H20.4,0.20051533,2.8400218
AC108448.3,-4.4025044,5.6735473
AC114730.7,-3.5813556,1.866906
AC113607.3,-5.5639105,4.189618
RP11-90C4.1,4.6695724,3.1276882
AC092687.5,-3.7920847,3.9509363
AC003084.2,-5.9153237,4.9022107
CTD-3105H18.7,-0.26668808,2.9564674
AC003958.2,-4.46546,2.5574117
RP11-547C13.1,-4.2479796,2.9199362
RP5-1097P24.1,-4.58028,4.9599495
AC092660.1,-5.4132257,4.3739963
RP1-288L1.5,-4.5687675,4.6886344
Z82214.2,-4.497583,3.6037526
RP1-278O22.2,-5.664994,3.4491868
AC007879.2,-0.36099857,3.41
XXBAC-B476C20.13,1.3739337,4.286147
RP11-384C4.7,-2.3154998,2.3856702
RP5-994D16.3,-0.6949642,3.989955
RP11-20F24.2,-4.6783633,4.7858524
RP11-85O21.5,-3.1356084,3.6418536
AC018685.1,-3.0081315,3.416426
AC010883.5,0.9745428,2.26471
AC012668.1,-5.7397127,3.999126
AC023128.1,-4.8580856,4.5877247
AC092839.4,-2.9291706,2.6711586
RP5-837I24.2,-5.1351275,4.0539074
RP11-124N14.3,0.8046774,2.3859515
RP11-347D21.1,-3.6525624,4.9002786
AC074389.7,-6.1601763,3.3139598
CITF22-24E5.1,-5.003302,5.271098
XX-C2158C12.1,-5.6108737,2.9937413
RP11-439A17.10,-4.4943895,3.3444738
RP11-195M16.1,-2.6171484,6.0304847
RP4-726F1.1,-5.246652,3.0907419
RP11-109I13.2,0.027988076,3.0190718
RP11-439E19.7,-3.4122238,4.1841807
AP001626.2,0.4183915,3.4662623
AC068580.6,2.540613,2.1660392
AC007395.3,-4.4600034,3.773826
RP11-393I23.4,-4.145116,3.3174827
AC016751.3,-4.758115,4.5810857
RP11-637O19.2,-1.9505081,3.6655238
RP1-150O5.3,-1.35613,4.992904
AC010983.1,-4.86371,4.2073236
AC008175.1,-5.562835,3.1085799
AC009303.1,0.14596653,2.3845387
AC068138.1,-3.547769,3.8972383
AC073842.19,-4.24844,4.564877
AC142528.1,2.5700264,1.5579766
AC091153.4,-4.9900103,4.415172
WI2-85898F10.1,0.45629144,4.593822
RP11-83A16.1,-1.4855729,2.752463
RP1-23E21.2,-5.0015254,3.1538434
RP11-80H5.9,3.2778878,3.2400308
RP1-29C18.8,-0.058883797,1.4907738
RP11-9M16.2,-1.5973326,1.6848342
RP11-90L20.2,-1.6350482,3.2830667
RP3-417L20.4,-1.4324354,2.9227092
AC128709.3,-4.6516595,4.348283
AC068286.1,0.807223,4.5047374
RP11-374P20.4,2.270659,2.4260094
RP11-135D11.2,1.4574996,4.0556355
RP1-65J11.5,-1.9018939,3.2029095
RP5-857K21.2,-4.7979546,4.644404
RP11-45I20.1,-3.7744029,3.288386
AC114730.2,-2.2316623,3.272871
RP5-865N13.2,-4.5483947,6.445116
CTA-280A3__B.2,-5.440736,3.8837993
AC087430.1,1.3806509,4.172947
RP1-12G14.5,-4.5143967,4.803261
RP4-537K23.4,1.0623419,3.992022
AC009495.2,0.9411893,1.5683918
CTA-109P11.1,-5.146026,4.895502
RP11-121A14.2,0.20789175,2.7887902
CTA-150C2.13,-3.2127934,5.0371566
RP11-145M4.2,-5.5693097,5.546481
RP13-131K19.1,-0.32537213,3.8615572
RP1-151B14.6,-2.347792,4.2563243
AC010982.2,-4.9961643,4.3337054
RP1-5O6.5,-4.212767,4.2629566
RP13-392I16.1,-4.1355667,5.7169924
RP1-90L6.3,-0.20212184,3.1438522
ENSG00000235273,-4.5601516,4.4124537
AF127577.8,0.6380571,4.0153966
RP11-539E19.2,-3.4781265,3.27483
RP11-526P5.2,-5.275589,2.6333432
RP11-70C1.3,4.5680423,1.7289662
RP4-796I8.1,0.43879572,4.348736
AC114814.3,-4.9048185,3.9616134
AC137723.5,0.96015203,3.0070333
RP1-79C4.1,-0.42388013,3.0299563
AC012360.4,-0.576997,4.2430115
AC007556.3,-4.042153,4.4053936
AC114765.2,-4.468048,3.4114246
AC114730.11,1.7225603,2.1177306
RP11-428G2.1,-5.068575,4.234674
RP11-477D19.2,4.4740844,2.2023382
RP11-134K1.3,-5.387248,3.890188
RP11-204P2.3,-3.806625,5.1453424
AC114808.3,-5.4665794,4.743203
RP11-397C18.2,-3.6262567,2.7792456
AC005808.3,-5.076613,2.7188811
AC010149.4,-1.3087586,1.8939551
RP11-342M3.5,-2.9962673,4.614992
AC006159.5,-2.6817605,3.1360474
AC006373.1,-5.3912673,4.527317
AC064865.1,-5.432595,3.52064
XXBAC-B476C20.14,-1.6285393,2.7461648
RP11-142A5.1,-4.736248,4.227091
ENSG00000235460,-0.29761228,5.548254
RP5-928E24.2,-5.9387097,5.575621
AC007652.1,-5.0714974,3.8253894
RP11-363D14.1,-4.3370447,4.1881166
RP11-498P14.4,-6.087279,3.150987
AC010987.5,-5.7391496,5.3546085
AC073046.25,-2.2462626,3.0317495
AC079799.2,-4.8552723,5.055069
AC011196.3,-3.459388,2.7432377
AC009505.2,-0.12046789,2.447083
RP11-63P12.7,-3.4348927,5.0408325
RP5-1028L10.2,-5.8633986,5.6339526
RP11-284P20.3,-4.745696,4.590854
AC009411.2,-5.813777,2.9170296
RP1-230L10.1,-6.3137846,5.1422563
ENSG00000235540,0.94919884,1.1031113
RP11-334A14.8,-3.5905533,4.6765876
AP000477.2,-4.9727197,4.054464
RP11-555H7.2,-4.675237,4.544833
RP4-800F24.1,-4.9872704,4.663787
XXBAC-B33L19.4,-4.509386,4.136975
AC008268.1,-3.885164,4.7722497
AC011247.3,-1.4261125,3.6608121
AF127936.9,4.2367315,1.767685
AC013448.2,-4.9008627,4.7455096
RP1-158P9.1,-4.761233,4.562791
AJ239322.1,0.3458225,4.4666615
AC020743.4,-4.013091,3.8078225
RP11-203P2.2,-4.2867475,3.1785378
AC016644.1,-1.3746767,2.7803395
RP11-457D2.3,-4.5125804,4.060961
RP11-374M1.5,-3.8616083,2.0730796
ENSG00000235668,-0.30283722,5.5397086
AC007389.3,2.74938,2.7437797
AC010148.1,2.4127223,3.255642
AC007349.5,-1.8956233,1.9883878
RP1-10C16.1,-4.887947,4.733697
RP11-439H9.1,-5.612153,5.115628
RP11-634B7.4,-1.5750525,2.9067397
AP001625.6,0.578977,2.7701597
AC023347.1,-1.7021692,5.156931
AC079779.5,-4.9667892,2.5438898
RP3-333A15.1,-4.0089293,3.8198366
AL109767.1,-1.9993382,2.0419436
RP11-421L21.2,0.62810194,2.3296335
RP4-646N3.1,-0.5635523,4.1634665
RP11-308B5.2,0.6406176,4.4144
RP1-125N5.2,-4.8455276,4.7125435
RP11-359J6.1,-5.3284316,3.1778026
RP5-1022P6.5,-2.2501197,2.3902054
RP1-60N8.1,-1.690814,2.4621294
AC073333.8,0.30142227,2.7454994
AC012363.13,-5.5759177,3.092105
RP13-16H11.5,-4.4649973,3.9377313
RP11-272D20.2,-4.7951174,3.0182338
AC005540.3,3.4566596,1.9754491
RP11-36D19.8,-4.0262246,5.183061
RP11-338C15.5,-4.7090497,2.6114979
RP11-335O4.3,2.2605696,2.4385347
RP11-59O6.3,-1.529154,1.9700875
AC114776.3,0.16288455,3.3166363
RP4-672N11.1,-4.3137226,3.2710745
RP11-626E13.1,-3.2679179,3.023326
AC019055.1,-4.923332,2.507194
AC007405.8,-0.7127714,4.2485285
RP11-123B3.2,-3.6801763,4.9343233
AP000431.1,-5.541653,4.0187073
RP11-472G23.10,-4.9434824,4.1402493
AC018816.3,1.4556236,2.0848887
AC004448.5,1.3008919,3.2262962
RP3-470B24.5,-2.7882383,4.005035
RP11-97N19.2,-3.673931,4.845883
AC007050.17,-1.4068694,2.5732942
ENSG00000236006,-4.205427,3.0882246
RP11-293F5.1,-5.044716,4.4316025
RP11-160E2.16,-3.886912,2.0523837
RP11-323C15.2,-3.7778113,5.4219055
RP11-269F20.1,-1.7032627,2.4833128
RP3-467K16.7,-4.6339874,4.537528
AC004920.3,-4.7217035,4.418328
RP6-191P20.4,2.908519,3.5681095
RP1-117O3.2,-3.526281,1.7845095
RP5-1011O1.3,-1.820851,2.704877
RP11-121P10.1,-5.1471934,4.495713
RP11-49O14.2,-1.7609739,2.797769
RP11-148B18.4,-0.7185913,4.0573473
RP4-639J15.1,-4.279823,4.425971
AC010729.2,-2.5648813,4.2554064
AC013402.3,-5.0603323,4.11591
RP11-62C3.6,-3.759041,2.1986656
AC064853.2,-4.7526455,4.763131
AP000688.15,-4.721582,3.582444
RP11-733O18.1,-0.24951468,2.1504219
AP002856.4,-4.9765134,4.128502
RP11-89F3.2,-1.6320047,1.5654804
AC013727.2,-5.1852293,3.185357
AC079988.3,-1.9362874,2.6649692
RP5-1100I6.1,-4.681559,4.7478757
RP11-343J3.2,-2.6127257,4.1270037
AC092687.3,-5.033736,5.0622787
RP11-268F1.3,-3.681974,5.3740225
RP1-182D15.2,-3.6612139,5.789942
AC003104.1,1.0528157,2.3104482
RP11-306I1.2,-4.9248147,3.0882251
AC104135.2,-0.11284235,3.4326575
AC009262.2,-1.585619,4.9634223
AC006369.2,0.8686758,1.6631652
RP11-645N11.3,-4.665771,4.7274156
RP11-400N13.1,0.64526415,4.550272
AC017048.2,-5.585041,5.0742464
AC091132.1,0.5552562,3.3574066
AC009404.2,5.5884695,3.1599088
RP11-263K19.6,-2.891816,4.907493
RP3-467L1.4,0.09028089,3.217789
AP006216.5,-3.8664544,5.9316688
AC013463.2,4.257549,3.4802833
AC007563.1,-4.0659485,2.4955134
RP11-340I6.7,-4.942249,2.4566202
AP001189.4,-1.898322,6.4160023
RP11-316M21.7,1.4440485,2.6003017
RP3-486I3.5,-3.6003582,4.7056975
AP001605.4,-5.0958767,3.9129992
RP4-591L5.1,-4.7758965,2.8808608
RP5-1103B4.3,-3.9981668,5.690245
RP11-346D19.1,-4.4084587,4.6565375
AC005220.3,-2.7932694,3.946882
AC079584.2,-5.262465,3.9071589
RP5-827C21.2,-3.518596,2.8555162
RP11-525G13.2,3.4679859,2.3586266
RP11-440G9.1,-1.4069167,4.219707
RP5-865N13.1,-1.035459,3.1052864
RP11-470F18.1,-4.1042666,4.434413
AC084809.3,-6.1339636,5.852164
RP11-394G3.2,-5.0616426,3.4489
RP11-114M1.2,-2.4434967,2.5581257
RP11-307O10.1,-5.1453495,2.4896498
RP1-287H17.1,-5.795665,3.8952081
RP11-25B7.1,-2.9982953,2.8280487
RP11-320G24.1,1.9536706,3.936546
RP11-229P13.15,-2.4389672,4.7696657
RP11-447M12.2,-1.1756366,1.4196472
RP11-476H24.1,-3.6716087,2.9239268
RP11-132N15.2,-4.620094,4.855406
AC004535.2,-4.8976493,4.5825243
RP11-79M19.2,-2.758487,1.7734847
RP11-296A18.6,-1.5537434,2.6684158
AC018890.6,1.2413156,2.4256809
AC067956.1,-0.63093114,3.1077673
AC123023.1,-5.9415717,5.500968
AC003092.1,-2.7308564,4.8582835
AC130689.5,-1.9931909,2.754138
RP11-523L1.2,-5.3203235,4.2425394
AC007040.8,-4.1748986,3.96423
AC002401.1,-4.791339,5.0019684
RP11-89N17.4,-1.0137397,2.7414265
RP11-7C6.1,-4.1244082,4.9918885
AC107081.5,0.5383853,2.737728
AC079305.11,3.5033138,3.5735028
RP5-1050E16.1,-4.1359563,5.432386
AC011284.3,-3.7618945,3.1098266
RP11-707P20.1,-2.0520182,2.586742
RP11-162G10.5,0.0989846,3.3922973
AC007278.2,-0.33635253,1.3578365
RP1-125I3.2,-3.3812141,1.6895047
RP13-254B10.1,1.889557,1.9471596
RP5-945F2.2,-5.473381,3.212311
AC003986.7,-2.9707186,4.6926336
AC006547.13,3.9706519,2.3320901
AP001619.3,-1.9209298,3.830723
RP11-443O13.3,-3.4770322,2.6789715
AC006369.3,-5.5909286,3.0196996
ENSG00000236587,-3.5152028,1.8423139
RP4-669L17.2,-4.2475853,4.797904
AC023115.4,-4.7669883,3.9421954
RP11-252P19.1,-5.2353535,3.5459404
AC016903.1,-4.571201,4.107489
CTA-221G9.7,-1.664425,4.7550335
RP11-175D17.3,-1.6276381,5.1013274
RP11-144L1.4,-5.5800533,4.5681148
ENSG00000236657,-2.4911501,3.653664
RP11-108L7.4,-1.4320444,4.5329566
AC011998.1,-5.1478953,4.6580043
AC114808.2,-4.6352353,5.2279997
RP11-69I8.2,4.577075,2.9367847
RP5-837I24.4,-3.9038267,3.0523496
RP11-323H21.3,-1.4183278,2.4197578
RP11-478H13.1,-5.1949906,2.5644643
RP5-1024G6.2,1.7076504,2.178892
RP11-252M18.3,-4.835686,4.319703
RP11-203L2.4,-3.580479,1.7118733
RP11-411K7.1,0.010460216,3.8783526
RP11-168O22.1,-5.3568892,3.2800412
AC004019.13,3.0482883,3.7390916
AC019118.3,-1.764836,3.4419222
RP5-1184F4.5,1.8910763,2.4636497
RP11-534L6.2,-4.8217244,4.371919
RP11-978I15.10,-5.167441,3.8662767
RP1-249F5.3,-3.8723104,3.800754
AC024560.2,-0.2668934,3.7068238
AC139712.4,-4.9927096,3.1331015
AC090617.1,-4.184798,4.1779356
RP11-3P22.1,-0.36516887,2.9744704
AC007750.5,-3.1143358,4.790957
RP11-399K21.10,-5.6166263,5.255142
RP11-239E10.2,-4.5435443,4.675673
ENSG00000236854,-3.7641895,3.0193841
AC105393.1,-5.575246,4.6307154
CTA-992D9.6,-4.529717,2.5249147
RP11-44H4.1,-3.9167354,5.012416
RP1-66N13.1,-4.360954,4.9872603
AP001615.9,-4.290629,5.1159997
AC018731.3,-1.2211871,2.5900447
RP11-38J22.1,-2.0480876,3.2489557
RP11-482E14.2,-3.9401784,2.8074622
RP11-535C21.3,0.33568352,2.895162
AC113331.9,-5.4285865,4.169828
ENSG00000236903,-5.5909157,4.5054345
RP11-78B10.2,-0.85654086,1.304019
RP11-111D3.2,-6.485334,4.607033
RP11-408N14.1,-4.3227153,4.4537168
RP11-390F4.6,2.5128362,1.7610549
AP003774.1,0.5834916,1.5155939
RP3-329E20.2,-1.9789298,6.307789
AC003092.2,-4.3839736,4.5646186
RP11-154H17.1,0.12168037,2.9280188
AC007359.6,-5.696042,3.217487
RP11-264A11.1,-3.6720545,3.8162704
RP1-261G23.5,-4.8163195,3.5027747
RP11-298E9.5,-2.3429608,6.201483
RP5-1195D24.1,-4.912706,4.2820396
RP11-544A12.4,2.7319293,3.7100503
AC142119.1,-5.320531,2.5771465
RP11-433J20.1,1.6572016,3.885588
RP11-92J19.3,-5.661627,4.222034
ENSG00000237006,-0.30508244,5.540122
RP11-98G13.1,-5.327131,4.7044144
CTA-984G1.5,1.8273505,2.110055
GS1-433O24.1,-4.810803,4.4841704
RP11-16C18.3,-4.574165,4.383458
AC008067.2,-3.516024,2.7370813
AC109589.1,-5.42469,4.5739865
RP11-956J14.1,-4.537551,4.602955
RP11-308N19.3,-4.09054,4.2157717
RP4-550H1.5,0.4018251,4.077949
AC005550.3,-3.3772008,5.4414635
RP11-168K11.2,-1.3788537,2.028593
RP5-836J3.1,-5.396373,3.685386
AC068134.6,-4.6114073,6.2474065
RP11-365O16.6,-0.24230516,3.8795803
ENSG00000237108,-4.174716,4.5983453
AC073254.1,3.2914217,2.0927856
RP11-132E11.2,-0.4359034,3.1401587
AC128709.2,-4.7261553,4.746818
RP11-415D17.3,0.53031427,4.3515496
RP11-337C18.10,3.4174984,1.8192204
RP11-13E5.2,-4.9102416,4.5340347
RP11-569G13.2,1.399583,3.2452888
AC104777.3,-5.836285,5.106652
RP11-109A6.2,-3.1654005,3.148466
RP1-142L7.5,-3.185941,2.0452523
RP11-193H5.1,-6.0742865,5.7004223
AC068492.1,-6.514905,4.6321363
AC009498.1,-5.132439,4.5114117
RP11-96C23.9,-1.6898471,2.7433438
RP11-316I3.1,2.8823164,3.291076
AC007099.2,-4.888448,3.677101
RP4-680D5.2,2.5528674,3.2400925
RP6-159A1.3,-4.684273,5.5513377
RP11-475C16.2,-4.953992,3.005409
RP1-288L1.4,-4.915489,5.2394543
AC019064.1,-3.9137745,3.2159154
RP11-374A22.1,-3.4898734,2.7001462
RP11-439H8.4,-3.509602,3.159061
AC113608.1,-5.149254,3.8261287
RP11-230L22.4,-2.041294,2.6209798
AL132796.1,-4.5649533,4.5348673
RP11-763B22.4,-5.546601,4.0758867
RP3-448I9.2,-4.614245,3.2506423
ENSG00000237348,-2.422926,3.725952
AL163953.3,4.1890497,2.9661784
RP11-509J21.2,-1.4278649,2.4575913
RP11-334N17.1,-4.4553785,4.5098205
AC010907.2,-1.5995647,2.8383482
RP13-152O15.5,-3.8908653,5.257514
UNQ6494,-1.723878,1.6397828
AC005703.2,-3.9074407,4.292897
RP11-165J3.5,-4.55487,4.2449727
CTA-407F11.7,-1.6676075,2.484998
RP11-402L1.4,-4.610609,4.5306764
RP11-139I14.2,1.961566,3.8590827
AC006960.7,-6.077132,5.7538023
KB-1183D5.14,-5.0302567,4.40371
MGC27382,1.9629184,3.2032914
RP11-321L2.2,1.1913399,4.0992303
RP11-885N19.6,-2.0797791,6.318753
RP11-305L7.3,0.42707855,2.4619987
RP1-159A19.4,-1.4309502,3.7398472
CTA-520D8.2,-4.423449,4.663209
RP11-67L3.2,-3.1041565,4.1699905
RP11-554F20.1,1.5872506,2.8541377
RP3-461P17.9,-5.918764,5.292173
AC073115.6,-1.0733742,1.8615651
RP11-324C10.1,0.34819767,3.0328135
AC093911.1,-3.9340265,5.3412886
AC007557.2,-4.252375,2.5498295
RP5-947P14.1,3.074804,3.6663296
RP4-803J11.2,-1.5917128,3.409351
AC010105.1,-1.619913,2.6140094
RP11-526P5.1,-5.0573664,3.7958562
AC012668.2,-3.3853621,5.2162566
AF241725.6,-4.6761284,5.2204685
RP11-439K3.3,2.2580652,2.4079232
RP3-449H6.1,-4.6647696,4.8392496
RP11-309M23.1,-4.6846075,3.5345848
AC012451.1,-4.3411603,4.133701
RP4-620F22.2,-4.472618,4.2652874
ENSG00000237577,-5.3566155,4.3793087
AC005538.5,-4.2926536,3.0143275
RP11-66D17.3,2.770169,3.9659286
RP11-20J15.2,-5.2004004,4.8049197
RP13-143G15.4,5.026119,3.4744267
AP001056.1,-0.4350109,1.4739851
AP002856.7,-4.78394,4.45535
AC073257.2,-3.7885952,5.660795
RP11-406A20.1,-5.5179048,2.8654077
AC104623.2,-1.2642434,2.0877185
RP4-604G5.1,-4.2858768,5.0882506
AP003025.2,-2.54767,2.518325
AC073834.3,-4.8217206,4.855797
RP11-360O19.4,-4.9461036,4.762233
AC007064.24,-0.23818362,2.8335695
RP11-199F6.4,-5.3892465,4.2897153
AC008937.2,-0.88929284,2.2164216
RP5-1018K9.1,-4.686142,4.7128053
AC006000.5,0.65090406,2.9081986
RP3-400B16.3,2.5827572,3.006311
AC009095.4,-0.3470151,3.2645674
AC011995.1,-3.0338655,3.168397
RP11-298E2.2,-3.6303997,3.2637584
AP000473.6,-2.2320821,3.3429906
AC002368.4,-4.736267,4.6336055
RP11-77M5.1,-1.803465,2.8272038
RP11-278H7.3,-4.401873,5.3383102
AC092657.2,-5.5307374,3.6079733
RP11-127O4.2,-5.3434486,2.9606557
RP11-344N10.2,-4.9280057,4.3484063
AC003075.4,3.9726453,2.9925947
AC010894.5,-1.7287365,2.1565104
AC002066.1,-2.0707016,4.977388
RP5-974N19.1,-3.008828,2.7472396
AC159540.3,-4.493804,4.1062026
AC016903.2,-5.8632436,4.9768214
AC092684.1,-5.4593024,2.8170903
RP5-940F7.2,-5.5213156,5.3183894
RP1-67K17.4,0.61815107,4.545526
RP4-630A11.3,-2.4674585,6.0974536
AC062020.2,-5.370826,3.7203393
RP1-63G5.7,-3.2713032,3.936914
AC073130.1,3.962515,3.4640257
RP3-393K13.1,-5.2451215,3.9134912
ENSG00000237890,-3.5797963,3.4719095
AC005008.2,-4.2906733,2.9650526
RP4-739H11.3,-4.8395753,2.5989513
RP3-404F18.5,-1.9461894,3.0938148
AC004543.2,-0.8863791,2.8294766
RP3-393E18.2,-0.4837197,1.5566932
RP11-467D18.2,-0.73373735,3.5267687
RP11-288I21.1,3.306806,2.1538413
RP11-570K4.1,-5.162387,3.0140476
RP11-14O19.2,-5.305194,3.1507957
RP11-503C24.2,-4.7394085,5.325086
RP11-159M11.2,-1.8854556,2.2400224
RP1-146A15.1,-3.6204605,2.7164237
AC009227.3,-5.385056,4.2380123
AC024619.2,-4.972912,2.697786
RP11-34P13.7,4.1683235,1.9121171
RP11-123K19.2,-5.7141085,4.1543527
AC114752.1,-5.7467666,5.2091074
RP11-732M18.2,-4.8583355,4.697769
AC090505.1,-4.8863306,3.7850232
RP5-1185K9.1,-4.8258233,4.919918
AC138035.2,3.8601277,1.8109485
AF011889.2,1.0144222,2.4273288
RP11-699L21.2,-3.592741,4.547806
RP11-316I3.2,-5.1438494,4.885887
RP11-19D2.1,-3.697342,6.0967255
AP004372.1,-3.568195,4.988109
RP11-483I13.2,-0.612887,4.231245
RP11-667F9.2,-4.294644,5.008696
RP3-410C9.2,-5.1413975,4.7195168
RP11-253A20.1,-1.9109644,2.3707094
RP11-108M9.4,3.9631443,1.747333
RP11-415D17.4,-4.1505523,3.8440688
RP11-420L9.4,-5.446222,2.9002736
AC068196.1,-5.3578243,3.8279178
RP11-322I2.1,-4.7308826,4.4174523
RP11-431J24.2,-4.5932736,6.432043
RP11-252M21.6,-5.788306,3.329187
RP11-656D10.6,2.2793968,2.2458417
LL22NC03-121E8.4,-5.2040105,4.7631516
CTA-503F6.2,-4.6325836,4.7678742
AC114752.3,-2.1224802,6.3186045
AC009312.1,-1.516556,3.9754565
RP11-69L16.4,-3.382252,1.8499198
RP11-522M21.2,-5.6562834,5.217042
RP11-95P13.2,-4.8536825,4.426669
RP11-575A19.2,-1.3582299,2.2312121
RP11-342D11.2,-3.466251,1.89646
RP11-46F15.2,2.3056705,2.0254242
RP11-445J9.1,-4.883819,3.8764498
RP3-436N22.3,-3.2769294,4.704709
AC012360.6,2.8709962,2.4849324
AC068483.1,-5.111208,3.745201
BX470102.3,2.0480492,2.0867367
RP11-436D10.3,-1.1465257,4.0587606
RP5-1164C1.2,-4.9921947,5.0574155
RP11-94M14.3,-4.7939367,4.2680106
RP5-1121E10.2,0.013615139,3.6889315
AC093484.4,-0.6251004,1.6274159
RP4-712E4.2,-4.4257026,4.5859985
RP11-379K17.4,1.8215283,2.8125787
RP11-384F7.2,-2.3942158,3.7385566
RP11-400L8.2,1.7408332,3.0438535
RP11-615J4.3,-3.7533066,1.8762144
RP11-4B14.3,1.7939854,3.971956
LL0XNC01-237H1.2,3.9407134,1.8176262
AP001469.9,4.687513,2.6535099
CTD-2021J15.1,-2.6112924,4.9650393
RP11-514P8.2,-0.8632115,3.0993671
RP11-90K6.1,0.6183314,2.5691931
AC114765.1,-4.2869444,3.5236678
RP11-451B8.1,1.7670453,3.9430013
RP11-477J21.6,-2.0606349,2.7542138
RP11-543D10.2,-5.0344696,3.7137551
RP11-78O22.1,-4.959225,4.610912
RP1-127L4.7,-5.2091174,5.0674987
ENSG00000239675,-1.5258952,4.901922
AC093627.11,-3.6740763,4.1917953
RP11-290K4.1,-5.4937205,4.1508193
RP11-373E16.4,-3.9436212,3.0676544
RP11-789F5.1,-5.842195,3.5182095
AC017116.11,1.1686051,1.6233822
AC002310.7,1.7789389,2.0525177
RP11-34P13.14,-1.3018184,1.8005772
RP11-71N10.1,-2.194093,3.7584314
ENSG00000239940,-1.5376265,5.0080214
RP11-34P13.8,-0.88308,4.569527
RP11-889D3.1,-4.7293916,4.2687755
RP11-169N13.4,-3.923786,5.186439
RP11-90P5.5,0.7808356,4.0911837
RP11-12K11.2,-1.6005234,2.4848368
AC096579.15,-3.7214298,5.0236397
RP11-349J5.2,-4.900521,4.367336
RP11-657O9.1,1.1788068,2.8001544
AC093627.12,-2.1753895,3.1997476
RP11-88H10.3,-5.022429,4.60815
ENSG00000240110,-4.558885,4.4037023
ENSG00000240111,-1.4820374,4.9050846
RP4-753P9.3,-0.005877346,1.3779491
RP11-379F4.4,3.6663833,2.6220713
RP11-430C7.5,1.3419403,1.6668974
RP11-146D12.2,3.3556924,2.706973
RP11-314M24.1,-4.8722596,4.029976
RP11-499P20.2,4.0578537,2.62632
RP11-774I5.1,-5.845383,4.0707626
AC004869.3,-5.3822784,4.1346555
AC012358.8,4.499843,3.324464
AC007879.3,-4.3101883,4.4470477
RP11-416O18.2,-5.0982714,4.1347833
RP11-185E8.1,-1.941872,6.3603945
RP5-1101C3.1,-1.7172437,2.842516
RP11-680B3.2,1.5302039,4.426999
RP11-429G19.3,-4.839595,4.461705
CTD-2313F11.1,1.5941132,4.31664
RP1-184J9.2,-1.8310987,2.6876895
RP11-59J16.2,-5.0023265,2.9526677
RP11-775D22.3,-1.0356456,4.1620913
RP11-354H21.2,-4.9334083,3.9822075
RP11-247I13.11,3.566715,2.6133578
ENSG00000240684,-4.8099413,4.4389024
RP11-521D12.1,1.3510356,3.8279107
RP11-430C7.4,-0.2572328,1.5818663
RP5-890O3.9,4.013484,1.8803287
RP11-58O15.1,-4.2801642,3.2420754
RP11-418B12.1,-4.992592,2.989938
AC132217.4,0.46837842,3.2939255
RP11-62G11.2,-4.705914,4.0044074
RP13-635I23.3,-1.8537201,2.3017666
RP11-119D18.1,-5.099487,4.0387745
RP11-659E9.2,0.8397583,4.6000814
RP11-518L10.5,-4.837232,3.0247407
RP11-458K10.2,-4.943789,4.49133
RP11-734K21.4,-5.7301326,5.30993
RP11-80H5.7,0.19506077,3.7690723
RP11-145M4.1,-5.6561947,5.5027046
RP11-167H9.5,-5.8825636,5.317164
RP5-1002M8.4,-3.90999,5.200712
CTD-2061E19.6,-5.591846,3.4681394
RP4-714D9.2,-4.53527,4.697167
ENSG00000241111,0.5739271,2.977109
ENSG00000241124,-1.5361491,4.8983197
RP11-10O22.1,3.9383345,3.6659803
RP4-752I6.1,-1.5306493,2.575036
RP11-54O7.2,-1.2885765,3.8142219
RP11-572M11.1,-0.9728411,3.2590156
RP11-292E2.1,-5.951065,5.3459706
RP11-275H4.1,-3.0417674,2.6867344
AC093620.5,0.67235297,2.6462271
RP11-221J22.2,0.02538457,3.362817
RP11-342M3.1,-4.436151,2.5596893
RP5-921G16.2,-4.713007,4.6680503
RP11-807G9.2,-3.0149295,4.544065
RP4-630C24.3,-3.1522348,2.991605
RP11-758P17.2,-0.19117145,4.4627357
ENSG00000241408,-1.5232422,4.92155
AC064852.4,-3.4679213,1.6912602
RP11-545G3.1,0.9675875,3.1233318
RP4-555L14.4,-4.4978004,4.663123
RP4-781K5.5,-2.3653467,2.6385438
RP11-553L6.2,0.709287,1.753959
RP11-161I10.1,-6.0595355,4.429741
AC098820.4,1.4194704,3.7801745
AC108004.3,-3.2143073,1.7800151
RP11-523O18.7,-4.283057,2.9350457
RP11-520D19.2,-4.2743196,3.259157
RP11-326J18.1,-5.4257665,4.147885
RP11-34P13.9,-0.83012986,2.0417862
RP3-455J7.4,0.14009394,1.4673995
RP11-444P10.1,-5.4407043,3.1658604
RP11-80H8.4,-1.2419409,1.6182685
RP4-735C1.4,-0.36728382,5.4117002
AP001062.8,-0.13499151,5.1793165
RP11-280H21.1,-1.4061947,3.0009694
RP11-555M1.3,-4.3661737,4.5567203
AC092620.2,-0.016143145,2.2777607
RP11-501O2.1,-4.98769,4.175328
RP11-34P13.13,5.852067,2.605304
U66059.58,-4.870299,4.5874834
RP11-637O11.2,-4.833148,3.4508724
RP11-85I21.1,-5.406079,3.016996
RP11-242C19.2,0.21622829,1.8778918
RP11-292E2.2,-5.8128233,5.2689085
AC000370.2,-5.553313,3.3076851
RP1-149A16.17,-1.2722424,3.8700902
RP11-359D24.1,-5.118829,2.493929
RP11-338L18.1,-4.713162,4.660694
RP11-268G12.3,-3.1321926,5.1631956
RP11-457K10.1,-5.08024,4.6744924
ENSG00000242044,-3.933832,3.8319874
RP11-458K10.1,-4.775783,4.452668
RP11-738B7.1,-4.719658,5.6045947
RP11-734K21.2,-3.1909986,5.2025404
ENSG00000242138,-5.5182567,3.8198175
RP11-520D19.1,-5.1578636,2.921318
RP4-778K6.3,-0.7005947,2.4332976
RP11-142L1.1,-3.2831864,4.4967155
AC108488.4,3.0064216,1.7229251
RP11-875H7.5,-4.1200085,4.9540215
RP11-498P14.3,-2.8633842,4.612124
RP4-631H13.2,-5.103707,5.149053
RP11-67L3.5,2.3878355,1.5783211
CTD-2377D24.4,-3.4049032,5.1395564
RP11-290K4.2,-5.4796777,2.7418365
AC007620.3,4.272241,1.8311163
AC010729.1,-2.831647,4.1834555
RP11-719N22.2,-4.7851295,4.650768
AP001432.14,1.896421,2.5379696
RP11-875H7.1,-5.107585,4.620266
RP11-469J4.3,-2.6812177,4.5495214
RP11-274B21.14,6.3692956,2.9063087
RP11-54O7.14,-2.7874649,5.0137873
RP5-921G16.1,2.7703397,3.3607023
AC093627.8,-2.1463552,6.298127
RP11-433A10.2,-4.8449616,4.8463187
AC009228.1,2.1732328,2.9181573
RP11-271C24.2,-1.3075927,4.060025
RP11-716O23.2,4.386582,3.5233152
RP11-875H7.2,-5.1419315,5.1631756
RP11-451G4.3,-4.123434,4.2897363
RP11-3K16.2,-2.5415795,2.8486648
RP11-506M12.1,1.5695177,2.3995414
RP11-768G7.3,-3.043361,2.5368664
RP11-47P18.1,-3.9218051,5.0921154
RP11-285F7.2,3.2465105,1.8219876
RP11-190P13.2,3.064618,3.4233563
AC005062.2,-4.555659,6.8931074
RP11-556N21.1,-1.1405427,4.3608756
RP5-1070G24.2,-2.771079,4.147226
RP11-12M5.1,-4.7868524,2.5056562
RP11-231E6.1,1.7083658,4.0908937
RP11-779P15.2,-3.052278,3.3851223
AC000120.7,2.231756,2.7562764
RP11-46A10.5,3.1557772,1.9392639
RP11-550I24.2,4.9178085,2.2884345
AC110769.3,-1.7536701,2.1134636
RP11-286H14.8,-1.8638389,4.213404
AC073130.3,1.3185741,2.8831832
ENSG00000243245,-4.7050543,4.064658
ENSG00000243252,-4.666984,4.484651
RP11-166N6.2,-0.8173049,1.2706262
RP11-384F7.1,-5.609592,5.1116323
ENSG00000243286,-1.5775323,4.923098
RP11-779P15.1,-3.9216464,3.7214503
RP11-362A9.3,-3.580661,2.0690856
RP11-458K10.3,-6.07311,4.430138
RP11-445N18.7,1.1189916,4.230935
RP11-475O23.2,-3.6861393,5.803259
AC012442.5,-0.682509,3.9253128
RP11-274H2.2,2.2117665,2.9723935
ENSG00000243430,-0.6704357,4.541227
RP11-148K1.10,-0.21318966,3.774879
RP11-217E22.5,-4.9309087,4.2036643
RP11-521D12.5,-3.7416327,4.9537888
RP11-264K23.1,-5.296413,4.6469865
RP11-216N14.8,-4.995716,4.9981055
RP11-649A16.1,-2.8188782,4.074499
RP11-164O23.7,-4.5497694,2.766886
RP11-846F4.12,0.09165827,5.338482
RP11-80H8.3,-4.830847,4.753897
AC006547.8,-2.1846523,4.314101
CTB-111H14.1,-1.0040554,1.9772518
RP11-372E1.4,-3.5026567,6.127934
RP11-656A15.1,-5.4346256,4.2328124
RP11-278L15.2,-1.2451308,3.0418499
RP11-548B3.3,-4.44487,4.3858953
ENSG00000243902,-2.6643384,3.8622525
RP11-285B24.1,-4.576704,4.636899
RP11-167H9.4,-5.216135,5.097039
RP11-439C8.2,-4.052558,4.4567604
RP11-552M11.4,4.356415,1.708312
RP11-439C8.1,-6.0143003,5.6087117
AC007566.10,4.9447436,2.0739732
AC024704.2,-0.73867536,1.9013625
AC078882.1,-5.938091,5.589157
RP11-99J16__A.2,-3.583324,5.286421
RP11-148K1.12,3.7012703,1.7216396
RP11-521D12.2,0.80398786,3.1769068
RP11-529G21.2,-4.6094475,4.630021
AP000235.3,-1.5973935,2.665715
RP11-734K21.3,-5.0205054,5.037737
RP11-383G6.3,0.44741583,3.0231686
RP11-119K6.6,-1.3658578,3.475614
AJ239322.3,-6.036724,3.1539397
RP11-654C22.2,-5.065112,4.2902336
HCG16,-1.4255188,4.9275446
RP11-88H10.2,-4.7361584,4.7128553
RP11-24C3.2,-0.9064971,3.605346
RP11-1398P2.1,0.774941,1.7717646
RP11-201E8.1,2.6070962,3.3697548
RP11-206M11.7,-0.43928358,4.502914
RP3-508I15.18,2.5523648,2.1539505
RP11-788A4.1,-4.7747855,4.834971
RP5-905H7.3,-5.066406,4.2135973
RP11-315I20.3,-5.19728,4.527137
AL122127.25,-1.5744984,1.5677396
RP11-501O2.3,-2.263651,2.9087658
AC108676.1,3.2794673,3.6933525
AL109761.5,-1.1921054,2.532371
RP5-894A10.2,2.4305556,2.0862832
RP11-298O21.3,-5.021023,3.850888
RP11-506M13.3,3.035581,2.0587106
RP11-373E16.3,1.5701629,3.4026287
RP11-45A16.4,-3.8680227,3.3669477
RP11-65D17.1,-5.8817563,3.9791293
RP11-613D13.8,-1.9152899,4.4266105
CTD-3064M3.4,0.28847018,3.1657484
RP11-744N12.3,-1.6864539,6.218057
RP11-875O11.1,4.6835747,2.2220504
RP11-303E16.7,-1.0869159,3.2122142
RP11-867G23.3,4.325984,3.0675929
RP3-330M21.5,-0.7869378,3.8067994
RP11-334E6.10,-0.6059593,5.1324325
RP11-847H18.2,-0.76535606,4.532472
RP11-620J15.2,1.825865,3.6033418
RP5-940J5.8,1.6734034,3.943441
CTB-26E19.1,-4.2579155,3.7665129
RP11-34F13.2,-6.109529,5.750415
RP11-367J11.2,3.2308917,2.4276397
RP11-410D17.2,2.4295356,1.6568958
GS1-24F4.2,2.9402497,4.5471754
RP11-158I9.5,-1.3537022,1.8622382
RP11-696N14.1,4.5009084,2.166448
RP11-875O11.2,0.4149076,2.8420506
RP11-17A1.3,1.9964502,3.9355674
RP11-613D13.5,3.5992937,2.9591267
RP11-685M7.3,3.7551842,3.048574
RP11-492A10.1,-6.1074786,5.824136
RP11-77I22.2,-4.350293,4.058773
RP11-57A19.2,3.5344026,3.0719447
AF131216.6,3.2649477,3.0535765
MGC16275,2.7900293,2.0755365
RP11-68L18.1,1.2668871,2.727176
RP11-544A12.8,2.6099331,4.1621933
RP11-700H6.1,-1.9940208,4.975649
RP11-252E2.1,-2.622417,4.271883
CTC-338M12.7,-3.7087247,1.9238164
CTD-2260A17.2,4.6004353,2.1727824
RP11-366H4.3,0.61315334,4.581878
RP11-588G21.2,-1.2356954,3.0416136
RP11-11N9.4,4.440994,1.7338524
RP11-431M7.3,1.7397307,3.6011627
RP11-296I10.3,0.9658028,2.520635
CTC-441N14.2,1.0684409,3.2049847
RP11-510M2.2,0.77443933,3.0381582
RP11-266N13.2,-2.2271135,6.2516937
CTD-2235C13.2,-4.033093,4.161586
CTD-2340E1.2,-3.0889413,4.1965566
RP11-629G13.1,1.0780034,3.135553
RP11-1277A3.1,5.188502,2.3017018
RP11-32B5.7,-3.1195781,5.122466
RP11-103J17.1,-5.8168626,3.6701975
RP5-940J5.6,3.3892965,2.2993228
RP11-421F16.3,3.9140394,2.230522
RP3-510L9.1,-1.396917,2.1169019
RP11-967K21.1,3.8633616,1.6703705
RP11-543C4.1,-1.4172553,3.866949
AC005329.7,3.9284153,2.104265
CTD-2313F11.3,-4.6851497,3.4615707
RP11-709A23.1,-1.4068178,2.6870553
AC002116.8,1.7672209,2.0768712
CTC-338M12.9,-2.1484947,4.093637
RP11-78C3.1,-5.2304873,5.509763
RP11-752D24.2,-0.5861778,2.4421225
CTB-73N10.1,-2.7428222,2.8133929
RP11-468D11.1,-4.640395,3.699598
RP11-446J8.1,-3.7968173,3.2383065
CTC-305H11.1,-5.8276734,4.3793364
RP11-357F12.1,0.56102717,4.487635
RP11-499E18.1,2.82626,1.6910295
RP11-44F21.2,-4.1955457,4.208085
RP11-1094H24.3,-2.079511,2.9994233
RP11-472K22.1,-5.4118,3.780543
RP11-184M15.1,-3.5515535,3.865499
CTC-261N6.3,-4.532092,4.99963
CTD-2244C20.2,-5.2499037,3.829063
CTC-503K11.2,-5.5444703,4.233656
RP11-739P1.2,3.0069919,4.5633163
CTD-2139B15.2,-3.5312543,4.4501696
RP11-159F24.5,-1.140964,4.240865
RP11-556I14.2,-2.1550536,6.346281
CTB-49A3.2,-5.7301574,5.4926934
AC092597.3,-1.3322904,3.269456
CTD-2333K2.1,-4.347453,3.843076
RP11-1J7.1,-4.896412,4.3921227
FLJ12825,3.0315983,2.5719109
RP11-402C9.1,-4.0955057,3.6372325
CTC-499J9.1,-1.6525627,2.4122915
RP11-158J3.2,-5.2849994,4.1674027
CTD-2308B18.3,-4.743257,3.9463937
CTD-2161F6.2,-5.4533587,5.0093093
RP11-463H12.2,-5.0670204,3.236644
RP11-713M15.1,-0.91743207,2.3999252
RP4-559A3.6,-4.6399517,4.6436124
RP11-102N12.2,-2.0878088,2.6174958
RP11-556G22.2,-3.4120326,2.625731
RP11-292D4.1,-4.9631186,3.2765846
RP11-557J10.4,-3.4624887,1.7113479
AE000658.31,-2.2372882,3.3428884
CTC-537E7.2,-4.176008,5.414165
CTC-327F10.5,-4.309595,4.711784
CTC-261N6.1,-4.9585323,4.9459653
CTB-129O4.1,2.796195,1.711807
RP11-62N21.1,-4.1292987,2.2185829
RP11-556I14.1,-2.3291337,6.2412024
RP11-5N11.5,-4.995835,3.8191693
RP11-313E19.2,-3.95316,4.0148296
CTD-2015A6.1,-5.1911173,4.439078
RP11-503N18.4,-3.546913,5.305192
RP11-1191J2.4,-1.0142047,3.2673564
RP11-802H3.2,-5.2542357,4.277827
AC006296.2,-5.8798037,5.4092674
CTC-551A13.1,-5.807826,5.3176446
AC005150.1,-0.04274684,3.0668828
RP11-553P9.2,0.72116643,4.1818724
RP11-231G15.1,-5.359259,5.058337
RP11-284A20.3,-5.621376,3.027683
RP4-598P13.1,4.43072,3.7268019
RP11-517B11.4,2.3383353,1.5086436
RP11-826N14.2,-2.9986832,3.400676
RP11-479O16.1,0.7014133,4.4681835
RP11-807H7.2,-3.382305,4.2216268
CTC-276P9.3,-3.106223,3.3613122
RP11-375B1.1,-5.009195,4.9101005
CTD-3007L5.1,-5.226503,3.765849
RP11-125O18.1,-0.7450994,3.0615146
RP11-9B6.1,-4.766176,5.423674
CTC-338M12.1,-3.1873693,3.8921354
RP11-608O21.1,-0.03485152,2.9316819
RP11-265O12.1,-1.7629395,6.271149
RP11-231C18.2,-4.947947,4.666172
CTD-2001E22.1,-4.884765,4.3744864
RP11-2O17.2,-3.4588003,2.6659658
CTD-2130F23.1,-5.326485,3.651664
CTD-2201E9.4,-4.2065377,4.0785317
RP11-247C2.2,2.5799568,4.688947
CTB-47B11.3,2.075831,3.0041556
RP11-302F12.3,-5.3527617,4.8815136
RP11-287F9.2,-5.8926673,5.694121
RP11-215P8.3,0.8787255,3.0977888
RP11-545L5.1,-5.1909547,4.095675
RP11-768B22.2,-1.1278679,1.9392129
RP11-834C11.8,-1.8454423,4.3693395
CTC-458G6.4,-4.6118193,6.7331176
RP11-826N14.8,2.1172717,2.400688
RP11-259O2.2,-3.4763725,4.602203
FLJ42969,-1.6630247,4.6788936
CTD-2308B18.4,-4.9526772,4.2340417
RP11-310I9.1,-5.4425197,3.7674558
CTD-2306M5.1,-4.524721,6.875941
RP11-158I23.1,-3.9278638,4.343897
RP11-5N11.2,-3.540184,2.7815259
RP11-428L21.1,-3.7378917,2.9059877
RP11-154F14.2,-4.585427,4.601958
CTC-573M9.1,0.9421079,4.680464
RP11-768F21.1,1.900604,2.0643616
RP11-567N4.2,-4.6469584,5.142252
RP11-331K21.1,-4.749295,5.651153
RP11-255I10.2,-6.0170364,3.2206025
CTC-498J12.3,0.27505127,3.3120794
CTD-2331D11.2,-4.8037457,4.797969
ENSG00000248671,5.0102453,2.7657063
RP11-766F14.1,-3.5803788,5.7320113
RP11-18D7.2,-4.710021,4.632246
CTC-493L21.2,-5.595039,5.2727013
CTC-505O3.2,-3.6333945,6.019594
CTD-2176I21.2,-4.8784423,3.7886386
CTD-2260A17.1,3.2758687,2.2870324
RP11-35O7.1,-0.5021352,3.1435237
RP11-87E22.2,-2.1111736,3.825629
RP11-362I1.1,-4.5301476,2.7572281
RP11-586L23.1,-6.06252,5.786717
RP11-42A4.1,-4.9790764,4.9400277
RP11-114J13.1,1.861616,3.4147036
CTC-276P9.2,-4.4282184,3.2119296
CTD-2215E18.2,-2.0983627,2.8966436
RP11-31K23.2,-5.352623,5.0279245
RP11-292D4.2,-4.9053693,2.4454296
RP11-231L11.3,-0.14991276,3.1341236
RP11-798M19.3,1.9285614,2.5180721
RP11-53O19.2,-3.630484,2.866727
RP11-308B16.2,-4.055149,5.1078997
RP11-666A20.4,1.9786675,3.6927986
RP11-319G6.3,-4.725291,4.4842644
CTC-548H10.2,-6.025785,3.880481
RP11-184M15.2,0.84369034,4.433689
RP11-5N11.4,-3.4157171,2.8450966
RP11-18D7.3,-4.229316,3.5173323
RP11-412P11.1,3.374713,3.3860865
RP11-227H4.5,-5.5279007,4.8357935
CTB-1H10.1,-5.21,4.2572894
FLJ46284,2.4947743,2.9290228
CTD-2015A6.2,-4.8416014,4.5947423
RP11-231G15.3,-4.665003,3.9734342
CTC-366B18.2,0.7378841,3.283637
CTC-537E7.3,-3.9769752,5.8311834
CTD-2135J3.3,0.030038524,3.1908932
CTD-2288O8.1,1.3106594,2.8762105
RP11-171N4.4,-5.0440483,4.419274
CTD-2089N3.3,-4.500193,4.4152474
CTD-2334D19.1,-2.7855237,4.6860495
CTD-2254N19.1,-5.042681,4.6832447
RP11-36B15.1,0.093863994,2.157683
RP11-395F4.1,-4.788855,3.245657
RP11-1026M7.3,-5.7845564,4.523217
RP11-661C8.2,-3.8542526,4.8705754
RP11-304F15.4,-4.4238906,3.6348433
CTD-2287N17.1,-6.5234027,4.617236
RP11-94H18.1,-3.2716658,4.7237144
CTB-174D11.2,-5.7490163,5.2239504
CTD-2256P15.1,-1.7132396,4.3976545
CTD-2113L7.1,-5.367706,5.0577583
RP11-445O3.2,-5.3172197,4.983942
CTD-2251F13.1,2.9130192,3.3374593
AC004054.1,-4.2815676,2.9275506
RP11-73G16.2,-5.079713,3.9840298
RP11-259O2.1,4.5689583,3.318329
CTD-2012I17.1,-4.9185114,3.6586819
RP11-742B18.1,-2.867706,3.883398
RP11-510N19.5,-2.47253,5.4199224
RP11-487E13.1,-3.8292642,3.3162973
RP11-45H22.3,-4.243088,2.2906237
RP11-58B2.1,-4.91696,2.9777462
CTC-505O3.3,-0.8391853,2.362189
RP11-285C1.2,-4.9255686,3.4599943
CTD-2331D11.3,-4.715435,4.6561184
RP5-951N9.1,-0.5811954,2.6177979
RP11-625I7.1,-0.8501931,3.5510979
RP11-21G20.3,-5.142328,3.6175747
RP11-763F8.1,-3.7117836,2.037646
RP11-354O24.1,-4.7224884,4.256017
RP11-72L22.1,-5.0384674,4.9288545
RP11-376O6.2,-1.3266029,3.9446204
AC051649.12,-1.4666325,1.821136
RP11-733C7.1,-5.0504766,4.675366
RP1-7G5.6,-1.6788592,2.813355
RP11-351N6.1,-5.086932,3.8158872
CTD-2218K11.2,-4.989689,4.4791512
CTD-2066L21.1,4.384732,3.7517126
RP11-1026M7.2,-2.987544,3.3816926
RP11-622J8.1,-4.4897113,4.7726154
RP11-43D2.2,-3.5376933,1.8228492
RP11-5N11.3,-5.9180865,3.2922428
RP11-227F19.2,-4.3261905,4.2535677
RP11-381N20.2,3.1782122,3.4488878
CTC-472C24.1,1.0694056,4.386801
CTD-2036A18.2,-5.2979016,3.507586
RP11-480D4.2,-2.240393,4.518925
RP11-1C1.6,-5.283858,3.7832835
CTC-529L17.1,-4.952135,3.6320632
RP11-767N15.1,-5.0581794,3.7569628
RP11-124N3.3,-4.943442,5.123748
CTC-484P3.3,-1.6574886,2.2308228
CTC-506B8.1,-2.2511215,2.247887
RP11-424M21.1,-5.6592226,5.0956144
RP11-423H2.5,-5.244606,2.7696767
RP11-772C9.1,0.40738192,4.4351373
CTD-2139B15.5,-3.3179014,4.916553
RP11-360F5.1,3.6228893,3.0905294
RP11-227F19.5,-1.8064861,4.638716
RP13-560N11.1,-4.68556,5.670201
RP11-343D2.11,-5.025285,2.6468134
RP11-769N22.1,2.7433524,2.879392
RP11-452J21.2,-1.403925,2.3204138
CTD-2227I18.1,-1.9113266,2.2599633
RP11-468H14.2,-1.1971383,3.4159856
RP11-284A20.2,-5.1400614,2.798922
RP11-756P10.4,-5.663639,3.3531837
RP11-364P22.2,-0.64956236,2.860514
RP11-8L21.1,-4.4606504,4.934784
RP11-68L1.2,-3.8170366,2.9872732
CTC-575I10.1,-1.9473817,2.6172225
RP11-241G9.3,-4.031179,3.4016035
RP11-26P13.2,-3.4637423,4.5972486
RP11-153M7.5,-1.0079685,1.5399843
CTB-191D16.1,-5.5536437,4.344036
AC010468.2,-2.2307098,2.3489642
CTD-2194D22.4,-4.0961485,4.3001585
RP11-26J3.1,1.112473,3.138108
RP11-436F23.1,1.9310732,4.0597124
RP11-61G19.1,-5.2325873,3.8177366
CTC-340D7.1,1.0415782,3.1500747
RP11-317M11.1,-1.2347665,2.7524548
CTC-384G19.1,0.2713802,4.587986
RP11-374A4.1,-1.582993,3.9560778
RP11-650J17.2,-3.2754035,2.6499848
RP1-27K12.4,1.0184767,2.6762958
RP11-834C11.6,-0.88824815,3.619337
RP11-725D20.1,-3.6521661,5.0240397
CTC-281M20.4,-5.744679,4.227425
CTD-2234B20.1,-4.051191,4.9174523
RP11-317O24.1,-4.961248,3.0303793
RP11-893F2.5,-0.7704043,4.5158267
RP11-501E14.1,-1.3550584,3.0364869
CTC-563A5.2,-1.3565693,3.4678578
RP11-25H12.1,-1.9453623,4.6105156
RP11-438D8.2,-4.5314693,4.5484467
RP11-497K21.1,-5.349659,2.8693135
CTC-448D22.1,-4.9925203,4.261203
CTD-2050E21.1,1.1004755,4.5978255
RP11-94H6.1,-4.832994,4.7830224
RP11-94C24.6,-3.8326519,3.9053152
RP13-497K6.1,-3.4573202,5.2842736
RP11-298J20.4,4.3369393,1.7950121
RP11-624A4.1,-4.6660166,4.375505
RP11-1E22.1,-5.3828297,4.4160786
RP11-49I4.3,-4.970911,4.7094455
CTD-2587M2.1,4.1633325,2.965863
CTB-49A3.5,-3.5525246,2.6625338
RP11-171N4.3,-4.627754,4.121162
CTD-2249K22.1,-4.6404414,4.704711
RP11-159F24.3,4.0663524,1.9114703
RP11-404I7.1,-4.019471,3.340997
CTB-35F21.1,-3.4515274,3.080541
RP11-453O5.1,-3.8988,3.9507477
RP11-234O6.2,-5.599007,4.923895
AC226118.1,-3.1687827,5.0488715
CTC-537E7.1,-4.0400424,5.2585225
CTB-46B19.2,1.533071,3.3538678
RP11-98D18.3,-0.8858899,4.6613336
RP11-286E11.2,2.7287683,3.889969
CTC-218H9.1,-3.7504268,2.7724054
RP11-635L1.3,-2.6044803,3.0160613
CTD-2544H17.1,-3.8168492,5.3434167
RP11-281P23.2,-1.6446146,4.7094746
RP11-710F7.3,1.5082549,3.1346252
CTD-2296D1.3,-5.0644436,3.844776
CTB-138E5.1,-3.96702,3.5901673
RP11-565A3.1,-5.492868,2.9783578
CTC-325J23.2,1.3694022,3.5912232
RP11-1018N14.4,-5.5620284,2.840568
CTD-2227C6.2,-4.980412,4.4706388
RP11-217C7.1,-5.7413917,5.958782
RP11-619J20.1,-3.8777187,3.0359888
RP11-279O9.4,3.1519556,3.6224964
RP11-423H2.3,2.872739,2.3188696
RP11-360F5.3,1.0821809,2.457488
RP11-5N11.7,-3.855089,2.9475653
RP11-1336O20.2,-2.8640618,1.6766216
RP11-598F7.4,-2.5817866,3.8714323
RP11-155L15.1,-4.4272966,3.4564493
RP11-89B16.1,-3.8609343,4.9421706
RP11-503L23.1,-4.595456,3.5439062
CTD-2236F14.1,-1.7436484,2.0377002
CTC-430J12.2,-4.9400134,3.8009095
RP11-469L4.1,-4.8684144,4.8765097
RP11-273B19.2,-4.641937,2.758025
RP11-259O2.3,4.966472,3.4672987
RP1-167G20.2,-4.838462,3.7085414
AC008697.1,1.689944,3.4477606
RP11-217E13.1,-4.2801337,4.931593
RP11-60A8.1,2.3892992,3.4422216
RP11-254I22.3,-3.6348405,5.9682603
RP11-79C6.3,-4.1461277,5.1799035
RP11-563M4.1,-5.708785,5.3639145
RP11-415I12.3,-1.4307642,3.8602693
RP11-457P14.5,-1.3755394,1.8622314
CTD-2193P3.2,-3.724905,1.951901
RP11-133F8.2,-2.7586138,3.7444346
RP11-417J1.1,-4.570012,3.6009784
RP11-346J10.1,-2.5233712,2.688908
CTC-428G20.2,-5.6899095,3.3394098
RP11-1072N2.3,-5.3538027,3.034266
RP11-114H21.2,-0.99971586,4.297815
RP11-223C24.1,-0.3842954,1.5499859
CTD-2199O4.1,0.8892412,4.43634
LINC01377,-4.8672485,2.6893852
RP11-73G16.3,-4.882073,2.5603628
RP11-4O3.2,-5.180183,3.9845877
CTD-2325B11.1,-5.5201397,4.324823
CTD-2331D11.4,-5.0651884,3.3413622
RP11-192C21.2,-5.42886,4.4391866
RP11-1101H11.1,-5.8023396,5.606267
CTD-2503O16.4,-6.0882173,5.854872
CTD-2227C6.3,-5.739689,5.0934353
CTD-2296D1.4,-4.700123,3.777866
RP11-63E5.6,-5.6186075,4.678028
RP11-481C4.1,-1.9160471,2.4914522
RP11-51M24.1,-4.1872635,3.9022083
RP11-706F1.2,-4.875191,4.2895164
CTB-57H20.1,-4.3753805,3.5424387
RP11-460H9.1,-4.9136214,4.441702
RP11-525J21.1,-0.0238521,4.0316005
RP11-434D9.2,-2.20122,4.4245696
RP11-781M16.2,-4.698995,4.3521338
CTD-2280E9.1,-4.1785913,4.6531744
RP11-27G13.1,-5.1234646,4.206822
RP11-495K9.6,-5.8714166,5.4334126
CTD-2046I8.1,-4.968431,3.7306132
AC142293.3,-4.559136,4.6158175
RP11-598D14.1,-4.7591486,6.5305395
RP11-554D13.1,-5.829086,5.4089437
RP11-6E9.4,-3.6464899,2.928405
RP11-252I13.2,-4.7109632,4.836857
CTD-2194D22.1,-4.9724746,4.5849605
RP11-256P1.1,-0.8648385,5.0927014
RP11-136K7.1,-3.3059247,4.9311695
RP11-1018N14.3,-5.2794857,3.764142
CTC-529L17.2,-5.158789,4.8083
RP11-669M16.1,-5.8754606,3.6355815
CTD-2383I20.1,1.4308481,3.4508524
RP11-141E13.1,-0.992089,2.9923737
CTD-2201E9.2,-3.7160163,3.1725216
CTC-339F2.2,-1.6044353,3.0811787
RP11-818C3.1,-5.6726956,4.1590743
CTC-359M8.1,-5.2692494,3.6770136
RP11-563E2.2,0.32620773,3.0376568
CTD-2194L12.3,0.31823432,3.0002496
RP11-793B23.1,-4.9227753,4.29618
RP11-180C1.1,-5.5361953,5.4551535
RP11-17E2.2,2.1585243,3.4670181
CTD-2003C8.2,3.1399899,2.0566938
RP11-161D15.2,-5.34039,3.5550559
RP11-148B6.2,-4.5986214,6.5194817
RP11-348J24.1,2.022175,3.3549213
RP11-576N17.5,-2.1822338,2.589942
RP11-332J15.2,-3.8344798,3.9611444
RP11-123O22.1,-6.088913,3.3926854
RP11-141O11.1,-4.7334795,4.4719906
CTB-131B5.2,2.998473,3.879059
RP11-584P21.2,2.0928798,4.0939646
RP11-577G20.2,-5.6229596,3.9249282
CTD-2116N20.1,-0.99848586,4.1997304
RP11-556G22.3,-3.400281,2.6041796
RP11-22A3.1,-4.9298673,4.346314
RP11-1252I4.2,-4.6453342,4.4805527
CTD-3074O7.2,-3.2748752,3.8059978
CTD-2013M15.1,-1.7074603,3.6760526
CTC-261N6.2,-4.651987,4.7798705
RP13-884E18.2,-4.3686748,3.8809347
RP11-265F19.1,-4.234836,3.5839865
RP11-359B12.2,4.4585495,1.7782841
RP4-622L5.2,-0.17254385,4.431864
RP11-380P13.1,-4.2981997,5.347847
RP11-399F2.2,-6.0838823,5.760665
RP11-436A7.1,-4.811425,4.4396715
CTD-2353F22.1,0.6632745,1.4579123
RP11-254I22.2,-4.61345,3.564656
RP11-5N11.6,-3.659633,2.8893774
CTC-321K16.1,-2.1179788,4.50796
RP11-661C8.3,-3.8367562,2.094895
RP11-138A23.2,-5.3156,4.055814
RP11-1079K10.4,-0.12694092,5.42868
RP11-300M6.1,-5.032315,3.3770168
RP11-419L4.1,-5.6796217,3.5081077
RP11-371F15.3,-5.595693,5.3330827
RP11-855O10.2,-3.145409,5.0151286
CTD-2024P10.1,-3.5405555,4.5384784
CTC-498J12.1,-3.8582435,5.8184404
CTD-2154I11.2,2.7596486,2.7488728
RP11-438C19.1,-5.0056777,3.70805
RP11-120A1.1,-3.4408576,2.6682398
CTB-49A3.4,-4.7373996,4.3053117
CTD-2350J17.1,-2.8771605,2.773355
RP11-267A15.3,-5.2275453,4.0910854
CTC-431G16.2,-3.9225576,3.317799
RP11-460I19.2,-4.302399,4.507791
RP11-325L7.2,-3.686649,2.9154084
RP11-122A21.2,-0.72731596,2.5454333
CTB-114C7.4,-0.8278165,1.4396098
RP11-305O6.3,-0.3883124,2.626274
RP5-875H18.4,-2.8381789,5.0887465
CTB-1I21.1,-0.45917487,3.0554593
RP11-94C24.8,0.54928344,3.0445385
RP5-1029K10.4,-4.7848015,4.6566544
MGC32805,-4.565684,6.884994
RP11-4O3.1,4.690393,3.6228573
RP11-395I6.2,-0.9854738,2.7043324
RP11-466P24.6,-2.0985177,6.337047
RP11-76G10.1,-3.9355552,4.1966004
RP11-503L19.1,-4.708071,3.0097578
CTD-2089N3.1,-4.1841917,4.5957036
AC008592.5,-4.2543087,4.6012483
RP11-22A3.2,-1.4111356,3.0321898
RP11-340A13.3,-5.458433,4.005485
CTC-467M3.3,-1.5467757,3.4647236
RP11-119J18.1,-3.9853883,3.8321903
RP11-23P13.4,-2.543001,4.611658
CTD-2197I11.1,-1.4221333,3.2287922
RP11-310P5.2,-5.110696,4.8920794
RP11-338H14.1,-0.5512399,4.4094844
RP11-1391J7.1,3.839744,2.1225216
RP11-395P13.4,-4.754372,3.5044956
RP13-539F13.3,-5.1321473,2.7994866
CTB-99A3.1,-5.9505486,5.4693875
CTB-3M24.3,-3.7309163,2.8821287
CTC-461F20.1,-1.0669339,1.6821204
RP11-503D12.1,-5.15228,3.3410983
RP11-83M16.6,-2.9392877,4.406712
RP13-577H12.2,-4.555973,4.8222322
CTD-2308B18.2,-5.3151393,3.946745
CTD-2134P3.1,1.1009461,3.209288
CTD-2247C11.1,-5.140241,4.579809
RP11-640N11.2,2.3967452,3.684613
AC007126.1,4.173374,3.375838
RP11-98O2.1,1.553571,4.1661386
RP11-401I19.1,-5.6786423,3.81749
CTC-573N18.1,-4.583689,6.75253
RP11-380D23.1,-2.8320777,4.401233
RP11-680H20.2,3.0855258,1.8629136
AC004066.3,-3.8420458,5.0303025
RP11-730N24.2,-5.350691,3.2241054
RP11-727M10.1,-4.641382,4.671002
RP11-302F12.10,-2.212045,2.6110284
RP11-442N1.1,-4.8246465,5.7582936
CTC-467M3.2,-4.9340158,4.2838945
CTD-2154H6.1,-6.3714986,4.777035
RP11-529H2.1,-4.802823,5.7137766
CTD-2154B17.1,-4.934439,4.5627036
RP11-577B7.1,-2.157697,4.2127094
CTD-2233C11.2,-5.81584,4.3201075
RP11-39E3.3,-4.8253317,5.651465
RP11-725M22.1,-5.882731,3.9781969
RP11-517I3.1,2.03611,3.7697961
CTC-228N24.2,-4.915484,4.4839997
RP11-597D13.8,-3.7456489,2.915395
AC007078.4,-2.7440567,3.0758355
CTC-564N23.2,2.3818793,1.8327887
CTD-2215L10.1,-5.505985,5.813264
RP11-317B7.3,-4.175532,3.6460145
RP11-756P10.2,0.43692014,4.577241
RP11-122C5.3,-4.573984,4.710746
RP11-93K22.6,-4.057726,4.398904
RP11-530I17.1,-4.9954615,4.6104407
RP11-1E6.1,-4.06342,4.4788575
RP11-138B4.1,-2.7563188,4.2807155
RP11-864I4.3,-1.1026429,2.7002335
RP11-775H9.1,-5.073953,3.7824538
AC004063.1,0.39860857,4.751387
RP11-798K23.1,-4.9285326,2.5064218
RP3-368B9.2,-4.818038,4.38993
RP11-486L19.2,1.9209921,3.652403
CTB-35F21.4,-3.6227405,4.143249
CTD-2074D8.1,-5.1688004,4.2200413
RP11-704M14.1,-0.825821,1.308384
CTD-2066L21.3,1.026411,2.9381287
RP11-392B6.1,-3.1414135,1.7087337
AP000892.4,-0.62781733,2.8043356
RP11-423J7.1,-4.73587,4.7454267
RP11-18H21.2,-1.4018214,2.8712986
RP11-79E3.2,2.8777664,3.912919
RP11-404E16.1,-1.923361,3.0774148
RP11-567N4.3,-6.0205097,4.106976
RP11-710F7.2,-3.620076,1.8210708
RP11-613C6.2,-0.98425937,2.2643933
RP11-711G10.1,-4.756768,3.9798586
CTD-2152M20.2,0.797536,2.6138928
RP11-12K22.1,-0.36124265,3.0919778
RP13-884E18.4,-1.7268802,3.3763323
RP11-63A11.1,0.68831545,4.624646
RP11-46H11.3,3.807894,3.5222285
RP11-55L3.1,-0.5497552,3.2894306
CTC-293G12.1,-5.5721617,5.0323997
RP11-91H12.4,-5.062661,4.812078
RP11-11N5.1,-3.331774,5.5199246
CTD-2232E5.2,-6.5113316,4.6535215
RP11-501C14.5,-2.0678563,4.4201035
CTC-806A22.1,-4.680554,5.0897007
RP11-297B17.3,-1.225318,1.6706091
RP11-269F21.1,-1.7173518,3.2724943
RP11-663P9.1,-0.7832292,2.6214137
RP11-780O17.1,0.62261623,4.5004077
CTD-2297D10.1,-5.88993,3.5710266
CTC-480C2.1,-1.7938359,4.8253427
RP11-373J21.1,-4.8527617,4.5294166
CTC-459M5.1,-2.4504936,2.510727
RP11-366M4.13,-5.1658077,4.8937645
RP11-588L15.2,-1.4167174,1.8910218
RP11-253E3.3,4.3931265,1.7197822
RP11-707F2.1,-4.8536816,4.176099
RP11-632F7.3,-3.4865367,1.8646724
RP11-703C10.1,-5.1332545,4.313332
RP11-843P14.2,1.5943824,2.6160424
RP11-1338A24.1,-5.1311984,3.2394984
RP4-785G19.5,-0.7380805,4.173802
RP11-297P16.4,-4.621914,6.5061355
RP11-71E19.1,3.8824048,3.148711
RP11-810P8.1,1.101732,3.300224
RP11-1079K10.2,-1.7104554,1.5651402
RP11-492L8.2,-6.12893,3.1975327
RP11-33B1.3,2.1234534,3.023744
RP11-79E3.3,-0.084987596,3.0326414
AC008592.7,-2.0256255,2.7211955
RP11-248N22.1,-4.111432,4.1936154
RP11-364L4.3,-5.607004,3.6573863
RP11-696F12.1,-4.414533,4.390065
RP11-94C24.11,-3.446186,4.539863
RP11-173E2.2,-4.8618274,4.303665
RP11-357D18.1,-3.428912,3.7287762
AC073635.5,-1.0397674,3.597758
RP11-826N14.1,1.9454635,4.0287576
RP11-404J23.1,-5.56239,3.8356323
AC005355.1,-4.4811416,6.1700935
RP11-1379J22.5,2.800712,3.8551474
AE000661.37,5.5257716,3.1263478
RP13-494C23.1,-4.9747195,4.141869
RP11-6L6.7,-5.1088815,4.6320395
RP11-549J18.1,3.059971,3.8097918
CTC-367F4.1,-5.2562027,3.157571
CTD-2533K21.4,-5.692737,3.4169197
RP11-582J16.4,5.427024,3.3681643
RP11-608B3.1,-1.1661215,2.6821566
RP11-685F15.1,-4.3532577,5.4835653
CTD-2215E18.3,-4.923028,2.8118641
RP11-257A22.1,-5.1030345,4.675825
RP11-68L1.1,-5.455178,3.5716848
RP11-526F3.1,-3.8537269,5.279016
RP11-415C15.1,-1.1799023,3.0371828
RP11-713M6.2,-5.9409904,3.6081963
RP11-325B23.2,-4.71056,4.611561
RP11-414H23.3,-1.1233156,1.5092442
RP11-115D19.1,3.3348715,1.738181
CTD-2335O3.3,-4.7655196,4.5420194
RP11-119H12.6,-4.311613,3.7931232
RP11-280G9.1,-3.4789946,3.932169
CTD-2035E11.3,2.9163013,3.5715973
RP11-438C19.2,-5.16484,3.7567313
RP11-701P16.2,-1.1153064,1.5421417
RP11-849H4.4,4.9245195,2.148576
CTD-2532K18.2,-4.3134623,4.7660184
RP11-478C1.7,-1.6232327,3.2805817
RP11-281P23.1,3.8116333,3.5882397
RP11-540O11.1,1.689382,2.2244473
CTD-2072I24.1,-3.7966685,3.6970565
RP11-729M20.1,-5.525632,3.5883677
RP11-327O17.2,-2.050133,2.716597
RP11-97E7.1,-5.061556,3.7184818
RP11-542G1.1,-5.4151764,3.8150759
RP11-689P11.3,-1.3511326,2.74788
CTC-459M5.2,-1.9575452,2.7252505
CTD-2196P11.2,-3.2500417,4.141498
RP1-68D18.2,1.0938587,2.2941046
RP11-400D2.2,0.22940123,2.8163788
RP11-6E9.5,-4.8789473,5.736305
CTD-2050E21.2,-3.7053018,2.754019
RP11-248N22.2,-4.3803797,4.2681828
CTD-2308B18.1,-4.798639,3.8192248
RP11-161D15.3,-3.7762222,3.793034
RP11-1057B8.2,-6.09823,5.896064
CTB-22K21.2,-4.872045,4.8094335
RP13-487K5.1,1.3587956,3.3673725
RP11-223C24.2,-4.705408,2.983952
RP11-73G16.1,2.9002726,4.6110544
CTD-2263F21.1,-2.6343014,4.8653092
AC004069.2,1.2732993,1.9590043
RP11-545H22.1,-5.165873,5.140506
RP11-231L11.1,-5.187055,3.6807697
CTD-2066L21.2,-2.9411323,4.876175
CTC-552D5.1,-1.144106,3.6968775
RP11-116O11.1,-3.4097326,2.8363109
RP11-498M5.2,-1.7876724,1.8247546
RP11-706F1.1,-6.019244,3.9039667
CTD-2337A12.1,-0.8155217,2.8879132
CTC-327F10.4,-4.109231,4.644051
RP11-415C15.3,-5.199097,3.398366
CTD-2283N19.1,1.4823203,4.1075387
RP11-506N2.1,-0.8911825,2.8414423
CTD-2091N23.1,-5.438105,4.60711
RP11-231G15.2,-5.3164816,3.9474068
CTD-2318H23.1,-5.2326345,5.106314
CTD-2313F11.2,-0.58367413,2.8546875
RP11-18H21.3,-1.1787615,2.8072588
RP11-484O2.1,4.5839396,3.6184707
CTB-35F21.3,-4.5568666,2.4879677
RP11-427M20.1,-4.9729257,4.129083
RP11-305P14.1,-6.133171,6.0102334
RP1-240K6.3,2.8142037,3.627663
RP11-234K19.1,-2.372107,6.2038016
RP11-586D19.2,1.6864045,3.9320455
AC008592.4,-1.3819212,1.4758822
AC007106.1,0.825698,3.3367853
AC006296.1,-5.8331175,5.2881036
RP11-534L6.5,0.438949,4.601985
RP11-843P14.1,2.5994344,2.5168264
RP11-140M13.1,-5.52632,3.4923763
RP11-1348G14.4,4.2141323,3.4477904
CTC-369A16.2,-1.4847832,2.9912217
CTB-51A17.1,1.012771,3.7578216
CTD-2247C11.4,-5.1066976,2.8837185
RP11-315A17.1,-1.7600977,2.7689898
RP11-431M7.2,-5.031966,4.093397
RP11-375B1.2,-5.432786,4.6980715
RP11-71E19.2,-3.3531904,5.588383
RP11-542G1.2,-4.065493,5.07967
RP11-164P12.3,2.0974684,2.7676132
RP11-436H11.5,-3.1481879,2.7752438
RP11-844P9.1,-4.9023147,4.627259
RP11-319E12.2,-1.6486615,4.052085
RP11-1258F18.1,-4.258468,3.9476523
RP11-501C14.6,-2.6897395,4.407209
RP11-166D18.1,-1.0467563,2.7152405
RP11-124N3.2,-5.2281733,2.5503545
RP11-404I7.2,-5.463384,3.7703512
RP11-237D3.1,-5.133025,4.3195696
CTD-2247C11.2,-5.1221733,4.8382206
AC022486.1,-4.975131,4.4547796
RP11-171N4.1,-5.9181843,3.6005318
RP11-109E24.1,-4.1738706,3.1796331
RP11-724M22.1,-3.988582,3.2082963
RP11-51P8.1,-5.796221,4.401808
CTD-2245E15.3,-5.780061,3.5192688
RP11-572C21.1,-0.20585021,2.8812287
RP11-745L13.2,2.1286466,2.8034225
RP11-118M9.3,-4.305725,3.3316271
RP11-775H9.2,-2.2193425,4.5419254
RP11-6N13.1,-5.5570416,5.56024
RP11-440I14.3,-3.1874328,5.562761
RP11-789C2.1,1.1189445,4.0841017
RP11-232L2.2,-4.642984,5.119498
RP11-673E1.1,3.865581,3.2999294
RP11-317O24.2,-4.7937713,5.174443
CTC-347C20.1,-3.919486,5.0695405
RP11-774O3.3,4.27041,1.8068298
RP11-485M7.3,-4.2422605,4.704873
AC009487.5,-3.5772154,3.5078096
RP11-600L4.1,-4.816396,2.4878762
RP11-20I20.2,-5.8171806,4.522145
RP11-192H6.2,-4.538097,5.0994096
AC007036.5,-1.9284226,6.310586
RP11-326C3.11,4.111105,2.0751734
RP11-700H6.2,-1.9256189,3.137844
CTD-2532K18.1,-5.06968,4.887774
CTC-458I2.2,-3.1775618,1.5355178
CTD-2296D1.1,-5.857061,3.9721131
RP11-669M16.2,-4.811275,4.557345
CTC-575N7.1,1.4801872,4.0980616
RP11-181K12.2,-4.6108103,6.6742506
RP11-48B3.5,3.5082242,1.7884169
RP11-752G15.7,4.6228247,2.1075535
RP11-219J21.1,-6.124239,5.8957996
RP1-117B12.4,2.3723018,1.5008041
RP11-855C21.1,-3.9303837,3.1892545
KB-1448A5.1,-1.2374321,3.107853
RP11-158K1.3,4.64829,2.2123516
RP1-84O15.2,-4.744464,5.30579
CTB-78H18.1,-4.2438946,2.352074
RP11-136O12.2,-3.8892913,5.755863
CTD-2373N4.5,-1.1266634,2.4817097
RP11-6I2.4,-3.4180105,3.7173197
RP11-648L3.2,-1.1516067,2.8234677
RP11-659E9.4,-1.4661566,4.2726073
RP11-238I10.1,-4.3558187,3.348174
RP11-527N22.1,1.2609582,3.9176435
RP11-459E5.1,-3.67258,4.8257456
CTD-3023L14.2,-5.8607225,3.4134622
CTC-436K13.2,-4.8519964,4.5177016
RP11-17A4.3,-4.9387455,2.6805413
CTB-164N12.1,-5.0237665,5.1949677
RP11-87E22.1,-3.6470687,3.4068272
RP11-333A23.3,-4.864167,4.3795333
RP11-369E15.4,-4.1888056,3.3728216
CTA-392E5.1,-0.03668339,3.2344644
RP11-279L11.1,-4.937767,4.247635
RP11-443C10.1,-3.7903,4.635806
RP11-563N12.2,-5.5019884,4.780675
CTD-2309H9.3,-1.6952101,2.5059385
RP11-326L2.1,-0.16571368,2.6762435
RP11-431J17.1,-4.3936696,5.177171
CTB-118P15.2,-4.437576,4.5513287
CTC-209H22.3,-5.0090427,4.620665
RP11-360L9.7,3.0710144,1.6736887
RP11-100L22.1,-3.565513,4.588958
RP11-863K10.2,-5.290516,2.8364275
RP11-13N12.2,-5.2574224,4.010695
RP11-158A14.1,-5.320137,4.2282944
AC084082.3,0.563465,2.5189562
RP11-351A11.1,3.2682424,3.3224573
RP11-706C16.7,-3.6625848,5.872032
CTD-3239E11.2,-0.7089891,3.07378
RP11-582J16.5,5.1589055,1.9190052
CTD-3046C4.1,-5.6081924,2.8487387
RP11-738G5.2,-4.7079606,3.788483
RP11-67H2.1,-5.181498,3.3750846
RP11-1149M10.2,1.0630379,3.898268
RP11-156K13.2,-4.0556326,5.6897426
KB-1991G8.1,-2.1381989,4.860694
RP11-103H7.2,-5.567682,3.293665
RP11-383J24.1,2.4761815,2.9419024
RP11-434I12.4,-1.1257303,3.2430065
RP11-941H19.3,2.4206505,3.6910133
RP11-619L12.3,-4.4308767,4.255521
RP11-10A14.6,-5.2527103,5.0289516
CTB-11I22.1,-4.3342977,4.8361087
RP11-539E17.5,-4.5311055,5.1759405
RP11-737F9.2,-5.4269223,4.521457
RP11-379I19.1,-5.0050406,3.359869
KB-1507C5.3,-0.47093177,3.7914498
RP11-128L5.1,-3.555605,4.774917
CTB-37A13.1,-1.7462596,1.9786981
RP11-1105O14.1,-3.5530667,2.9812317
RP11-566H8.1,-5.007611,3.5266278
RP11-618M23.4,-5.917238,3.1846256
RP11-716D16.1,-5.612643,2.9620953
KB-1410C5.3,-0.6048764,2.7605426
RP11-282K24.3,2.3692822,3.3074167
CTD-2552K11.2,-5.823897,3.2243512
RP11-281N10.1,-1.2960138,3.141768
RP11-238K6.1,-5.706747,5.8823533
RP11-779O18.1,-4.093352,3.7865143
CTB-160O22.1,-5.2968674,3.1507206
RP11-108E14.1,-2.7845805,3.936638
RP11-10J21.4,0.91820693,2.2272623
RP1-170O19.17,-4.6391163,2.704419
RP11-142A23.1,2.2356136,3.4021225
RP11-61G23.2,-5.1104236,4.298566
RP11-388G22.1,-5.232269,3.2309706
CTC-207P7.1,-5.5473924,3.3090804
RP13-923O23.6,-2.9912908,2.932067
RP11-420B22.1,-2.1282482,2.568795
RP11-434I12.3,-3.7951574,5.332518
RP11-219J21.2,-6.0451956,5.745836
CTD-3023L14.3,-5.1603727,4.765961
RP11-346L1.2,0.83588386,3.6693895
CTD-2026D20.2,-0.9611919,3.2277236
CTC-455F18.1,-4.568475,6.8480215
CTA-392C11.2,2.4865036,4.733018
KB-1460A1.2,-2.4324706,6.1310487
RP11-90P5.2,-0.07645343,5.3735127
CTB-78F1.2,-3.3500826,4.8080673
GS1-251I9.3,-5.2702622,4.256301
RP11-675F6.4,1.7182673,3.8638043
RP11-962G15.1,2.0558884,3.2954803
RP11-1081M5.1,-0.40237123,3.5428147
RP11-44N11.1,2.2963386,3.0402021
RP11-21C17.1,-4.6394053,4.3526793
RP11-257P3.3,-4.709844,5.558634
RP11-44D19.1,1.3200359,3.3084404
RP11-566H8.3,4.1363363,3.6265292
RP11-738G5.1,-5.1333985,4.378582
RP11-359E19.1,-4.8885016,2.8925045
KB-1254G8.1,-0.87617207,2.4870265
RP11-150O12.2,-4.770658,4.6232495
RP11-930P14.1,-0.49356514,3.6263087
AC006277.2,3.368966,2.124628
KB-1460A1.1,-0.10559189,3.9590628
RP11-15G16.1,-3.562651,2.3668718
RP11-597M17.1,-4.669581,5.24076
RP11-775B15.2,-5.5283523,5.0384846
AC078852.2,-2.5174792,4.348772
RP11-337A23.6,-6.1800966,3.5482085
RP11-348M17.2,-4.264514,2.801373
AC012613.2,-2.4213905,2.80078
RP11-381I15.1,-6.0780354,5.843961
ENSG00000253414,-1.3773274,4.7789583
RP11-48D4.2,-5.0704937,3.7058437
RP11-642D21.2,-3.0416744,2.808256
CTC-436K13.3,-4.065684,3.1861148
RP11-103H7.1,-5.7701387,3.7971382
RP11-14I17.2,1.1511716,3.8094597
RP11-324F11.1,-5.8439426,4.7420216
NCRNA00250,-4.2261853,4.9817457
AC133633.2,-5.227216,3.9798486
CTB-79E8.2,-2.6502914,4.606994
RP11-619L12.4,-3.6925738,2.6642013
CTC-436K13.6,-0.9096313,2.7666793
RP11-473J6.1,5.006677,3.4676003
RP11-770E5.3,-4.5560055,4.7311163
CTD-2363C16.2,-2.4334838,2.5589046
CTC-264O10.1,-3.7093844,2.8229764
RP11-697B24.1,-5.3212404,4.8347406
RP11-175E9.1,-3.7021577,3.9628448
RP11-10H3.1,-3.8620164,5.2193713
RP11-110G21.2,-1.9288903,2.4955463
RP11-395I14.2,3.122318,2.880325
RP11-1C8.4,-2.303192,4.0219665
RP11-109P6.2,-5.2719502,4.08637
RP11-114O8.1,-5.182798,4.494732
RP11-13N12.1,-5.4439545,3.7813694
AF121898.3,0.66241705,3.0497422
RP11-653B10.1,-1.122187,2.6465147
CTD-2501M5.1,-4.5844593,6.8331923
RP1-170O19.14,-2.3580987,5.0074472
CTD-3080F16.3,-5.0753736,4.547667
RP5-991O23.1,-5.4604554,3.007129
RP11-417F21.2,-1.6954567,4.2173705
AC106801.1,0.34983048,2.9107056
RP11-1112C15.2,-4.758609,4.549313
RP11-89M20.2,-4.9841166,4.462994
RP11-152P17.3,-4.8625116,4.6446376
CTB-105L4.2,-5.733487,3.9699564
RP11-103H7.3,-5.621305,4.0473475
CTD-2340D6.1,1.0334793,4.108678
CTB-32P11.1,-4.8115277,4.5156827
RP11-402L5.1,-6.000904,5.726295
RP11-26M5.2,-4.2777042,2.5477057
RP11-586K2.1,3.2510746,3.302302
RP11-1080G15.1,-3.8080232,3.746989
CTD-2588J1.1,-4.2830586,3.9009323
CTD-2340D6.2,-1.5031983,2.4829066
RP11-181B11.2,-4.3909764,3.6931217
RP11-107N7.1,-5.5693293,3.4152813
RP11-351C8.1,-5.553285,3.3225813
RP11-284H18.1,-4.694845,4.2111654
GS1-5L10.1,-3.8491333,3.4354234
RP11-100L22.3,-2.0679436,2.7693825
RP11-573J24.1,-4.8092623,3.2232234
CTD-2374C24.1,-5.0011363,5.4583464
KB-1184D12.1,-6.1523814,5.9421935
RP11-723D22.2,-2.5056343,2.6925194
RP11-157E21.1,-3.8500664,3.7906342
CTD-2320G14.2,-2.646009,3.9393518
RP11-489E7.1,-0.5545682,3.1581328
RP11-557C18.3,-3.0510514,1.7098732
RP11-770E5.1,-3.0507724,4.842507
CTC-551A13.2,-4.791264,3.9798818
RP11-513O17.3,0.71719384,4.3224993
RP11-875O11.3,1.1278325,1.9600307
RP11-369K17.1,-6.054539,5.7091265
RP11-654G14.1,-5.806064,5.557368
RP11-513H8.1,-5.616825,5.1844673
RP11-536N17.1,-2.572992,2.6975286
KB-1107E3.1,-5.3135157,4.423375
RP11-486M23.1,-4.637673,4.4871445
KB-1980E6.3,-0.2539946,4.1688714
RP11-587H10.2,-5.824923,3.1192603
RP11-531A24.5,4.367993,2.9281592
RP11-317N12.1,3.3565207,4.1851015
CTD-2544N14.3,0.095757544,2.3912864
RP11-77B22.2,-5.5284853,5.026389
RP11-798K23.4,-5.3214574,5.0725756
CTC-248O19.1,0.7567452,2.797664
KB-1568E2.1,-5.3800936,3.2027378
RP11-1114I9.1,-0.6917556,2.6177855
CTC-353G13.1,-4.01367,4.001168
RP11-401H2.1,-4.3743553,2.8651013
KB-1615E4.2,-0.24104111,3.219969
RP11-806O11.1,2.9954185,2.6350439
RP11-536K17.1,-3.9098194,3.8698487
CTC-436K13.1,-3.4201312,2.208647
CTD-3118D11.2,-4.676946,4.486017
RP11-981G7.3,-4.3832393,2.5440476
RP11-115I9.1,-4.8641653,5.1135697
RP11-700E23.2,-2.0706797,3.2294893
CTC-348L5.1,-3.8723042,4.5063295
RP11-567J20.2,-0.56589,3.9063306
RP11-380I10.4,-4.50024,4.023754
CTC-535M15.2,-5.8245406,5.436029
RP11-1259L22.1,-4.1618466,3.7246535
CTD-3118D11.3,-4.0407214,4.8634267
RP11-758M4.4,1.7383434,3.8591232
RP11-51J9.4,0.38264823,4.242232
RP11-787D18.1,-4.3274517,2.5925558
CTC-264O10.2,-3.4897687,2.7968912
RP11-706C16.8,1.0126333,4.432829
KB-1299A7.2,-4.9254003,2.5298967
RP11-473O4.3,2.5845668,3.389797
RP11-10N23.4,-0.70947355,4.5109324
RP11-313C15.1,-3.7529497,2.6320443
RP11-706C16.5,-5.0401387,4.7499127
RP11-893F2.13,-1.9785296,4.659203
RP11-115J16.3,-5.3074083,3.760365
RP11-779O18.3,0.86248046,2.1746051
KB-1460A1.3,-2.4627607,6.161742
KB-1083B1.1,-5.133283,3.0734704
AC025442.3,-0.31450653,3.7216647
RP11-350F16.1,-4.715323,3.485079
RP11-527N22.2,-2.7737646,4.909769
RP11-700E23.1,-5.2667975,3.2199292
RP11-35G22.1,-1.5143963,2.976709
RP11-579E24.2,-2.769483,3.6187108
RP11-804N13.1,0.0029986103,2.9257061
CTB-33O18.1,-3.571752,4.902088
CTD-3023L14.1,-5.157318,4.42511
AC100802.3,-0.86465776,2.4567726
RP11-6N13.4,-5.071348,4.451923
RP11-386D6.2,-4.862919,4.450154
RP11-350F16.2,-4.542995,2.3938591
CTD-2534J5.1,-4.758325,3.829369
RP11-1145L24.1,-5.4705734,5.134417
CTC-436K13.5,-4.670803,4.5478296
RP11-1084E5.1,-2.4545434,6.1457186
RP11-1049H7.2,-3.322394,3.5655077
CTD-2292P10.2,-3.9088485,2.169857
RP1-149L1.1,-4.4404173,3.3048303
CTD-2363C16.1,-2.5279853,2.6140387
RP11-246K15.1,-4.0851474,3.665938
KB-173C10.2,-5.399534,4.5167847
RP11-96A1.5,-4.6173196,3.1260161
RP11-723D22.3,1.1611354,4.478371
CTD-2168K21.1,-5.7248325,3.71747
RP11-705O24.3,-4.909328,2.9548414
RP11-731N10.1,-5.36917,4.651715
RP11-177H13.2,3.4933867,2.7359471
RP11-44K6.2,-4.949143,5.0378013
KB-173C10.1,0.6119702,4.3113027
RP11-546K22.1,-4.147372,4.378545
RP11-759A9.1,-4.1307955,4.169656
RP11-318M2.3,-5.0454826,4.6833935
CTB-140J7.2,-4.1139627,4.453631
GS1-57L11.1,2.2733817,3.0095296
RP11-10N23.2,3.3762977,2.6023402
AC133633.1,-4.4147477,5.3500805
RP11-386G21.2,-3.5860815,2.4404645
CTB-147C13.1,-4.9248157,3.1630857
RP11-157I4.4,-1.2237413,3.9386852
RP11-394O4.3,-0.19749975,3.0444705
RP11-756K15.2,-6.0853267,3.7805445
RP11-90D11.1,-2.5895112,2.9035938
RP11-16P20.3,2.904642,3.178249
RP11-379I19.3,-0.7287295,2.7406702
RP11-124B13.1,-5.4719276,5.372673
RP11-10A14.7,-4.9905076,3.184566
RP11-521M14.1,-4.0567336,5.4554687
RP11-203E8.1,0.2996082,3.0676222
RP11-770E5.2,-4.8304787,4.8388906
RP11-45K10.2,0.38291878,4.6441083
AC144568.2,-4.9777455,4.8058877
RP11-122C21.1,-5.7705607,5.2864356
RP11-521M14.2,-4.5453105,3.3986154
KB-1205A7.2,-4.923912,3.8672085
AC226119.5,-6.0008264,5.7074504
RP11-1023P17.2,-2.0144088,2.143114
CTB-178M22.1,-3.6526985,3.1562743
RP11-26E5.1,-4.8171144,4.8895783
GS1-39E22.1,-5.7619996,3.6963797
RP11-10C8.2,-2.1376967,2.7237046
RP11-44K6.3,-0.84695494,3.0381804
CTB-77H17.1,-3.7092988,3.6738322
RP11-790J24.1,-4.4163404,5.2781644
RP11-211F2.1,-5.495652,4.3113027
RP11-388K12.1,-4.991732,4.507047
RP11-363L24.3,0.5730754,3.9073136
CTC-329D1.3,1.2983491,3.7323804
CTB-32H22.1,-5.876836,5.5959997
RP11-386G21.1,-3.670219,2.3115113
RP11-443C10.2,-3.9540455,4.5167623
CTB-4E7.1,-1.7910967,1.8866595
RP1-16A9.1,-4.9404855,4.668911
RP11-136K7.3,-5.3526816,4.1671615
CTC-756D1.3,-1.5175251,1.4747901
RP11-489O18.1,0.48910913,2.4964657
RP11-737F9.1,-4.669853,4.6480975
RP11-245A18.1,-3.8820853,5.017209
RP11-91P17.1,-2.0072224,2.4770718
RP11-213G6.2,-3.7509165,3.843183
RP11-1D12.2,-4.072715,3.5266228
RP11-281H11.1,-6.0654187,5.4227233
CTC-229L21.1,-4.7748213,4.213483
RP11-10J21.3,-3.2792823,1.7148479
RP11-100L22.4,-4.6933455,5.281277
RP11-778D12.2,-4.5690346,5.4648056
KB-1562D12.1,-3.367346,5.2374125
AC083843.2,-2.0852208,4.1185226
RP11-326E22.1,-6.046109,5.665031
RP11-431M3.2,-4.718142,5.259481
RP11-281O15.4,-2.3447611,3.8695238
RP11-419C23.1,-4.0153804,4.3359885
RP11-304F15.6,-4.0895677,4.637274
RP11-421P23.2,-6.0970516,3.2266767
RP11-574O7.1,-4.756813,4.5714693
RP11-3N13.2,-5.1285214,4.0492244
RP11-681L8.1,-2.2260792,4.7300544
RP11-328K2.1,-4.1629877,3.564965
RP11-577N1.1,-4.51856,3.3952224
RP11-156K13.3,-3.6407883,5.821644
RP11-17A4.4,-5.5414743,3.3932908
RP3-388N13.3,-0.3456521,3.532393
RP11-172E10.1,-1.4953173,2.180094
RP11-730G20.1,-2.3044915,2.364801
KB-1930G5.4,-6.1168933,3.0613022
RP11-94H18.2,-5.1818666,4.4379206
RP11-388K12.2,-5.258033,3.910378
RP11-369E15.3,3.2236414,3.2983384
AC078852.1,-1.6114298,3.506948
RP11-566H8.2,-5.7475433,4.8416233
AC005740.5,-2.1988823,2.51817
RP11-150O12.5,-3.7349188,1.9250203
RP11-174I12.2,-5.074062,4.324299
RP11-386D6.1,-5.7254367,3.9989812
CTD-2647L4.1,-2.1874692,2.4912767
RP11-32D16.1,-4.4794946,3.9279573
RP11-546K22.2,-4.94602,4.517333
RP11-152K4.2,-2.4182134,6.139654
RP11-642D21.1,-2.960229,2.8582246
RP11-470M17.2,-3.7550461,4.7255135
CTD-2281E23.3,-3.4964938,2.8403351
RP11-48B3.3,4.3837624,3.3245866
CTC-340I23.2,-5.072255,3.946445
CTB-33O18.2,-3.8860636,4.7645674
RP11-503E24.2,2.7933204,2.6810334
RP11-67M9.1,-5.7285705,5.2280664
RP11-1149M10.1,-1.2853953,2.1951547
RP11-299D14.2,-4.73035,4.570638
AB015752.3,-0.44170246,3.0173922
RP11-541P9.3,3.4926996,3.3468628
CTB-78F1.1,0.48246527,4.4631743
CTC-558O2.2,-3.9663093,4.746383
RP1-273G13.3,-5.9128027,5.239335
RP11-10J21.5,-1.4202429,2.1984725
RP11-618M23.2,-5.01859,2.5281796
RP11-120I21.2,1.815185,3.9415987
RP11-400K9.3,-4.3892446,4.881992
RP11-92K15.1,-2.7160683,3.0961204
RP11-43A14.1,-2.0055802,4.1153064
RP11-219B4.3,-0.99643606,3.4091084
GS1-251I9.2,-5.294914,4.951877
RP11-787D18.2,-5.6731343,4.764188
RP11-622O11.4,-5.447639,3.8494556
RP11-582J16.3,-2.1919534,4.264761
KB-1639H6.2,-4.8314953,2.7720914
RP11-115J16.2,-5.8412414,3.082904
RP11-300E4.2,-2.5468435,4.368842
GS1-39E22.2,-4.875267,4.013949
RP11-1080G15.2,0.45710206,4.271896
CTB-120L21.1,-5.243104,4.4013205
RP11-320N21.2,1.0266496,3.9519649
RP11-959I15.4,-4.659805,2.7463238
RP11-662G23.1,-3.4287488,4.8341374
RP11-398H6.1,3.0133622,2.790818
RP11-369E15.1,-4.1260495,3.6990798
RP11-18A15.1,-0.16284348,2.856622
RP11-473O4.4,-0.55532664,2.5453105
RP11-1144P22.1,-4.5885477,6.8128643
RP11-278I4.2,-5.6641283,3.2004035
RP11-44K6.4,0.475752,4.1674757
RP11-6I2.3,-0.67277807,1.4060426
RP11-150O12.3,-3.1340966,5.659195
RP11-10J21.6,-3.806121,3.8513477
CTB-158E9.1,-3.8262138,3.8543627
CTC-308K20.2,-5.699556,4.4778337
CTC-286N12.1,-4.634943,6.555171
CTB-17P3.4,-3.5549731,4.2782164
RP11-431M3.1,-0.60594416,2.795515
RP11-398G24.2,1.3593732,3.3587387
RP11-150O12.4,-4.753982,3.8425283
KB-1608C10.2,-0.30966583,5.458077
RP11-26M5.3,-3.7813144,2.7695582
RP11-267M23.3,-2.3045363,2.643116
RP11-473O4.5,1.034547,2.1455882
RP11-495O10.1,1.501725,4.3905973
RP11-318K15.2,-0.8841152,2.1423397
RP11-1D12.1,-2.1814187,2.7519865
RP11-24P4.1,-5.7350535,4.0069246
RP11-865I6.2,1.1678537,4.601026
RP11-267L5.1,-4.581204,6.85682
RP11-10A14.3,-3.0831177,1.8787926
RP11-760H22.2,0.98606354,3.0771658
RP11-351E7.1,-4.936413,4.304954
RP11-542A14.1,-5.133058,4.350122
RP11-238K6.2,-4.844363,3.199733
RP11-14I17.3,-2.0098672,2.3346853
CTB-131B5.5,3.6276217,2.716726
KB-1615E4.3,-4.7844563,4.6916623
CTB-180C19.1,-4.596117,6.405734
RP11-38H17.1,-5.353279,3.6874774
RP11-211C9.1,-5.851931,5.624458
RP11-181B11.1,-2.4150379,3.9096131
RP11-343P9.1,-4.7678294,4.644736
RP11-317J10.4,-5.570872,3.06158
RP11-465K16.1,-4.52211,4.862393
CTC-529G1.1,-4.867726,4.413682
CTD-2272D18.1,-6.18095,5.3743434
RP11-56F10.3,-1.4390731,1.4757135
CTD-2371O3.2,0.5852277,3.994455
RP11-732A19.8,2.0889852,1.5415182
RP11-703H8.9,-5.007591,4.6870775
RP11-613D13.4,-0.530277,3.6321514
RP11-261P9.4,1.3512329,1.6952597
RP11-452H21.1,-2.8738725,2.3734982
RP11-864G5.3,-5.087492,3.8298857
RP11-110I1.11,2.2858036,3.4048371
CTD-2562J17.7,-1.9741184,5.006323
RP11-550A5.2,1.442529,3.1167798
RP11-33I11.2,-4.808818,4.265649
RP11-677I18.3,0.25175172,2.97299
CTD-2555I5.1,-5.091479,3.721294
RP11-304C12.3,-5.1012726,2.544341
RP11-290F24.3,-4.500315,4.569527
OR7E11P,-4.8264723,5.7773867
RP11-867G23.4,-0.16966738,5.230613
RP11-867G23.13,-2.1979573,4.3865476
RP11-91P24.7,-1.2270381,3.859642
RP11-939C17.4,-4.554344,4.662802
RP11-755F10.3,3.1149592,1.9259824
RP11-634B22.4,3.0313416,3.6713803
RP11-304M2.6,-3.738009,1.8893228
AP000640.10,2.3563046,2.4979408
CTA-797E19.1,-5.3645577,4.554063
RP11-380O24.1,2.3149548,1.9116428
RP11-65G9.1,1.5984781,3.1495047
AP000487.4,-1.448266,3.776803
CTD-2560E9.5,-4.0362186,2.5424106
AC002056.5,-3.6119757,1.8630416
AP003068.9,2.8923388,1.796698
RP11-867G23.10,-1.3510064,4.2294946
RP11-876F14.1,-5.124971,3.7570808
RP11-958J22.3,-4.978446,3.3852384
CTD-2210P24.1,3.1668427,3.913235
RP11-466I1.1,-4.035851,4.8496876
FLJ20021,4.4731503,1.6781365
AF186192.1,-3.4267623,4.426147
RP11-463D19.1,-1.118239,2.4358394
RP4-791M13.3,2.5484552,2.1543005
CTD-2140G10.4,-4.6251593,3.5075762
RP11-84A19.3,-3.2691944,4.882601
RP11-429J17.5,-2.516568,4.9445324
RP11-727A23.7,-0.31046557,5.4335537
AF131215.4,-1.1242791,2.4237993
RP11-102F4.2,-4.5770974,4.2636023
RP11-304M2.5,-0.6883058,4.6259136
RP11-196E1.3,1.6865335,3.920079
RP11-673F18.1,-6.496809,4.625988
RP11-514F3.4,-4.963345,4.571841
RP11-664I21.5,-5.7146063,4.5171657
RP11-60I3.4,-4.818361,4.603089
AP004550.1,-5.016233,4.9879465
RP11-429J17.4,-4.158277,4.378496
RP11-3G21.1,-5.0792456,4.634947
RP11-484D2.4,-1.0040106,2.5368557
CTD-2517M22.16,-2.5041618,5.0390663
RP11-358H18.3,-4.509592,3.342536
RP11-360K13.1,-5.6615906,5.819596
RP5-1173A5.1,-5.704454,4.4674788
RP11-115E19.1,-2.1653295,2.997423
AP000487.6,-1.0040113,3.6981518
RP11-626H12.2,-0.117515326,3.4618168
RP11-22P4.2,-5.25786,3.9751375
RP11-115C10.1,-3.7469103,6.0063586
RP11-646J21.4,-6.0123034,5.637287
RP5-907D15.3,-3.4354458,4.825547
GS1-24F4.3,-4.700644,4.379184
RP11-27G22.1,-4.684169,4.4803553
RP1-17K7.1,-5.4780717,4.015299
CTD-2530H12.7,-4.1475105,3.0624177
RP11-702H23.4,-4.2493277,3.509896
RP11-21L23.4,-3.1349342,5.55741
RP11-356J5.4,-4.807764,5.629127
CTD-2589M5.5,-0.98189867,4.4841094
RP11-732A19.2,-3.8147368,2.0364132
RP11-396O20.2,-3.3327682,5.448135
RP11-713P17.4,0.4021681,4.368424
RP11-452H21.2,-2.3135786,2.4321938
RP11-430H10.3,-5.231131,4.401092
RP11-702F3.1,-0.7348781,2.5509117
RP11-872D17.4,-1.614212,4.932224
CTD-2560E9.3,-1.4582151,3.50294
RP11-152H18.3,2.3702536,2.0140953
RP5-945I17.2,-4.2222137,4.4994783
RP11-7I15.4,-4.1494164,3.8105538
RP11-727A23.4,2.1427515,3.6536276
RP11-265D17.2,-0.0053527886,2.7724147
RP11-660L16.2,4.5877776,1.7207745
RP1-276E15.1,-5.5574756,5.1843615
RP11-162D9.3,-4.9117403,3.389458
RP11-47J17.3,-2.8436475,2.9069338
GS1-393G12.12,-0.21481521,5.4204183
RP11-91P24.5,1.0373961,3.3716898
RP11-58K22.5,-3.3922377,1.7606964
RP11-50B3.4,0.14649627,3.0591578
RP11-396O20.1,-5.796186,5.641712
RP11-659G9.3,-4.302551,3.1274872
RP11-675M1.2,-3.622458,2.7280605
RP11-35J10.4,-4.6160502,4.735567
CTD-2216M2.1,-3.8236506,3.8119645
CTD-2184C24.2,0.5422992,2.8890915
RP11-805J14.5,3.0498714,1.935345
CTD-2005H7.1,-5.9289403,5.2273626
RP11-317J19.1,-5.332638,3.8555388
CTD-3138F19.1,-5.0428452,4.7480345
RP13-46H24.1,-2.1887715,3.7250261
RP11-334E6.3,-3.9610457,2.427
RP11-661A12.7,-4.723688,4.487724
CTD-3076O17.1,-6.152326,5.8680887
RP11-958J22.1,2.6025255,3.754199
RP11-480O10.1,-5.005579,3.4700146
RP11-20J1.1,-4.9259334,4.3921814
RP11-867G23.12,-0.82285184,3.9058852
RP13-726E6.1,0.01869842,2.9444091
CTD-2616J11.3,-0.053682107,1.6426678
RP11-27P7.1,2.8473618,4.663814
AC022182.1,-1.0042055,1.7451568
CTD-2537O9.1,-3.433775,2.6740854
RP11-531H8.2,-0.7576369,1.2106649
RP11-680F20.4,-2.0203402,2.941376
AC022182.3,0.7069887,2.0447378
RP11-674C21.9,-4.6667004,4.7598414
RP11-672A2.4,-1.9859356,6.360556
RP11-661A12.12,1.7060083,2.569586
RP11-535A19.1,-4.0486126,4.5540557
CTD-2019O4.1,-2.2777858,2.5978975
RP3-400B16.4,-4.7721324,3.4104478
RP11-375D13.3,-4.8596106,3.436568
CTD-2530H12.2,-1.3625526,1.7680271
RP11-7I15.3,-3.4795125,4.708933
RP11-99C10.1,-4.861802,4.0198226
RP11-50B3.2,-3.6122925,2.1092126
RP1-17K7.3,-4.9746084,2.9059443
AF131215.6,-3.6972797,2.3146265
RP11-728F11.3,-4.4813333,5.0276737
RP11-203M5.2,-2.367692,2.6489344
RP11-51B23.3,-2.2312803,4.516006
RP11-661A12.5,0.39645824,2.5096703
RP11-945A11.2,-5.050171,4.0877247
CTD-2516F10.4,-4.4661045,4.525664
RP11-748C4.1,-1.0672809,2.3900928
RP11-770J1.5,3.890249,2.2825205
RP11-676F20.1,-5.497445,5.0976734
CTD-3096P4.1,-5.1556354,4.09345
RP11-802F5.1,-5.3568535,4.3410883
RP11-513D5.2,-2.352507,2.695372
RP11-152H18.4,-1.8502135,2.9927955
RP11-712L6.7,-1.1884023,5.1893644
RP11-701I24.3,-6.0807953,5.778368
RP11-484D2.2,0.97354674,2.6799273
RP11-326C3.7,1.6130279,1.9750648
RP4-791M13.5,-3.5315099,3.0013125
RP11-698N11.2,-6.096099,5.809901
RP11-236J17.6,-2.80346,3.544339
RP11-98J9.2,-5.7153535,4.4100857
RP11-702H23.6,-1.2149584,1.4399649
RP11-144G6.12,4.4597025,1.9516572
RP11-687M24.8,-3.9607868,3.0624282
RP11-619A14.2,-2.4378512,6.1372166
AF131215.3,-3.2520301,1.8200712
RP11-688I9.4,-3.5280437,2.6597397
RP5-1160K1.8,-4.7967525,4.5349774
RP11-664I21.6,-3.642135,1.9074516
RP11-494M8.4,-6.0628476,5.835869
CTD-2562J17.9,-3.4642367,4.9579134
RP11-831H9.3,-2.0874796,3.308072
RP11-313I2.11,-5.7093067,3.559229
RP11-167J8.3,-4.422422,4.8627205
RP11-429J17.7,1.9278189,3.4181411
RP11-672A2.3,-2.3621745,6.1805153
RP11-794P6.6,-3.963048,5.210035
RP11-573E11.2,-1.700869,2.5667994
RP11-563P16.1,-4.8313017,3.9531078
CTD-2547H18.1,0.11806891,2.9411182
RP11-469N6.3,-0.96183985,2.7018273
RP11-108O10.2,2.3952181,3.866312
RP13-631K18.3,1.9227612,3.82041
RP11-90K17.2,-4.6985564,4.85797
RP11-716H6.1,-2.2998056,2.7810705
RP11-536I6.2,-4.6343155,6.4340596
RP11-326C3.2,1.4561687,1.5000832
RP11-680F20.9,-5.9504004,5.5615277
RP11-708B6.2,-2.352167,6.271094
CTD-3012A18.1,-4.854552,4.692213
RP11-802E16.3,4.6735597,2.020507
RP11-1167A19.2,-3.4124713,1.6266903
RP11-430H10.4,-3.5231698,3.2832797
RP11-677M14.2,-0.9588081,3.4207644
RP11-297N6.4,0.53472084,3.7438164
RP11-661A12.9,1.7677224,1.9767499
RP11-219O3.2,-2.6592805,3.1350188
RP11-47J17.1,-1.7509406,2.8938313
CTD-2023J5.1,-5.5088787,3.773982
RP11-263C24.1,-1.8359686,2.3761373
RP11-843A23.1,-1.6751201,2.4853847
RP11-168K9.1,1.5491563,3.3393447
RP11-326C3.10,-1.5436121,1.518772
RP11-495O11.1,-3.068773,4.14625
RP11-58K22.4,-0.33740848,2.8317354
RP11-406D1.2,-5.2156067,3.934355
RP11-5L12.1,-1.6420043,2.4502866
RP11-412B14.1,-5.617343,4.537717
RP11-164N3.2,-3.9271894,4.02019
AP006621.8,-0.04648165,3.428558
RP11-110I1.6,-2.4972713,4.981491
RP11-703H8.7,-1.6183629,3.6311364
RP11-655M14.12,-4.830461,5.6792045
CTD-2531D15.5,-1.5330395,4.067144
RP11-396J6.1,-4.7547593,4.359875
RP11-63C8.1,-4.438085,3.659572
AP000442.1,3.1854112,2.32024
AP006621.6,1.8958517,2.1376042
RP11-805J14.3,0.54315275,4.6702037
RP11-659P15.1,2.1540225,3.305997
RP4-791M13.4,-2.660892,3.4157414
RP11-754B17.1,-1.8454854,3.2662444
RP11-428C19.5,-3.7704911,5.3512716
RP5-1047A19.4,-3.4188607,1.9330568
CTD-2609K8.3,0.4831324,4.359397
RP11-670N15.1,-4.850776,4.571681
AP003068.12,-4.936485,4.468541
AP002954.3,2.596049,2.6663103
RP11-324J3.1,-5.2629952,3.9502032
CTD-2517M22.14,4.852156,1.7984965
RP11-514F3.5,-4.857278,4.355479
RP11-626H12.1,-4.9475937,4.8067665
RP11-750H9.5,1.9185078,1.367183
RP11-350N15.4,-3.6843865,1.9706157
RP4-541C22.5,-2.2354388,4.6418524
RP11-403D15.2,-2.8738668,2.7382693
RP11-258O13.1,-5.007107,3.6538177
RP11-831A10.1,-3.1889715,3.4503422
RP11-716H6.2,-4.9503117,4.1449914
CTD-3065J16.9,4.1959276,1.5569118
RP11-460B17.2,-3.9498227,4.7002687
RP11-304M2.3,-4.328146,3.4178975
RP11-755E23.3,-5.251533,4.2711577
RP13-317D12.3,1.8511664,4.2921395
RP11-142C4.6,-1.7595576,6.2931747
RP11-164N3.3,-3.7331693,4.0040345
RP11-583F24.8,-5.362693,4.1192164
RP11-179A16.2,-4.894266,3.1261954
CTD-2005H7.2,-5.8675466,5.5058928
RP1-65P5.3,-4.949762,4.6594977
RP5-916O11.2,-1.0356647,2.5148876
CTD-3224I3.3,-5.1585727,4.5819387
RP4-594L9.2,-5.0967956,4.8221793
RP11-646J21.6,-5.3643303,5.103594
RP11-375D13.4,-5.1769514,3.2925897
RP11-91I20.1,-0.89672107,2.9227912
RP11-655C2.3,-0.5825335,1.7310144
RP11-624G17.3,-0.79679567,4.5436788
RP5-901A4.1,1.9655236,2.0241108
AF131215.2,4.091744,1.9919266
RP11-1082L8.2,-4.1048765,4.7492013
RP11-702F3.3,-4.920804,5.1469507
RP11-688I9.2,-3.620376,2.8215842
RP11-755F10.1,3.9369857,1.6964915
RP11-91I20.4,-1.5201923,2.5988977
RP11-96B2.1,-2.2220294,6.288647
CTD-2530H12.4,-2.030563,3.9869413
RP11-326C3.12,2.1801543,2.4726074
RP11-708L7.6,-4.1365333,4.552022
RP11-484D2.5,-2.3104355,2.5715537
RP11-299M14.2,-4.060968,4.734068
CTD-2337I7.1,-1.2429531,3.4279437
RP11-700F16.3,0.42463467,4.4731836
RP11-567I13.1,-4.8773546,4.651964
RP11-34N19.1,-4.885959,3.961983
RP11-1134I14.8,-2.7013743,3.6485987
CTC-342M10.2,0.21452506,2.9708674
CTD-3064C13.1,0.44367382,4.30819
RP1-65P5.5,-4.959063,3.199417
RP11-770J1.4,1.1629623,4.3260293
C6ORF3,3.6233253,2.0959933
CTD-2562J17.2,-4.7735887,5.4959416
RP11-696P8.2,-4.6819882,4.684659
RP11-770G2.5,-3.7427835,5.0633073
RP11-732A19.6,-1.9645668,3.9056506
CTD-2011F17.2,-0.41731966,2.6179626
AP002954.4,-0.54433143,1.4004484
CTD-2210P24.2,-3.9514363,3.8503096
RP11-794P6.1,-1.3569726,2.4615235
RP11-643G5.6,-5.8038898,5.194052
CTD-2530H12.8,-2.231033,3.8716068
CTD-2653D5.1,1.3859113,3.6683588
RP11-632K5.2,-4.264585,4.927425
CTD-2531D15.4,-3.8660161,5.336615
CTD-2210P24.6,-4.6931653,2.8644998
RP1-59M18.2,-5.092769,4.378062
RP11-91P24.6,0.28136304,2.9267807
RP11-58K22.1,-5.315483,4.5766306
RP11-890B15.3,-6.5085382,4.6189184
CTD-2517M22.9,-2.4251573,2.5470781
RP11-483L5.1,-3.8859212,3.2324767
RP11-144G7.2,-0.8539378,4.657794
RP11-113D6.6,-4.2676773,2.4418952
RP11-998D10.1,-5.006245,3.1569474
RP11-687M24.4,-4.1244574,2.2737272
RP11-1H15.2,-3.379689,1.9357816
RP11-63D14.1,-5.357357,3.6308033
RP11-867O8.5,0.5609527,4.4913263
RP11-672A2.6,-2.391117,6.1229053
RP4-710M3.2,-3.8472342,3.1251767
RP11-315O6.2,-5.048354,3.9639592
RP11-513D5.5,-3.9587438,4.3440366
RP11-1082L8.3,1.8742443,2.708532
AC145124.2,4.169687,1.6846071
RP11-587D21.4,-4.730884,4.443242
RP11-618K13.2,-1.7396921,4.0539055
RP11-203F8.1,-4.227156,3.5599856
RP11-164N3.1,-5.1881833,4.6026983
RP11-390K5.3,-4.7810807,4.0493827
RP11-780O24.2,-5.8748155,5.55205
RP1-296L11.1,-5.032711,3.7985294
RP11-25I9.2,-4.682906,4.3869
AP000708.1,3.9679167,3.4724982
CTA-797E19.2,-5.350559,3.9950595
RP4-683L5.1,-3.3331673,3.937064
RP11-617B3.2,-6.0764246,3.815109
AP000857.3,-3.8229945,2.9639206
RP11-770G2.2,-1.0664997,1.6015058
CTC-497E21.5,-5.2162313,3.7393394
RP11-6B19.1,-1.9906145,2.6728704
RP11-273B20.3,-4.516998,2.9166079
AP000462.2,-3.195404,2.6216478
RP4-809F18.1,-0.43353274,3.2359185
AP000997.1,-4.837622,5.733676
RP11-644L4.1,-5.0627556,4.657619
RP3-377H17.2,-3.8686144,3.018983
RP11-377D9.3,-1.1669453,4.3927712
RP11-313F23.3,-5.2350082,4.1346607
RP11-196H14.3,-2.839575,4.6774793
RP11-59N23.1,-4.042502,2.3187087
CTD-2373J6.2,-1.6686093,4.2083936
RP11-361I14.2,-4.1143064,3.793477
RP11-502N13.2,-1.6236272,2.0346682
RP11-256L11.3,-3.534245,1.8157052
RP11-253I19.3,-3.9770994,3.589532
RP11-283I3.1,-3.9695947,3.4964042
RP11-45F15.2,-4.6532817,3.1563678
RP11-732A19.9,-5.0253897,4.3348684
RP11-227B21.2,-2.8906167,3.5647283
RP11-136I14.5,-4.3790545,3.2329001
RP1-127H14.3,-3.5075703,1.8799475
RP11-529H2.2,-5.913271,3.3235219
RP11-757G1.5,0.100297816,3.6520622
RP11-625L16.1,0.24260233,3.0991907
RP11-283I3.4,-5.813025,4.1048145
RP11-283G6.5,-3.1244059,4.3267193
RP3-454B23.1,-2.9355597,5.422297
RP11-711K1.7,-1.5801378,2.539023
RP11-561P12.5,-0.5883891,1.1629355
RP1-34M23.5,-4.0069532,2.406993
RP11-196H14.4,-4.5538697,3.9234056
RP5-1154L15.1,-5.3603168,4.2153015
RP11-20D14.3,-5.667474,4.0116525
RP11-338K17.8,-5.157134,4.863078
AP000593.7,-1.495195,3.9192083
RP11-804A23.1,-5.4573064,4.3786097
RP11-167N4.2,-3.2889185,5.039854
RP11-87C12.5,-0.9094596,3.9731088
RP11-612B6.6,-4.992021,3.8549776
RP11-221N13.2,-5.148473,4.182683
RP11-69C13.1,-0.8984521,2.714938
RP11-290C10.1,-0.34185472,1.6360677
RP11-196H14.2,-4.884591,4.6353893
RP11-685N10.1,2.044618,2.7140603
RP11-405A12.2,-1.3871605,3.684328
RP13-895J2.7,-2.888898,3.7199426
RP11-662I13.2,0.34497994,2.8134394
RP11-456I15.2,-4.976032,4.3685584
RP11-286N22.10,-2.1967034,4.065123
RP11-495K9.5,0.4540453,2.7565572
RP11-407A16.4,-5.534441,3.824592
RP11-351O2.1,-2.879303,3.063813
RP11-173P15.7,1.3832488,2.905904
RP11-855O10.3,-5.6950006,4.501985
RP11-804A23.2,-1.6365111,4.839427
RP11-513G19.1,0.01632433,2.6421728
RP11-1038A11.1,-1.8258635,4.51913
RP11-417L19.4,-0.5989954,4.374361
RP11-575F12.2,3.2471645,3.2776725
AC084117.3,-2.156266,3.298011
RP11-392P7.7,-4.731964,4.7565823
RP11-27M24.1,-1.041508,4.5582924
RP5-1154L15.2,-1.1380461,1.3172476
RP11-197N18.2,5.2342124,1.8539317
RP11-707G14.1,-4.2827168,3.3683577
RP11-117L5.4,-3.4131162,3.7215889
RP11-465L8.1,-5.034222,4.247576
RP11-335I12.2,-4.7712,4.339281
RP11-366L20.3,-2.7479522,4.650388
RP11-134N1.2,-6.034953,3.249547
RP11-337L12.1,-3.921586,2.891383
RP11-90D4.3,-0.08057435,3.003297
RP11-783K16.14,2.3266745,1.904161
RP11-174M13.2,-4.236667,3.5761614
RP11-968O1.5,1.4277563,2.5563853
RP11-319E16.2,-5.2900167,3.5671582
RP11-357K6.3,-5.5038266,3.753536
RP11-463O12.3,-3.946793,4.7384
RP11-612B6.2,-5.2061186,4.371547
RP11-64D24.4,2.2947974,3.9311736
RP11-881M11.4,3.1302872,2.9142284
RP11-439H13.2,-5.728773,3.4473934
RP11-243M5.1,-4.8493266,4.563972
RP11-897M7.1,-4.184183,4.748594
RP11-1038A11.2,1.1119639,3.6429646
CTD-2331C18.5,-4.944078,4.620028
RP11-582E3.2,-4.4339113,3.4739332
RP11-434C1.2,-4.701255,4.727246
RP11-324E6.6,-0.8479544,1.3644066
RP11-989F5.1,-0.45462176,3.6190047
RP11-443N24.4,-5.4922576,4.310149
RP11-495K9.9,-4.719531,5.209792
RP11-71J4.2,-6.1987205,4.4779983
RP11-182J1.5,-0.43962646,3.595168
RP11-136I14.2,-5.2817726,4.920116
RP11-983C2.3,0.89904,4.3085485
RP11-474D1.1,-5.851825,4.6712165
RP11-989F5.3,-0.8892459,3.7560418
RP11-4N23.1,-5.9268436,5.2609577
RP11-64B16.5,-5.3137145,3.3181918
RP13-977J11.8,-2.5239155,4.5100713
RP11-338E21.3,-1.3676609,2.454309
RP11-153K16.1,-4.194525,5.036164
RP11-611O2.1,-1.4853569,2.8228598
RP11-233G1.4,-4.8793454,4.8424344
RP11-21A7A.3,-1.5710421,4.3838153
RP11-662M24.1,-1.0068716,3.655808
RP11-349I1.2,-5.663681,4.0968966
RP11-173P15.3,-1.4231874,4.716602
RP11-500M8.4,1.2097967,3.051904
RP11-606D9.1,2.1939943,3.335866
RP11-7N14.1,-2.4866908,3.1812928
RP11-1038A11.3,-1.7320495,4.7493186
RP11-118B22.2,0.321421,2.1455543
RP1-102E24.8,1.9743474,1.9607265
RP11-443N24.3,-5.4949307,4.108989
RP11-705C15.4,-5.521931,5.019216
RP11-794G24.1,-1.5743545,4.4057317
RP11-809N8.4,-0.32479614,1.3934087
RP11-667M19.10,-2.2470045,2.9202726
RP11-363J17.1,-1.7639672,3.0351846
RP11-116G8.5,-3.4490905,4.6957154
RP11-856F16.2,-5.3389735,4.7623606
RP11-437F6.1,-4.202264,3.1044097
RP11-21A7A.4,-3.084566,3.5365586
RP11-625L16.3,-4.7949805,4.602522
RP13-507P19.1,-4.911295,4.567781
RP11-1060J15.7,-5.2076573,3.9115677
RP11-860B13.3,-5.572336,4.120234
RP11-977P2.1,-4.862796,4.395322
RP11-847H18.3,-0.48123848,3.9202287
RP13-895J2.3,-2.4007518,4.2137437
RP11-424M22.3,-3.5283144,2.704513
RP11-800A3.3,-2.1305676,2.7917764
RP11-173P15.5,0.13251406,3.8477554
RP11-274J7.2,-0.4474818,2.6673436
RP11-613F22.8,-0.92736924,2.660576
RP11-522N14.2,-2.5248199,3.8137228
RP11-667M19.2,-4.930488,3.5929134
RP11-64B16.4,-3.3710942,3.1380143
RP11-59N23.3,-4.5557704,3.0345566
RP13-672B3.2,-1.9309412,4.8374014
RP11-429A20.3,1.4075536,4.173619
RP11-180M15.4,-4.964836,4.6289487
RP11-443N24.2,-5.3537226,3.603863
RP11-476M19.3,-5.9093294,3.345177
RP11-598F7.5,-3.088694,4.0076513
RP1-166H1.2,-4.768208,2.7406073
CTD-2017C7.1,1.2048173,4.107049
RP5-1096D14.3,-0.77773273,1.3682036
RP11-785H5.2,-2.008726,2.4103692
RP11-73M14.1,-5.1337156,4.6887927
RP11-407A16.3,-2.376521,3.8399425
RP11-45F15.1,-4.6577153,2.7051845
RP11-860B13.1,-2.3480947,3.94183
RP11-159N11.3,-4.1961536,4.1620398
RP11-503G7.1,-4.7873683,5.694892
RP11-697H9.2,-2.5200574,2.7429903
RP11-680F8.1,1.4341235,2.5396545
RP11-133L14.5,-4.9674454,4.5365105
RP11-76C10.2,-4.871428,2.6761363
RP11-7M8.2,-3.5148351,1.762191
RP11-804A23.4,-0.74210787,5.12657
RP11-158L12.5,-5.333654,4.981723
RP11-21A7A.2,-3.5086625,3.123909
RP11-503G7.2,-4.8507237,5.809229
RP11-64B16.3,-4.7942605,2.95346
RP11-283G6.3,0.08145134,3.801278
RP11-17G12.2,1.3614732,2.8638508
RP11-221N13.4,-4.2784376,4.1821523
RP11-817J15.2,-4.856972,4.594
RP11-449P1.1,-5.9078755,5.4789124
RP11-809N8.2,-2.0902214,1.9145176
RP13-895J2.2,-2.5860972,4.161232
RP11-64D24.2,-4.2493653,3.6804261
RP11-598F7.3,-4.1401753,3.9303167
RP11-417L19.2,0.3604289,3.371233
RP11-273B20.1,3.2047234,1.8346903
RP11-320N7.2,-4.6495075,6.5216956
AP000462.3,-3.3265104,2.7066097
RP11-359J14.2,2.5023036,2.8226068
CTD-2555A7.2,-2.7058048,3.811092
RP11-234B24.4,0.850383,3.1534438
RP13-820C6.2,-4.8827677,4.4087086
AP000438.2,-3.3896387,4.989847
RP11-180M15.3,-4.833087,3.6716323
RP11-685B13.2,-4.4077454,4.965334
RP11-729I10.2,-4.4455314,3.508102
RP11-553N19.1,-4.263113,3.7600818
RP11-705C15.3,4.889479,2.1961331
RP11-993B23.3,-3.8684757,4.708138
RP11-486F17.1,-4.201004,4.56492
RP11-864I4.4,-1.8693867,3.7627866
RP11-266O8.1,2.2216508,3.3598084
KCNK4-TEX40,-2.7477016,3.7407918
RP11-123O10.3,0.52783775,3.58962
RP11-783K16.13,3.6334758,1.610975
RP11-364C11.2,-3.5908766,2.8168116
AE000658.22,-5.2605815,4.5179014
RP11-259O18.4,-1.9890906,2.1774561
CTD-2503I6.1,0.4582655,4.444548
RP11-384P14.1,-5.6842785,4.16213
RP11-171L9.1,-4.798234,5.693749
RP11-996F15.2,4.471008,2.5467415
RP11-357H14.16,-0.24635538,3.307261
RP11-509E10.1,1.2646224,3.3199131
RP11-611O2.5,4.790622,2.246268
RP11-274M17.3,-5.992622,3.8919656
RP11-390N6.1,-3.5960603,2.7457933
RP11-567C2.1,-3.8083138,3.7605603
RP11-512N21.3,-4.259514,3.6877007
RP11-689B22.2,1.2391346,1.8834798
RP11-554E23.4,-1.1015612,4.3236465
RP11-328C8.4,0.105179265,2.828809
CTD-2252P21.1,-0.19183299,1.5360593
RP11-413B19.2,-4.1408334,3.2802398
RP11-848D3.5,-4.6958556,3.7937722
RP11-630C16.2,-3.7383244,3.6862462
RP11-611E13.3,-4.4994893,4.3995185
RP11-486A14.2,2.369655,3.6243885
RP11-70F11.7,-5.0107026,4.631495
RP3-405J10.4,-2.8595085,3.2581646
RP11-946L16.1,-1.246679,2.2146862
RP11-776A13.1,0.39520347,4.384127
ENSG00000257264,-2.437121,3.7697816
CTD-2021H9.1,-6.0143595,5.4339075
RP1-74B13.2,0.36196968,4.4118137
RP11-521B24.5,4.41749,1.7362126
RP11-317N8.3,-3.5777276,3.2920728
RP11-164H13.1,2.8807235,3.8257341
RP11-434H14.1,4.309717,3.4170697
RP11-231I16.1,2.307031,3.4389164
RP11-1060G2.1,-1.253865,4.093222
RP11-190J23.1,-1.3241411,2.0417385
RP11-545P7.4,-5.0758758,4.66845
RP11-316A16.1,0.31788304,4.4621377
RP3-405J10.3,3.4715362,3.0844736
RP11-496I2.2,-5.8694324,3.0706983
RP11-511B23.2,-0.9529262,2.6223521
RP11-263E1.1,-4.897802,4.6678696
RP11-650K20.3,-1.5441656,4.708201
RP11-290L1.5,-4.9356866,4.606413
RP11-571M6.7,0.7411377,2.6238596
RP11-386G11.8,-4.5079746,4.570775
RP11-780K2.1,-3.6161084,2.3159912
ENSG00000257366,-1.9711819,3.7609735
RP11-547C5.2,0.5903137,4.488073
RP11-469H8.8,-5.108293,4.510567
RP11-793H13.8,4.68829,1.7324039
RP11-56G10.2,3.8503537,1.7761047
ENSG00000257391,2.4374063,2.7668233
RP11-597A11.2,-5.458448,3.0263968
RP11-554D14.6,2.371816,3.296439
RP11-778J16.3,-5.3435144,4.5151477
RP11-1028N23.4,-1.3409227,3.2819738
RP11-2H8.2,-4.803394,4.4806433
RP11-272K23.3,-4.0708084,4.0710745
RP11-263K4.3,0.95480317,4.1701727
RP11-81K13.1,-2.7422943,3.6178637
RP11-267D19.1,-4.2753086,4.9787602
RP11-114F10.3,-1.4254051,2.8938081
RP11-603J24.4,-5.1647954,4.3545184
RP1-71H24.1,0.43331522,4.214204
CTD-2021H9.2,-5.9763074,3.9501784
RP11-310I24.1,-2.52724,3.5424893
RP11-473C19.1,-3.5715482,2.6669238
RP11-397H6.1,-1.3162233,2.4364555
RP11-159D23.2,-4.3599505,4.210275
RP11-359M6.1,-4.6012435,6.7594004
RP11-983P16.2,1.0538347,4.430835
RP3-521E19.2,-4.907177,4.5086126
RP11-474P2.4,-1.715937,3.4247348
RP11-1020M18.10,-5.051794,4.180565
RP11-762I7.4,0.7561806,2.6815927
RP11-755O11.2,-3.6882503,3.2734773
RP11-498M15.1,-4.2817755,4.227854
RP4-601P9.1,-5.4636855,2.939296
RP11-116D17.2,1.6626272,3.0808377
RP11-562L8.1,-0.77452767,2.9658577
RP11-20E24.1,-0.08947807,3.9761982
ENSG00000257527,-0.6853058,4.07552
RP11-834C11.10,-0.9925233,3.5449238
RP11-321F8.4,-1.2775363,4.412912
RP11-144F15.1,0.21025826,2.554347
RP11-797M17.1,-5.3199525,3.8778539
RP11-793H13.3,-0.05074033,3.0330243
RP11-603J24.17,-5.376378,4.657335
ENSG00000257563,-2.0881193,3.6458576
RP11-863H1.1,-0.46519503,2.562795
RP11-128P10.1,-4.5198607,3.5980277
RP11-711C17.1,-5.7532716,5.4453454
RP11-100F15.1,-5.814852,4.2211304
RP11-449P15.1,1.3903897,2.1606529
RP11-116N8.2,-2.189996,3.1881964
RP11-44N21.4,-3.4705756,1.7178749
RP11-850F7.7,-5.2501607,4.423517
RP11-701H24.3,-4.589339,4.1978226
RP11-579D7.2,-2.374635,4.8808055
RP11-497G19.2,-4.1621957,3.7352178
RP11-352M15.1,-3.3319423,2.880335
RP11-1100L3.7,3.7467885,1.767542
RP11-341G23.4,1.9733517,2.043622
RP11-314D7.3,-4.9195976,4.691322
RP11-641A6.3,-4.947782,4.823085
RP11-328J6.1,-3.9927425,3.7771595
RP11-482D24.2,2.3580441,4.696796
RP11-256L6.2,-0.8415295,1.403495
RP11-116D17.1,-4.501775,2.831402
RP11-788H18.1,-6.074347,4.450402
RP11-818F20.5,-2.348795,4.884983
RP11-370I10.6,-1.5295581,3.555968
RP11-341G23.2,-6.025951,5.6461935
RP11-977G19.12,2.196938,2.3917882
RP11-202G11.2,-4.1145687,2.6801693
RP11-650K20.2,-1.7724929,2.7397103
RP11-486O13.4,-4.239259,3.4397938
RP11-186F10.4,-1.5609387,3.8609333
RP11-1143G9.4,-0.73236316,1.2430707
RP11-341G23.3,-3.455308,5.2406974
CTB-193M12.1,-5.3804846,3.7474768
RP11-110L15.1,-5.1410294,2.921884
RP11-20L19.1,-5.712732,3.6409798
CTD-2382E5.2,-3.7349882,4.4915934
RP11-1136G11.8,-3.7576635,4.998105
RP11-1049A21.2,-4.978394,4.615219
RP11-116N8.4,-4.7889495,4.3430467
RP11-845M18.6,-2.6892467,5.0424886
RP11-845M18.7,-4.0410466,4.6297035
RP11-596D21.1,0.19469969,3.0702085
RP1-97G4.1,-3.2801538,2.54325
RP11-263K4.4,-6.0134845,3.6082273
RP11-547C5.1,-4.070306,4.668172
RP11-552I14.1,-5.8430686,3.357357
RP11-587P21.3,-5.684113,3.5095572
CTD-2591A6.2,-1.8889894,4.997701
RP11-616L12.1,-0.72458804,2.8359468
RP11-256L6.3,-0.39359367,1.2005486
RP11-90C1.1,-4.751587,5.723803
RP11-769N19.2,-3.7763624,2.88106
RP11-497G19.1,-3.9899628,3.6118104
RP11-114F10.2,-3.2538712,3.0424645
CTD-2311B13.1,-4.464507,5.2377033
RP1-78O14.1,4.4632397,3.6771185
RP11-454K7.1,2.721761,2.0620759
RP11-269C4.2,-5.4140286,4.286406
RP11-461F16.3,-3.977109,4.3947263
RP11-482D24.3,-1.9642178,4.021476
RP11-493L12.3,-4.1397176,4.794628
RP11-155I9.1,-4.5029635,4.5120387
RP11-248E9.6,-5.4653625,3.6146421
RP11-46I1.1,-2.017691,2.5227087
RP11-123M21.1,-5.4644213,3.7043314
RP11-620J15.1,-0.48724654,2.803715
RP1-228P16.5,-4.0221286,2.1257775
RP11-25E2.1,-3.8207202,5.8280416
RP11-536C10.4,-5.445559,3.2640095
RP11-219B4.6,-3.5774589,1.8276318
RP11-133N21.10,0.71042013,3.161263
RP1-228P16.4,1.1763564,4.331431
RP1-288H2.2,-1.1670913,3.9322195
RP11-632B21.1,-5.4525094,4.2567687
RP11-100F15.2,-5.574572,4.209366
RP11-350G24.1,-2.50246,2.7366402
RP11-210M15.1,-1.366859,2.9857917
RP11-386G11.10,6.353755,2.9471471
RP11-543H12.1,-4.559232,3.8079076
RP11-148E17.1,1.0467815,3.3229191
RP11-493P1.2,-3.3120878,1.7187402
RP11-74K11.2,-1.1680781,1.8264083
RP11-406H4.1,-3.722941,2.9446442
RP11-530C5.2,0.6564335,2.713404
RP11-698F20.3,0.5508809,4.5349483
CTD-2021H9.3,-2.3366199,4.708744
RP11-781A6.1,-3.6060772,2.5071971
RP11-328C8.5,-5.8600454,3.1509786
RP11-114H23.1,-2.881704,5.097868
RP11-384J4.2,0.69444346,4.514816
RP11-443B7.3,-0.39600322,1.4464923
RP11-754N21.1,-4.9279966,5.7790823
RP11-753H16.5,0.4586215,2.6378706
RP11-114H23.2,-2.8127549,4.9932237
RP4-816N1.7,2.244539,1.4930265
RP11-977B10.2,1.8535506,2.0258408
RP11-260G13.1,-4.2912455,3.391559
RP11-1028N23.3,0.5303721,2.9973178
CTA-109P11.4,-5.19097,4.543499
RP11-89M22.3,-3.729928,4.126725
RP11-1022B3.1,-5.381782,4.941708
RP11-804F13.1,-5.073883,3.5083241
RP11-722P11.4,-5.6072097,4.1301093
RP11-61A14.1,-2.6966162,5.580873
RP11-1041F24.1,-4.9607553,5.4655986
RP11-541G9.1,-3.08889,4.3930044
RP11-864J10.4,3.0069306,2.6995895
RP11-753H16.3,0.048318677,2.977707
RP11-324P9.1,0.8561386,4.324425
RP11-315E17.1,1.5732183,4.0187006
RP11-115F18.1,-5.064322,4.6799893
RP11-588H23.3,4.3349566,2.7240734
RP11-263K4.5,0.5475265,4.6082697
RP11-1105G2.4,-1.4581964,1.9273332
RP11-394J1.2,-3.1572149,1.6934518
RP11-18J9.3,-5.2309766,3.448166
RP11-493L12.4,-0.48522538,2.197545
RP11-202H2.1,-5.534302,5.065979
CTD-2213F21.4,-4.7986155,4.784063
RP11-977G19.5,-0.26619858,3.9904566
RP1-228P16.3,-4.805288,3.2327719
RP11-478C19.2,2.7439868,2.2405643
RP11-272B17.1,-4.40035,3.8295121
RP11-654D12.2,-3.8104942,3.7449653
RP11-136F16.1,0.8395688,4.6253734
RP11-362K2.2,-6.0221577,5.586912
RP11-161H23.5,5.756397,2.469008
RP11-370I10.2,-2.5995464,2.998339
RP11-12K6.2,-5.9091115,3.7319949
RP1-46F2.3,1.4535943,4.0048347
RP11-497G19.3,-5.0180883,4.7321067
RP3-416H24.4,-5.9717927,3.9296155
RP11-162N7.1,-5.425074,3.824972
RP11-219B4.5,0.6826893,4.4407415
RP11-977G19.14,-4.7128873,4.3722215
CTD-2311B13.2,-4.847179,4.9572325
RP11-510I5.4,-4.7122254,4.6272197
RP11-887P2.5,-0.5146075,2.4464505
RP11-386G11.3,-2.9250505,4.1201878
RP11-314D7.1,-5.54362,4.066775
RP11-981P6.1,2.7997794,2.6639793
RP11-887P2.6,-1.2880024,3.9389572
RP11-554E23.2,-4.626058,2.9959087
RP11-690J15.1,-5.86314,5.196468
RP11-167N24.5,-5.236744,3.8630633
CTD-2314B22.1,-2.8558419,5.043964
RP11-603J24.5,3.455408,1.8145062
RP1-267L14.3,1.7321165,3.9617374
RP11-115H15.2,-1.0333085,2.5613296
RP11-87P13.2,-5.5956154,3.2571115
RP11-116N8.1,1.1044831,4.232385
RP11-968A15.8,0.36853456,3.1167583
RP11-603J24.6,-5.1769605,4.4858475
RP11-148B3.2,-5.3450885,3.4239628
ENSG00000258354,0.18831612,3.9317594
RP11-651L5.2,-4.395381,4.4125824
RP11-536C10.16,-4.7730904,4.246286
RP11-1105G2.3,2.050909,2.3637981
RP11-649E7.5,3.7572658,2.0310943
RP11-517O13.1,-2.1013746,2.9433844
RP11-204N11.2,-1.8956137,2.8020535
RP11-33N16.2,-1.2052323,2.4198418
CTD-2200A16.1,-4.8137684,4.744943
RP11-187E13.2,-4.7623096,4.499044
RP11-907D1.2,-5.180961,4.7621017
CTD-2307P3.1,-5.6109633,3.2139475
RP11-831F12.2,-2.2201674,2.6747725
RP11-516J2.1,0.47608775,4.464931
RP11-300J18.2,-5.4463573,4.4239616
RP11-173D3.1,2.5024061,2.0355003
RP11-404P21.5,-4.1663084,4.127549
RP11-526N18.1,-4.9611387,4.448897
RP11-588P7.1,-3.5059197,2.686102
RP11-486O13.2,1.6596286,3.5488865
RP11-471B22.2,2.254075,2.4409308
CTD-2207P18.1,-3.6129837,2.0169923
RP11-452D21.1,-4.9475923,2.4781547
RP11-1085N6.2,-2.053442,2.6573415
RP11-982M15.2,2.8036582,1.7752734
RP11-255M2.1,-4.6381516,6.05219
RP11-711D18.2,-2.4170592,4.6233034
RP11-661G16.1,-4.9583535,4.237797
RP3-414A15.11,-0.42731458,3.9532301
CTD-2201G16.1,-3.7284358,3.4875429
RP11-713N11.4,-1.5136807,1.9705516
RP11-649E7.7,-0.945193,3.9919686
RP11-361H10.3,-1.6326567,4.9060388
RP11-665C16.5,-1.6338849,2.56841
CTD-2292M16.7,-5.0970716,4.134086
RP11-168L7.1,-3.6254592,5.995044
RP11-388E23.2,-4.935689,2.3652446
RP11-84C10.4,0.009711622,5.354499
RP11-7F17.4,-3.98193,5.2082286
RP11-232C2.1,-3.6604807,2.819876
RP11-472N19.3,-5.1765566,4.545876
RP11-398J10.2,-5.1230054,3.1659095
RP11-862P13.1,-3.0820215,2.682853
RP11-1141N12.1,-5.8489866,5.4606504
CTD-2561F5.1,-5.8420424,3.3184834
RP11-638I2.6,2.781628,1.9684211
RP13-582L3.4,-3.80627,4.372638
RP11-203M5.7,2.2320824,2.3820837
RP11-185P18.2,-4.689651,2.3638854
RP6-91H8.1,-0.5470717,2.874762
RP11-363J20.2,-2.5893805,4.0107512
RP11-638I2.9,0.64676404,2.3641295
RP11-829H16.3,2.0428884,2.5929654
RP11-111A21.1,5.276838,3.425913
CTD-2134A5.4,0.15514134,2.9248426
RP11-280K24.4,4.0028095,2.9814389
RP11-753D20.3,-4.7525716,4.7006674
CRAT37,1.7686605,3.9053345
RP11-973D8.4,-4.3879967,3.2806466
RP11-159L20.2,-5.6348057,5.3270745
AC005519.4,4.0911713,2.0984735
CTD-2376I20.1,-1.5766599,1.969947
RP11-72M17.1,3.2676566,3.103601
RP11-1070N10.3,-0.4465406,1.640388
RP11-14J7.6,-3.9124308,3.2361271
CTD-2644I21.1,-3.204339,4.293123
RP11-320M16.2,-3.742879,2.778958
RP11-108M12.3,-2.2453961,4.712753
CTD-3051D23.4,1.128485,4.520087
RP11-30G8.2,-5.047209,2.7888322
RP11-260M19.1,-3.5468946,4.2645173
RP11-452D21.2,-4.7846823,3.0660918
RP11-81F13.2,-4.6313,4.6816177
RP3-414A15.10,4.0414333,3.2482893
AL161668.5,-3.6592135,6.0285296
RP11-488C13.7,2.9227154,1.6967903
RP11-362L22.1,-1.0976379,2.9087682
CTD-2325P2.3,-1.2913892,3.7995956
RP11-739G5.1,-3.0826967,4.185161
RP4-773N10.4,5.6029925,2.0426314
RP11-242P2.1,-5.9417796,5.492674
RP11-219E7.2,-4.4939547,4.0424294
RP11-950C14.3,-0.29148653,3.4815898
CTD-2142D14.1,-4.5848427,6.853725
RP11-509A17.3,-1.5948741,1.5508276
RP11-104E19.1,0.23614816,2.9169633
RP4-693M11.3,-2.287599,4.098849
RP11-964E11.2,-3.8897576,5.0538683
RP11-588P7.2,-3.544648,2.6833081
RP11-123M6.2,-5.0744696,3.8187299
RP11-638I2.8,-5.081556,4.589289
RP11-1042B17.3,2.264212,3.322974
RP11-543C4.3,-3.567645,3.7106712
RP11-386M24.3,-1.8534282,4.5600476
CTD-2002H8.2,2.2095404,2.8931863
RP11-11K13.1,-4.8390713,5.7398896
RP11-218E20.2,-5.331368,4.6376166
RP11-81F13.1,-4.927179,4.5087733
RP11-436M15.3,-5.0951304,4.7483716
RP3-414A15.2,-1.7739837,3.814376
CTD-2058B24.3,-4.594916,6.0321703
RP11-589M4.3,-2.5053349,3.017861
RP11-356K23.2,-1.0861893,3.419345
RP11-433J8.1,2.05677,3.9215238
RP11-1085N6.4,-5.532922,3.139174
RP11-218E20.3,3.9940484,3.0712976
RP11-661G16.2,-3.0608368,2.0190723
RP11-566J3.2,-5.0089555,4.541502
RP11-232C2.3,-3.7772293,3.0057726
RP11-332E19.2,-3.944887,3.0651422
RP11-404P21.6,-4.6788974,3.8154671
RP11-982M15.7,0.602509,3.0609121
RP11-293M10.1,-4.440672,3.1887515
RP11-80A15.1,4.9044704,2.1977315
RP11-218E20.5,-3.3349435,1.8112326
RP11-163M18.1,-4.7210402,3.4738233
RP11-688G15.3,-0.67959857,4.493964
RP11-2G1.1,-5.900541,5.8504953
RP11-356K23.1,0.17425202,2.6767004
RP11-794A8.1,-1.7899731,2.628594
RP11-841O20.2,2.013864,3.8921003
CTD-2509G16.5,0.3969449,4.445379
RP11-24J19.1,-2.1192293,4.6233306
RP11-110A12.2,-5.6615577,4.556345
RP11-692C24.2,1.895404,3.9414108
CTD-2292M16.8,4.147288,2.4273586
RP11-84C10.3,-4.7646837,3.556404
RP11-255M2.2,-6.1365204,4.247743
RP11-1085N6.5,-4.8214574,5.696292
RP11-701B16.2,-3.9841702,2.5487297
RP11-813I20.2,-6.0456276,5.6839867
RP11-507K2.3,0.2464338,3.6867383
RP11-944C7.1,0.29776546,4.5207925
RP11-404P21.3,-3.9944556,4.8452735
RP11-1082A3.1,-5.2286773,3.6046712
CTD-2302E22.2,-3.3286757,4.6735253
RP11-624J12.1,0.89744943,2.9610994
RP11-1152H15.1,2.9640496,3.3539493
RP11-219E7.1,-0.59030026,1.3906046
CTD-3051D23.1,-0.8229291,3.7899456
RP11-293M10.2,1.7632555,3.4890559
CTD-2555O16.2,1.8625393,2.2387428
RP11-537P22.2,-5.0403194,4.151701
CTD-2243E23.1,-3.576425,2.6339371
RP11-76E17.4,-1.2175131,1.398106
CTD-2566J3.1,-3.4009736,5.3763695
RP11-355I22.5,-4.917908,4.697429
RP11-286O18.1,-3.2179656,1.9606248
RP11-259K15.2,-3.0279315,2.9838982
RP11-945F5.1,-5.5892663,3.333334
CTD-2014B16.3,-2.0633886,2.733766
RP11-214N1.1,-5.1575623,4.0667076
RP11-894P9.2,0.65917516,4.2652793
RP11-30G8.1,-4.9172864,4.770085
RP11-463J10.4,-5.4089217,4.540138
RP11-247L20.3,-1.5510571,4.893812
RP11-982M15.5,-0.6366747,3.0212986
RP11-561B11.3,-3.7850034,3.6643107
RP11-991C1.2,-4.5238466,2.6189218
RP11-816J8.1,-5.957684,3.7374916
RP3-514A23.2,-5.980801,5.571297
RP11-232C2.2,-4.627534,3.0016
CTD-2547L24.3,1.2590002,1.5975637
RP11-344B23.2,-2.2872124,2.0874274
RP11-326A13.1,-2.3938923,2.5683975
RP5-1021I20.5,4.2721844,3.0803542
RP11-193F5.1,-5.3556128,4.4398985
CTD-2128A3.2,-3.4541664,4.8799953
RP11-355I22.2,2.5407145,4.7277107
RP11-638I2.2,3.2747571,3.661948
RP11-203M5.8,-5.0719,4.572265
RP11-164C12.2,-1.6609267,2.6953433
RP11-219E7.4,-4.5405827,3.3228872
RP11-1029J19.4,-3.6272519,4.926064
RP11-644F5.16,1.0369586,4.481584
CTD-2313J17.1,-1.2431356,2.268834
CTB-96E2.3,2.0050282,1.923956
RP11-47I22.1,1.0343301,1.719033
RP11-1070N10.5,-3.3614933,5.228771
RP11-463J10.2,-2.4468176,1.8953732
RP11-1084I9.2,-6.1254344,4.637598
RP11-1078H9.2,-2.9693887,3.4593098
RP11-317N8.5,3.3936098,2.1519735
RP11-255G12.2,-5.0818,4.479994
RP11-696D21.2,-3.9902246,4.126807
RP4-647C14.3,1.255356,1.9491739
RP11-497E19.2,-4.7143297,4.450296
RP11-857B24.5,-1.2871848,4.086377
RP11-692C24.1,-4.9203243,3.9909284
RP11-594C13.2,-5.5718403,4.7883773
RP11-618G20.1,2.7175403,1.6234658
RP11-100M12.1,-5.2943335,4.5031624
RP11-934B9.3,-2.1689513,1.8924631
RP11-753D20.1,-4.829748,2.8008053
CTD-2207P18.2,-2.5849946,4.957615
RP11-638I2.4,-1.794818,4.841843
RP11-507K2.2,-1.756887,3.2770133
RP11-368P15.3,2.992173,3.2812214
RP11-131H24.4,-3.4965363,2.2749202
ENSG00000259001,3.8768425,2.5129156
RP11-671J11.7,0.013947343,3.1517248
AE000662.92,-3.6316411,2.2483714
RP3-449M8.6,-1.5576079,4.5264707
RP11-566K11.4,0.62072176,2.4135144
RP11-463J10.3,-1.6125726,1.9874017
RP11-932A10.1,-4.7639184,3.3234336
RP11-561B11.6,0.7672953,3.0968776
RP11-124D2.3,-5.5614448,4.39268
RP11-907D1.1,-4.8360023,5.27039
RP11-325D8.1,-5.1733255,3.8023062
CTD-2062F14.3,-2.7146175,3.9749064
RP11-718G2.5,0.105062574,3.3380177
RP11-666E17.1,-2.9749029,2.7181015
RP11-404P21.1,-4.451864,4.7753563
RP11-614O9.1,-3.8416812,4.329207
CTD-2325P2.4,-3.7148066,5.27656
RP11-409I10.2,-6.1815577,3.0136397
RP11-167B3.1,-4.8946605,4.781039
AE000661.50,-4.707386,4.428675
RP11-789A21.1,-5.0315804,4.6851006
CTD-2058B24.2,-4.580456,6.820754
RP11-589M4.1,2.6299868,1.6411333
AL157871.2,-4.9516687,4.698646
RP11-33N16.3,-4.3801494,4.60474
RP11-1140I5.1,-3.269188,2.6471894
RP11-488C13.4,-4.6993237,4.2514925
RP11-736P16.1,-5.495575,4.159859
RP5-1021I20.1,3.3545322,1.8553246
CTD-3051D23.3,-3.0467465,3.986762
RP11-597A11.6,-3.8111024,4.6086626
RP11-247L20.4,-5.337388,4.463424
RP11-96D24.1,-3.40927,4.635741
RP11-973N13.3,-4.8908043,4.4887366
RP11-804L24.2,-6.0579934,3.3566053
RP11-158I13.2,0.58288884,2.4558904
RP11-488C13.6,0.5685485,2.6826355
RP11-1070N10.6,-2.1853428,1.8542737
RP11-356O9.2,-3.536457,5.126296
CTD-2017C7.2,1.5688852,2.4746742
RP11-1112J20.2,-5.359238,2.8581414
RP11-77A13.1,-0.75994295,2.762123
RP11-61O1.1,-0.6384933,1.4742337
RP11-270M14.4,1.8084033,3.4158683
RP11-242P2.2,0.41589883,4.659459
RP11-280K24.1,-4.7454443,4.666738
RP11-406H23.2,-3.2748845,1.5580813
CTD-2540L5.5,2.1132877,1.4941653
RP11-840I19.3,2.1970658,2.9726224
RP11-1127D7.1,-4.319331,3.323301
RP11-76E17.2,-5.849004,3.8906415
RP11-187O7.3,-4.149389,4.828429
RP11-99L13.2,-5.329624,4.4683824
RP11-219E7.3,-1.3227261,3.8531942
RP11-1085N6.3,0.44306406,4.4551444
RP11-671J11.4,-1.1044116,3.7545686
RP11-950C14.7,-1.3678706,4.3023176
CTD-2240H23.2,-4.5291643,4.1755176
RP11-313C4.1,-5.153876,4.6755815
RP11-100M12.2,-4.2321897,2.903331
RP11-1078H9.5,0.6439233,3.4594557
RP11-1029J19.2,-5.2626286,4.6006145
RP11-100M12.3,-3.2312212,3.6292837
RP11-763K15.1,-4.546636,3.3308983
RP11-379K22.2,1.5886179,4.2329454
RP11-154B12.3,-0.26372078,2.2936008
CTD-2184D3.3,-3.6710916,4.771124
RP11-420M1.2,-5.3237076,4.701319
RP11-463I20.3,-2.4030852,3.2388384
RP11-424I19.2,-0.86086065,1.3932496
RP11-56B16.4,2.3323934,1.9114709
CTD-2008A1.1,-3.7482371,4.7041283
CTD-2647E9.3,-1.9851403,2.1953948
RP11-108K3.4,-3.8129041,3.4611175
RP11-133K1.6,1.2317164,4.6372733
CTD-2544M6.1,-5.878097,3.778798
RP11-718O11.1,-1.3259023,2.823163
RP11-56B16.5,-1.9834015,2.5470352
RP11-342M21.2,-1.3984882,2.536481
RP11-209K10.2,-4.5195355,6.454964
RP11-394B5.2,-5.4017973,4.440902
RP5-991G20.2,2.006346,2.6840432
RP11-64K12.8,0.4602398,2.6021762
CTD-3065B20.2,0.6050275,2.8493872
CTD-2071N1.1,-4.78,2.505089
CTD-3076O17.2,2.7450767,3.9270036
CTD-2050N2.1,-0.9534655,3.0065556
RP11-809H16.5,-5.5700774,3.6745162
RP11-82L7.4,-1.4369239,2.7194707
RP11-361D15.2,2.3218625,1.627312
RP11-313P18.2,-4.6037297,3.2495205
AC002306.1,0.50800496,4.2589946
RP11-182J1.12,1.9511172,2.2644937
RP11-50C13.1,2.7368917,2.0000694
AC011648.1,-5.0326786,4.952476
CTD-2339L15.3,-1.7396442,2.9012408
RP11-627D16.1,-5.5730257,3.2270792
RP11-809H16.4,-5.740353,5.476022
AC007950.1,-1.1285335,1.4055872
RP11-624L4.2,-4.0831037,2.6821516
CTD-2501E16.2,-1.7940558,2.3267105
RP11-522B15.3,3.0731435,2.6163626
RP11-815J21.3,-1.2980161,2.3868465
RP13-126C7.1,-5.1177726,3.6266408
RP11-62C7.2,-2.4222457,6.1295285
RP11-122D10.1,-2.898176,4.0634093
RP11-26L20.3,-5.2112975,4.427127
RP11-3D4.2,1.7414097,2.1557896
RP11-687M24.7,-5.349191,3.2716944
CTA-339C12.1,-0.7060063,2.585378
RP11-313P18.1,-4.670007,4.293613
RP11-108K3.2,-3.9973435,4.875089
RP11-19J5.2,-1.7027626,1.5200396
RP11-522B15.5,-5.2901692,4.3920693
CTD-3065B20.3,0.44417724,2.4205637
RP11-183E24.2,-4.86704,2.3881187
RP11-468E2.5,1.9618027,2.0608559
RP11-762H8.1,-0.15355071,3.3402946
RP11-102L12.2,2.4115078,2.8778355
CTD-2184D3.6,0.90256065,4.630851
RP11-57P19.1,0.6086771,4.6561403
RP11-323I15.5,-2.7070136,2.6941571
RP11-20G13.1,2.0824807,2.3082292
RP11-519G16.5,1.3663013,4.51887
RP11-624L4.1,4.6790605,3.4368508
RP11-798K3.2,1.6682053,2.450189
RP11-111E14.1,-1.0420547,2.041038
RP11-109D20.2,-4.772182,4.5482225
RP11-30K9.5,-3.5646596,5.8757296
RP11-519G16.3,3.437308,3.3188133
RP11-90E5.1,-1.4219456,2.868782
RP11-316M1.12,3.2177749,1.749864
RP11-327J17.2,-3.8745928,5.7253613
RP11-142J21.1,-5.06324,4.2338033
RP11-307C19.1,-2.0224307,4.116647
CTD-2054N24.2,5.3518286,2.8443103
RP11-64K12.9,0.44722047,3.9536448
RP11-424I19.1,-4.7833257,2.7429419
CTD-2647L4.4,4.91298,2.0946646
RP11-64K12.4,-1.8496537,4.9906745
RP11-1069G10.1,4.2132525,3.2549796
RP11-815J21.2,-2.471995,2.3459756
RP11-505E24.3,-1.912025,3.9464295
CTD-2308G16.1,-2.9734669,2.5320618
RP11-403B2.6,-3.8141885,4.8784266
RP11-605F22.1,-2.8415809,3.7162795
RP11-27M9.1,-4.8900585,3.8695965
RP11-475A13.2,-1.7506305,2.7526004
RP11-16O9.2,-3.8663764,3.5278413
RP11-430B1.1,-1.8880974,2.6976464
RP11-30K9.4,-0.114599034,2.8926961
RP11-315L6.1,-5.224967,4.220925
RP11-158M2.3,1.9008765,2.6108794
RP11-3D4.3,2.102295,2.3106084
RP11-34F13.3,-6.0651355,5.2119803
RP11-7M10.2,-1.9217896,3.06727
RP11-109D20.1,-1.9245293,2.3094442
RP11-307C19.2,-3.3543184,3.931257
RP11-593F23.1,-2.0807981,4.181108
RP11-265N7.2,-2.5018008,5.931005
RP11-37C7.2,-5.7959547,4.0556784
RP11-720L8.1,-6.033278,5.5469747
CTC-378H22.2,0.36894205,1.507388
RP11-798K3.4,-5.0392346,4.11432
RP11-752G15.8,-2.570947,3.8937984
RP11-403B2.5,-5.0352917,4.370952
RP11-462P6.1,-2.042757,2.6622398
RP11-815J21.1,-0.13304052,2.6239493
RP11-279F6.2,-4.490587,5.1896067
MGC15885,-3.50516,1.7091749
RP11-128A17.1,-0.7537479,4.222327
RP11-540O11.7,-2.1811442,2.5875282
RP11-1084A12.2,-3.270893,1.6987838
RP11-227D13.4,-1.74534,4.084167
RP11-650L12.1,-2.4876966,2.666448
RP11-50C13.2,-3.835376,3.6023939
RP11-753A21.1,-5.7431626,3.0445976
RP11-39M21.1,-2.7491024,2.5963807
RP11-930O11.2,-2.095689,6.3314824
RP11-616K22.2,-2.1558444,2.7240288
RP11-543G18.1,-4.7895637,4.675696
RP11-352D13.5,-5.0170374,4.9854574
RP11-661D19.3,-3.6903367,5.3598595
RP11-685G9.2,-1.1846617,4.4166584
RP11-365N19.2,1.8335845,2.1846113
RP11-519G16.2,-2.7406356,3.8642287
RP11-680F8.3,1.4493002,2.5344348
RP11-272D12.2,-3.6241622,2.9588692
RP11-259A24.1,-6.4011917,4.664037
RP11-138H8.2,-3.4642525,2.0468981
RP11-522B15.7,-4.8783174,5.231758
RP11-111A22.1,0.07326921,5.2862625
CTD-2651B20.1,0.8960186,4.6684523
RP11-526I2.1,-1.0174937,3.6357415
RP11-778O17.4,-4.5756783,2.8983233
RP11-522B15.4,-2.907548,2.5946398
CTD-2034I4.1,-5.4679356,4.811815
RP11-158M2.2,-2.1728363,2.1589637
RP11-351M8.2,-3.6683824,1.9586954
RP11-38G5.2,-0.9965662,2.2054987
RP11-182J1.10,-4.5868096,2.5042818
AC140725.4,-2.5781386,4.0425715
RP11-408J6.1,-3.8189557,3.005573
RP11-335K5.2,-0.4928645,3.6458879
RP11-648K4.2,-4.8162,5.407261
RP11-300G22.2,-4.2308035,4.9796314
CTD-2329K10.1,0.5794647,4.329874
RP11-16B9.1,-1.4117965,2.3612351
RP11-39M21.2,-2.9300957,2.767154
RP11-66B24.5,-5.1135216,4.6676464
RP11-37C7.1,-4.3472385,2.7109566
RP11-461F11.3,-5.2683496,4.176037
RP11-521C20.2,-4.3959494,4.841309
RP11-463I20.2,-3.1840892,2.6281023
RP11-552E10.1,-4.5841513,2.7972353
RP11-317G6.1,-2.3090308,2.394473
RP11-554D20.1,-2.9953346,2.539866
CTD-2034I4.2,-2.8476386,4.057033
RP11-275I4.1,-1.6879858,2.234295
RP11-138E16.1,-4.0476294,5.1311126
CTD-2012M11.3,-4.690794,4.375244
RP11-66B24.1,-4.7700973,4.111914
AC074212.5,4.1340165,1.6256155
CTD-2647L4.5,-0.5949374,3.8561506
RP11-429B14.3,-1.495696,2.6574929
RP11-507B12.2,0.048834488,3.0828505
RP11-540O11.6,-2.4109151,2.9915183
RP11-133L19.1,-5.2024803,4.453367
RP11-654A16.1,-6.052946,3.237704
RP11-156E6.1,4.244916,1.8208276
RP11-138H8.3,-5.187844,3.986466
RP11-244F12.2,1.509893,3.9972715
RP11-467H10.2,-3.8071043,2.0854404
RP11-557C18.4,-5.0576515,4.4549227
AC100830.3,2.0466802,3.493053
RP11-133L19.2,-5.8946238,4.9041004
RP11-184D12.1,0.7606274,4.5165606
RP11-680F8.4,-1.4793229,2.7707856
RP11-253M7.6,-7.025337,4.0898423
RP11-143J24.1,-5.151788,4.7448506
RP11-351M8.1,-3.2861001,1.5841194
RP11-272D12.1,-3.6896338,3.877538
RP11-797A18.3,-1.9320687,1.7316467
RP11-245C17.2,0.5212949,4.181115
RP11-325E5.1,0.021838935,4.0255203
RP11-151N17.1,1.913906,3.2097924
AC068831.15,3.9375281,1.9445201
RP11-707P17.2,3.8498738,2.707946
RP11-643A5.2,-0.7161959,2.8229675
RP11-485O10.2,-4.11896,2.2481647
RP11-69G7.1,-1.1947618,3.6764622
RP11-507B12.1,-6.066097,5.0611687
RP11-343B18.2,-4.841206,2.9974947
RP11-707P17.1,-5.876093,5.4872108
RP11-96O20.2,-1.0349631,2.8912783
RP11-702L15.4,-1.1337509,3.0296392
RP11-120K9.2,-0.21538998,5.437706
CTD-3118D7.1,-3.598828,2.7325332
RP11-499F3.2,2.430141,3.281851
RP13-262C2.3,-4.5815816,2.521134
RP11-299H22.1,1.4616777,4.316394
RP11-485O10.3,-5.0240264,2.5025153
RP11-108K3.3,-5.2417827,5.2299695
RP11-236L14.1,-3.888263,5.085446
CTD-3094K11.1,1.206558,2.423164
CTD-2184D3.7,0.17132036,2.7675538
CTD-3032H12.2,-2.891668,4.747601
CTD-2184D3.5,0.73770016,2.8638017
RP11-429B14.1,-1.3486468,3.347438
CTD-3110H11.1,-5.404382,3.0431406
RP11-348B17.1,-4.8043256,5.143408
RP5-823G15.5,-1.5569232,4.741255
CTD-3032H12.1,-4.721746,4.6583967
RP11-1069G10.2,-2.3233922,4.91014
CTD-2007H18.1,-4.5964,4.8116813
RP11-326N17.1,-4.8104405,2.7775128
RP11-59H7.3,-0.90658385,3.9390256
RP11-182L7.1,-5.801834,5.3585367
RP11-356M20.3,0.46439025,4.387875
RP11-475A13.1,0.592697,4.528117
RP11-142J21.2,-5.359572,4.6662884
RP11-138H8.6,0.21663104,3.6866906
RP11-208K4.1,-4.494813,3.7464426
RP11-505E24.2,-1.7569579,4.2283435
RP11-625H11.2,-1.6300609,4.005401
RP11-129I19.2,-5.077518,4.492204
RP11-324D17.2,-4.4881563,3.8895257
RP11-20G13.2,-3.706163,3.8711324
RP11-158M2.4,-1.6659808,3.8930283
RP11-90B9.2,-1.3545221,3.4711678
RP11-429D19.1,-3.1325436,3.4814277
RP11-16E12.2,0.9061572,1.8084689
RP11-507J18.2,-3.7831004,2.053403
RP11-182J1.13,1.9550372,2.0821083
RP11-544D21.2,2.7669945,4.1849933
RP11-304L19.12,0.12732236,4.065616
CTD-2270L9.2,1.9175534,3.8476949
RP11-1078H9.6,-0.5220563,3.5732384
RP11-14K3.7,-4.942394,4.673118
RP11-114H24.6,-0.21303074,5.3287516
RP11-400N9.1,2.5425699,3.8362484
RP11-96D1.3,-1.3465204,3.3894112
RP11-23E19.2,-4.1763334,5.206127
CTD-2256P15.2,3.8174088,1.5972818
RP11-382A20.5,1.1141319,3.2511353
RP11-426C22.4,1.9285959,2.0348575
AC002519.8,2.3224308,3.4668317
RP5-1142A6.5,-5.097078,4.1707993
RP11-300A12.2,-5.04898,3.4092278
RP11-53L24.1,-4.6299562,3.9030087
RP11-568A19.1,-5.447665,4.5303307
RP11-169E6.4,0.5313425,4.529155
RP11-343H19.2,-5.5558953,4.5543838
RP11-63E9.1,-1.2121342,2.5702484
RP11-23E19.1,-4.697554,5.5213413
LA16C-380A1.1,-2.3295262,3.9342089
RP11-467L24.1,-5.2019277,3.680175
CTC-471C19.2,-4.583439,3.6910899
RP11-143E21.6,-5.001463,2.8097005
RP11-488L18.10,5.3093762,2.4295
RP11-1012E15.2,-0.28042382,3.621661
AL022344.7,-1.8040859,6.235848
RP11-753A21.2,-5.5722065,3.6295652
CTA-363E6.1,-4.087812,5.1092725
CTD-3037G24.4,-0.56899196,2.5161185
RP11-1O10.1,-5.2388077,5.260391
RP11-830F9.5,0.59053123,1.8755767
RP11-315F22.1,-4.10572,4.2838306
CTA-204B4.2,4.9549417,2.6602201
CTD-3037G24.3,-4.1640577,4.587599
RP11-932O9.4,-4.7613106,2.7469797
RP6-91H8.2,-5.586166,4.9783845
RP11-616M22.2,-3.9580274,4.709053
CTC-527H23.2,-3.7150936,3.5603256
RP11-298D21.2,-4.940137,3.9281554
RP11-410E4.1,-0.8290781,3.1154249
RP11-2E11.5,-2.535868,3.9038727
AC022819.3,3.0116565,3.7640378
RP11-249C24.11,-4.857089,4.6095123
CTA-363E6.2,-3.7133808,5.3983574
RP11-44F14.5,-1.7294517,2.403353
RP11-218M11.1,-4.460288,4.9831185
CTA-481E9.4,1.0609616,3.2609074
CTD-2651B20.7,-0.2498588,2.669536
RP11-519C12.1,-1.0710727,2.3932648
RP11-438D14.2,-4.211973,4.680767
CTD-3203P2.1,2.0982442,1.9766334
RP11-48G14.2,-5.7664967,4.3460054
CTD-2012K14.3,-5.3027773,4.823633
RP11-490G2.2,-2.998631,3.2387667
AC009133.15,4.38753,1.675382
CTD-2547G23.2,-4.8610024,4.7477603
RP11-121C2.2,4.886026,1.9310544
RP4-597A16.2,-5.8411803,5.248575
RP11-2E17.2,0.80909616,4.3723726
RP11-428C6.2,-1.8030483,2.8496134
RP11-999E24.3,-1.9377333,3.9110322
AC099668.5,-3.6767669,5.8114076
AC009120.6,5.46871,2.665893
RP11-553L6.5,4.9539876,1.9478245
AL121578.2,-2.8005834,4.6196737
AF096876.1,-4.5009756,3.9772732
RP11-549B18.1,3.228397,1.674098
RP11-382A20.4,-0.8127199,2.5647643
CTD-2555A7.1,-4.3644514,4.242794
RP11-77K12.8,-3.917187,2.8086245
RP11-305E6.4,4.5306516,2.5605392
CTD-2336H13.2,-5.546586,4.8687606
RP11-753D20.4,-4.68227,2.9224308
RP11-252K23.1,-1.9057709,2.7972028
RP3-467N11.1,3.666582,1.6934656
RP11-279O17.2,-5.0339494,4.804556
RP11-351A20.2,-4.8097677,4.6154294
AC027601.1,4.4132533,1.8521907
RP11-732A21.2,1.118191,4.235916
RP13-20L14.1,0.41360638,2.696429
RP11-510M2.5,-4.119144,5.4813495
RP11-1035H13.2,-5.8100657,4.1210904
RP11-480I12.10,-4.7043533,2.4601908
LA16C-306A4.1,0.94247234,2.3274724
RP11-401P9.1,-2.652577,3.167058
RP11-686F15.2,-4.951001,4.3878355
CTD-2651B20.6,-0.2972086,2.5563905
CTD-2524L6.3,-0.5618325,4.4369774
RP11-407G23.4,0.73589844,3.3483222
RP11-355E10.1,-4.9112425,3.005752
CTD-2034I21.1,-4.923277,5.6160765
RP11-454K7.3,-3.2327938,4.700972
LA16C-390E6.4,3.608268,1.7667555
CTC-527H23.3,-0.94813997,3.5203488
RP11-279O17.3,-5.32036,3.4190478
RP11-231E19.1,-0.721393,2.4377997
RP11-388M20.1,2.122659,3.3515823
RP5-968P14.2,3.0667005,1.7281102
RP11-18F14.4,-4.292393,3.6121433
CTD-2587M23.1,-4.357948,5.5416594
RP11-182J23.1,3.1297297,3.4103897
RP11-418I22.2,-5.4707575,2.8620822
CTD-2313J23.1,3.919131,3.4814565
RP11-488I20.9,-4.8812428,5.2700577
RP11-254F7.2,4.487554,2.0648398
RP11-615I2.1,-1.8904777,2.9618845
RP11-42I10.1,2.631941,1.9344416
RP11-292D4.3,-5.950916,3.395026
RP11-33B1.4,-3.2920527,1.5745163
RP11-715J22.3,0.7511376,3.3993428
RP11-220I1.5,-1.6177087,4.7325635
AC005606.15,-0.5448372,5.154385
RP11-140H17.1,-5.1586294,4.2711143
RP11-529K1.4,-4.1076994,4.0950875
RP6-201G10.2,-1.2846934,4.159331
RP11-177B4.2,-0.61671555,2.780835
RP5-1142A6.9,4.9147363,1.8437716
RP11-923I11.3,-2.5448728,3.7827163
RP11-14N9.2,0.8469943,3.7426937
LA16C-312E8.2,-3.412508,4.964244
CTD-2270L9.4,3.8425472,1.5053366
RP11-258F22.2,-2.5729992,2.9275532
RP11-19N8.4,2.4160323,2.7901707
RP11-764E7.1,-5.3219175,4.180132
RP11-322D14.2,-0.24722503,1.7277228
RP11-394B2.6,-1.8196326,4.5041547
RP11-67H24.2,-5.423026,2.9288912
CTC-471J1.2,1.8856317,2.5309064
RP11-863P13.1,-4.257627,4.4674006
RP11-521O16.2,2.9586103,3.6331012
RP11-863P13.6,0.41548425,2.293838
RP11-146F11.5,-0.0975066,3.7091515
RP11-95H11.1,-2.9007025,2.6390948
RP11-2I17.4,-5.353457,4.7536697
CTD-3126B10.4,-1.1854002,4.5343843
RP4-536B24.3,-4.2959027,4.045128
RP5-902P8.12,2.885772,2.492542
RP11-616M22.5,-4.7874455,4.5363545
RP11-109P11.1,-3.8368027,5.2114916
RP11-432I5.6,-3.9070861,2.1527376
CTA-331P3.1,-0.9732606,1.6514748
RP11-229P13.25,1.0482711,2.7722178
RP11-357N13.2,-1.1852937,2.4312909
RP1-239B22.5,4.602269,1.6492548
RP11-424G14.1,0.9077674,2.3070128
RP11-441F2.2,-3.4498222,2.6332364
RP11-143N13.2,-5.1972027,5.150135
RP3-333B15.4,-4.923342,2.565462
RP11-108B14.5,0.95723563,3.5917525
CTD-2026K11.2,-0.034642655,5.3809013
RP11-680F20.10,-0.587249,2.8388743
RP11-809F4.3,-5.4937906,3.059166
RP11-293N14.1,-5.142691,3.2442567
RP11-483P21.2,4.535048,1.9478449
CTD-2026K11.3,-5.2009006,3.4002802
RP11-148M9.1,-4.938264,3.6762202
CTA-481E9.3,-4.8654885,5.3228865
RP11-588K22.2,0.6338833,2.9286962
AC000032.2,-3.7366095,2.058981
RP11-401P9.5,1.4176177,1.8732051
RP11-384M15.3,0.73278904,2.6768098
RP4-676L2.1,-3.2693822,4.3006616
AP000997.2,-4.832749,5.73483
AP001063.1,-3.753042,3.5661628
RP5-1085F17.3,5.230039,2.7741768
RP11-440L14.3,-2.4409554,3.8840342
RP11-452L6.5,5.530813,2.1026433
CTD-2323K18.1,3.1403222,1.8566413
RP1-45N11.1,4.0119805,3.4952145
RP11-425D10.10,1.6628072,2.0327082
RP11-817O13.8,4.6183157,1.7722427
RP11-101E7.2,-0.05686329,3.4408019
AC137932.5,4.65234,2.0128481
RP11-24M17.4,4.685236,3.2466123
CTD-2535I10.1,-4.675271,5.6873274
RP11-715J22.6,4.5742297,2.8379061
RP11-395I6.3,2.6637573,2.31769
RP11-203B7.2,-5.4848256,4.115263
RP11-388M20.6,-3.6501317,1.8964057
RP11-645C24.5,2.6314974,2.0246055
RP11-27M24.2,-3.6417623,3.687561
RP11-586K12.10,-4.759448,3.0700376
RP11-812E19.7,-5.1601768,4.3515735
LA16C-306A4.2,2.6006405,2.798513
RP11-339A11.2,2.4010794,3.3597534
RP11-416I2.1,0.43169886,3.5359113
RP11-111J6.2,-0.92477614,3.8245444
RP11-386M24.6,-1.7929962,4.634146
AC009052.12,-0.410429,5.380912
RP11-643C9.1,-5.3575087,4.4091296
RP11-473I1.5,-2.1564708,3.035999
RP11-152P23.2,-3.2950902,1.6028663
RP11-382A20.6,-3.2363403,3.929895
RP11-533E19.5,1.9546613,3.47326
CTD-2313J17.5,2.8641071,2.8483045
RP11-297M9.1,-4.6167645,6.5939345
RP11-256I9.3,-4.782846,6.403282
CTD-2639E6.4,-1.9327981,3.5057414
RP11-264B17.4,3.8243432,1.6673709
RP11-521I2.3,1.9015958,2.5651555
CTD-2526A2.2,-0.83363414,3.78218
RP11-631M21.1,3.4895957,3.4423835
RP11-646E18.4,-2.2852387,3.2916489
CTD-2583P5.1,-1.115642,1.8134702
RP11-429P3.5,-5.2180862,4.370171
RP11-450H6.3,-5.441671,3.1287386
RP11-463O9.6,-4.4272184,3.9665484
RP11-575I8.1,-4.6135936,3.433722
RP11-71H17.7,-2.7222552,3.6775868
RP11-1129I3.1,-2.2772489,2.7127337
RP11-297L17.3,-5.504056,3.8278835
RP11-594N15.3,0.8806931,3.0374963
RP11-119F7.5,3.1454303,1.9550228
RP11-800A3.4,0.33247963,2.1549308
RP11-56L13.1,-4.9872813,2.3241422
RP11-616M22.1,-4.0067706,4.3128314
RP11-402F9.3,-4.2226706,2.5068765
RP11-403B2.7,0.49374434,3.210508
RP11-438B23.2,-2.8639007,3.812848
RP5-963E22.5,-5.013569,2.4378426
CTD-2542L18.1,1.1701981,2.813228
RP3-406A7.7,-1.5138297,4.5468946
RP11-1437A8.3,-4.18313,4.8660183
RP1-155D22.2,-4.52063,2.650287
LA16C-316G12.2,0.31180328,3.3007426
RP5-912I13.1,-2.995525,3.567323
RP11-626G11.4,-0.9162947,4.6802845
RP11-20I23.7,0.33645257,4.55057
RP11-96D1.7,-1.5725646,4.0837092
RP11-304L19.2,0.776289,2.471258
RP11-723G8.1,-6.162555,4.048773
RP11-284F21.8,0.5741755,4.480883
RP4-561L24.3,2.1801155,1.9667426
RP11-63M22.2,1.2855198,2.361181
RP4-536B24.2,-1.6548194,3.5202715
RP11-405F3.4,-0.8074551,1.2700433
RP11-834C11.11,-1.1496584,3.6632123
RP11-923I11.4,-1.3702991,3.5359669
RP11-254F7.1,-5.332441,4.142608
RP11-142G1.1,-1.6692865,3.024191
RP11-556H2.3,-2.3472419,6.2013693
CTD-2196E14.9,0.65135825,4.4184027
RP11-1081M5.2,-3.433165,4.924391
RP11-297C4.3,2.7139611,3.4137897
RP11-166B2.7,-4.483892,4.2493777
RP11-55K13.1,3.2957253,3.4353719
RP11-161M6.3,-0.65983486,1.5609031
RP4-536B24.4,-0.8210454,4.6618867
CTD-3193O13.1,-0.70190233,4.376206
RP11-558A11.3,-5.3369355,3.5322046
RP11-410C4.5,3.70306,3.5497134
RP11-356C4.3,1.0757275,4.6534653
RP11-271M24.2,-1.676495,4.670453
AC004381.7,-3.37144,5.4150734
RP11-556H2.2,-4.814885,4.236448
CTD-2199O4.3,-3.0650215,2.654424
RP11-426C22.5,0.6498243,2.181863
RP11-510M2.6,-5.722013,3.8868454
RP11-558A11.2,-4.916531,3.2090828
LA16C-381G6.1,-2.6346395,4.2128615
RP11-1006G14.4,0.37595242,4.257504
RP5-1085F17.4,-0.6671522,2.665774
LA16C-429E7.1,-2.1254387,2.900865
RP13-379O24.2,-4.4718766,4.315236
CTB-134F13.1,-1.8446358,3.283637
RP11-457I16.2,-1.4265574,1.4416139
RP11-728K20.2,-3.0524323,2.7069185
RP11-63M22.1,2.5677438,4.3103337
RP13-516M14.1,4.4248323,1.9401517
RP11-403N16.3,-5.1929116,3.1644917
RP11-20G6.3,-1.404305,4.1629972
CTD-2358C21.3,-5.2682085,3.6112363
RP11-669I1.1,0.9889252,4.4787083
RP11-24N18.1,1.6839353,2.2546864
RP11-21B23.3,-3.5183897,5.7397866
RP11-801I18.1,-4.8110256,3.8935938
RP11-56L13.7,-4.47823,4.0220675
CTD-2541J13.1,-2.6281114,4.63801
RP11-382A20.2,-4.65758,4.3449993
RP11-142A12.1,-0.34263927,3.148961
CTB-113P19.4,-3.337065,4.659936
AP000223.42,-0.09768425,3.2653446
RP13-192B19.2,-4.239501,3.0475838
RP11-592N21.2,-6.0541325,5.843728
RP11-930P14.2,2.805268,1.859265
CTA-363E6.6,-0.6536272,1.2016565
RP11-432I5.2,-3.283497,4.9811316
CTD-2055G21.1,-4.6511307,3.1136122
AC012531.25,0.038261227,4.0856333
CTC-457E21.1,-3.6522744,2.8467867
RP11-109D24.1,-3.688772,2.714788
RP11-552C15.1,-1.5246246,2.4458013
RP1-140K8.5,3.0081573,2.277703
RP11-883G14.3,-3.7505147,5.8763204
RP11-382A20.7,-0.25245732,2.9470391
RP11-352B15.2,-5.643237,3.3526053
RP11-432I5.4,-1.5882875,2.69016
RP3-522J7.6,-1.2988963,3.7600462
RP11-327F22.4,-1.9313816,2.1875043
RP5-1142A6.7,-3.5504262,2.1165004
RP11-23N2.4,2.2292757,2.4839761
RP11-775C24.3,0.4513601,4.092926
RP11-883G14.4,1.3932825,3.4277203
RP11-413H22.2,-2.344903,2.5013258
RP11-24D15.1,-5.6047893,3.44815
RP11-23E10.3,1.9661179,3.3353946
RP11-375I20.6,1.6221927,2.6501877
RP11-521O16.1,-2.4094965,3.855544
RP11-21M24.3,-1.0498787,2.7784486
KB-1000E4.2,-5.348206,3.9428144
RP11-717I24.1,-4.488359,4.0373206
RP11-250B2.5,2.447197,2.3633163
LA16C-385E7.1,0.7629259,4.4125385
RP1-178F10.1,-0.6153733,3.90898
RP11-133K1.7,-1.0832452,3.3786807
RP11-403P17.2,-3.4852507,1.8225154
AF213884.2,-1.3300177,4.253568
RP11-315D16.4,-0.8586558,4.6385107
RP11-368L12.1,-3.0585873,2.9178493
RP11-46C24.6,-3.2855198,4.524486
RP11-152L20.3,-2.0603337,6.281505
AC004158.3,1.6082047,3.630662
AL136419.6,3.9187407,1.7683651
RP11-447M4.1,1.2015964,3.2519765
RP11-278A23.2,-0.13996895,3.2095003
RP11-1006G14.1,1.5294304,3.396575
RP4-529N6.2,-5.0801315,3.570506
RP11-546O6.4,2.6154583,3.241328
RP11-643C9.2,-4.945895,4.7800994
CTA-363E6.5,-4.2445183,5.097807
CTD-2076M15.1,-0.9211577,2.8656282
CTB-36H16.2,-5.0712132,4.42132
AC026150.8,2.157157,2.3723853
RP11-556H2.4,-5.0494876,3.7509937
RP11-513N24.1,-1.7251918,2.6705215
RP11-439E19.9,2.3789663,2.4360702
RP11-449J10.1,1.4938887,4.2477126
RP11-525K10.1,-5.9202523,5.476735
RP11-616M22.7,-1.8794937,5.0167418
RP11-747H7.3,3.317803,2.6036797
RP11-744D14.2,-5.340087,3.228167
AC009133.17,4.183963,2.824733
AF067845.1,-3.3941436,2.7502217
RP11-165M1.2,-4.8901253,4.238483
AC005307.1,-1.4702169,4.901224
RP11-264L1.4,-1.8049337,2.6236715
RP11-2F9.4,-5.1781435,4.412752
AC026471.6,-3.0667112,5.6017847
CTC-391G2.1,-4.961911,4.2217994
RP11-255C15.3,2.688876,2.8175242
RP11-329J18.3,-1.1181287,2.5088382
RP11-482M8.4,3.2712333,3.0281065
CTD-2196E14.6,3.2249515,2.7603567
RP11-403P17.3,-5.0734277,4.560764
RP11-609N14.1,2.583465,3.686148
RP11-120K18.2,1.7921325,3.2058432
RP11-677O4.2,-4.9451475,2.9599297
RP11-184E9.2,-4.8689485,4.6219788
RP11-445O3.3,1.2921107,4.1142006
RP1-39J2.1,-5.12272,4.0276766
RP11-311C24.1,4.784697,1.8060622
RP11-352G18.2,1.1274518,3.3814325
CTD-2083E4.4,4.574533,2.3982756
CTD-2008P7.1,2.486236,3.237886
RP11-856M7.1,-5.1308427,3.6038523
RP11-580I1.1,-5.660783,3.4743826
RP11-112L7.1,1.0863726,4.2630157
RP11-298D21.1,-2.7737203,2.947103
RP5-882C2.2,4.367652,2.1457312
RP11-1348G14.5,0.8710788,3.5683134
RP11-354M1.2,-0.6048317,3.7872992
Z84812.4,0.56675464,2.2328486
RP11-61J19.5,3.0132167,1.6492018
CTD-2007L18.5,1.3748664,2.6175203
CTD-2547L24.4,0.022232447,2.2069066
RP11-107F6.3,2.5894043,4.6814466
RP11-319G9.3,2.9755142,4.521051
RP11-249C24.10,-4.404357,4.1486654
RP11-1437A8.4,-5.0134587,2.3179524
RP11-524O1.4,-0.75303215,4.5471745
CTD-3253I12.1,-3.992603,3.5714188
RP11-256I9.2,-4.5399523,6.8965726
RP11-468I15.1,-3.5340488,2.636927
RP11-531A24.3,-1.454151,3.6671288
RP11-586K12.4,-5.544508,4.01507
RP11-17M15.1,-4.265831,3.5739698
CTD-2009A10.1,-5.330183,2.755404
RP11-437L7.1,3.15339,4.3330803
RP11-439E19.10,3.768491,2.371985
RP11-80F22.15,-5.1427336,2.6575754
RP11-558A11.1,-0.7161769,3.5681915
RP11-254F19.2,-4.701501,4.246513
RP11-22H5.2,0.612395,4.4934015
RP11-459F6.1,-4.6664968,2.3778884
CTD-2373J6.1,-0.93272614,4.0004215
RP11-715J22.4,0.16628988,3.8795323
RP11-211G23.2,1.495887,2.612083
RP11-320H14.1,-2.8712919,3.6400957
RP11-483I13.5,2.2102573,1.6853539
AC009120.5,2.5951908,2.6677742
RP11-96D1.5,-0.5417353,2.2914047
CTD-2026K11.1,-4.2057543,4.6069517
CTD-2012K14.4,-5.102883,4.436708
RP11-554A11.7,-0.9073486,3.7138019
RP11-2C24.4,2.4237168,1.7545283
AC008088.4,-0.8769198,4.3742585
RP11-196G11.2,1.7084954,2.206006
RP11-363E7.4,4.6238065,1.8027765
RP11-57H14.4,5.402739,2.0217614
RP11-731J8.2,-2.545899,3.4920187
CTD-3154N5.1,0.12496173,3.5808022
RP1-228H13.5,4.4801927,1.7905581
RP11-989E6.8,-5.790652,3.7134705
RP11-538I12.3,-5.755269,5.8102565
RP11-380D11.2,-5.6701856,4.982781
RP11-459F6.3,5.974424,2.543991
RP11-483P21.6,-1.1244582,3.4797907
CTA-363E6.7,-0.41306975,5.278963
RP11-548M13.1,-5.366112,3.1205177
RP11-916L7.1,-1.5654024,3.1094701
RP11-384P7.7,2.741111,2.216173
RP11-552M11.8,3.9766536,2.5959485
KB-1836B5.1,2.3909633,3.2974408
RP5-978I12.1,-3.9732654,5.180426
RP11-426C22.6,-0.5196054,3.0746827
LA16C-425C2.1,-0.688037,4.3529534
RP11-30L15.6,-1.1727394,3.5588126
RP11-299H22.7,-5.7221427,4.032985
RP11-488I20.8,-5.7832966,4.345878
RP11-350A1.2,-4.4108286,2.9366088
RP11-297L17.2,2.167826,4.6574917
RP11-690D19.3,0.5371624,2.9482687
RP11-295D22.1,-4.176974,2.3830926
RP1-158P9.2,0.6544175,3.135193
RP1-58B11.1,-4.8611164,2.420618
RP11-105C19.2,-5.5321984,3.292049
RP11-586K12.8,-4.337754,4.8983226
RP11-142G1.3,1.5472838,3.3636231
MKRN3-AS1,0.5122549,3.6407127
RP11-315A16.1,-3.660576,3.5820112
RP11-150D5.2,-4.69479,3.9527636
RP11-854K16.3,1.8764921,2.4240127
RP11-285A1.1,1.7073734,3.452239
LA16C-395F10.2,-1.3835213,4.7642508
RP3-518E13.2,-4.795919,3.8735008
RP11-165H23.1,-5.5134563,3.0680852
RP13-122B23.8,-2.8415918,5.2771964
RP4-647J21.1,1.131042,1.3724086
RP11-521L9.1,-5.0757303,4.2710037
RP11-534L20.5,-0.6844952,1.6171029
RP1-140C12.2,-1.3852016,4.030528
RP11-1437A8.5,-4.889943,2.3450954
RP11-116D2.1,-3.6366482,6.024309
LL09NC01-254D11.1,-4.861067,3.8317254
RP11-111K18.2,0.33723262,3.2214456
RP11-744K17.1,-0.24221602,2.7871466
RP11-84D1.2,-5.03377,3.8216317
CTD-3247F14.2,-1.0944915,2.3056703
AC012322.1,-6.0737643,5.7019224
RP11-791M20.1,-5.0051565,4.3757696
RP11-151E14.1,-4.963947,3.0140264
RP11-574H6.1,-4.8065457,4.5795746
CTC-471C19.1,-2.842009,3.5313306
RP1-149C7.1,-2.5070322,5.933411
RP11-24M17.6,-0.81339407,1.5272127
AP006547.3,-4.0731936,4.1827474
RP11-357N13.1,-3.1588786,2.9483008
RP11-274H2.5,0.15688516,3.4591916
RP11-6O2.4,1.2222295,2.2457628
RP11-195M16.3,-2.3744617,6.10994
RP11-252E2.2,-3.682021,5.7912045
RP11-545A16.4,2.2677708,2.2602894
RP11-303E16.2,2.15839,2.1887982
RP11-538I12.2,-0.05487823,3.5163639
RP11-74C13.4,-4.973688,2.693136
RP11-483K5.3,-1.7944431,2.5675738
RP11-264B17.3,4.7423067,1.9342077
RP11-701H24.4,3.9403486,2.2241073
RP11-554A11.8,-4.3436317,3.5595617
RP1-223E5.4,-0.12722272,4.125986
RP11-179B15.6,-3.8225908,4.4697456
RP11-481J2.1,-1.163186,3.3429682
RP11-252A24.3,3.02769,2.3021138
RP11-20G6.2,1.1104244,3.6056473
CTD-3126B10.1,-1.4179003,3.5910237
RP11-355O1.11,4.4897914,2.1122265
RP11-899L11.1,-5.1648235,4.1133456
RP11-690I21.2,1.7961252,3.0925796
RP11-819C21.1,4.4870834,2.4055147
RP4-545K15.5,2.4100847,2.5991507
RP11-298D21.4,0.27938566,4.6031795
RP11-734K21.5,0.7133874,3.6452918
RP11-141O15.1,-2.1940904,4.325927
RP11-325K4.2,2.981501,2.1226065
RP3-523K23.2,-3.4243722,5.1750913
RP11-333O1.1,-2.3347123,3.8700638
RP11-104N10.1,2.7900808,2.386752
RP11-62H20.1,-2.9701998,4.1535625
RP11-304L19.3,2.0210307,2.3501792
AC135050.5,-1.4779214,3.992913
RP11-361D14.2,-5.951013,5.1553473
RP11-93O14.2,-3.5599194,2.0332391
RP4-798A10.7,3.1789198,1.7780361
RP11-37C7.3,3.8033364,1.862162
RP11-20I23.6,3.3895204,2.2213643
RP11-303E16.5,-0.89691645,4.0591
RP11-2A4.4,-5.336661,2.7917566
CTD-2583P5.3,-1.3572048,1.8876019
RP11-723O4.9,2.5060883,1.9640089
RP11-58A18.1,-5.877813,5.500452
RP11-775H9.3,-5.195628,3.6835372
RP11-517B11.7,4.5965667,1.923829
RP11-68I18.10,0.41951665,3.5181952
RP11-252A24.5,4.029,3.2875037
RP11-356C4.5,1.6414096,2.6605186
RP11-805I24.1,1.8831036,4.255176
RP11-201A3.1,-4.609944,3.4419446
RP11-196O2.1,-4.9474373,2.5679066
RP11-1007O24.2,2.5960188,3.273119
RP11-16L14.2,-1.9691279,2.7653112
RP11-863P13.5,-5.5394955,4.2402377
CTD-2380F24.1,-0.1858149,2.87344
RP11-26O3.1,-3.5429704,2.8367038
RP11-989E6.10,4.8992143,2.3602412
AC004449.6,-0.5507525,4.3535905
LA16C-361A3.3,1.1288844,2.509851
RP1-80N2.3,3.9739096,1.9337207
RP11-510C10.4,-4.8043165,3.8996897
RP11-195F19.30,2.3914003,2.09042
RP11-166B2.5,0.4886753,4.595575
RP11-960L18.1,2.6883402,4.5417895
RP11-344A16.2,-5.493686,3.8998868
CTD-2006K23.1,-0.17473379,1.3160576
RP11-830F9.7,0.3540093,2.1580248
AC140912.1,-2.9101396,3.945265
RP11-38G5.4,-4.970113,4.454058
RP11-510J16.5,-2.9747598,5.165904
AC009166.5,-3.772797,5.762529
RP11-304L19.4,2.4117353,2.1093502
CTD-2302E22.4,-0.63389784,4.194552
RP11-517C16.4,-1.7852967,3.7700372
RP11-114H24.7,-4.031555,2.192331
AC009120.10,-1.2075921,3.052211
RP11-545A16.1,0.8695183,4.701296
AC137932.6,-1.8614519,6.363674
RP11-673E11.2,-5.11123,2.850225
CTD-2520I13.1,-5.020261,4.1925316
RP11-297L17.4,-5.404844,2.7769065
CTD-2515H24.4,-3.9652584,3.5179274
CTD-2196E14.5,-1.5238415,4.436018
RP11-44I10.3,-0.55731577,2.4338048
RP11-389C8.2,-0.6769989,1.4609457
RP11-325K4.3,2.317058,2.440519
LA16C-444G7.1,-2.3101058,3.5842924
RP11-760D2.11,-4.2410426,4.1199346
RP11-554A11.5,-3.3183746,4.726977
RP11-2L4.1,-5.7586865,3.2988563
RP11-20I23.11,-1.1622785,4.515591
RP11-295M3.2,-0.34139538,3.06046
RP11-389G6.3,-2.9059849,3.6865723
RP11-276H1.2,-4.750689,3.6293411
RP11-616M22.3,-6.3941164,4.618901
RP11-299H22.6,3.3627694,2.4428146
RP11-309M7.1,-6.067264,5.8119392
RP4-584D14.7,-0.2051835,3.910725
RP11-157P23.2,-5.214761,3.2312303
RP11-354I13.1,-5.344938,4.3383074
AC002550.5,-0.5700591,4.570758
RP11-2C15.1,-5.358875,3.3331053
RP11-359E8.5,-3.2159417,4.700368
RP11-297D21.2,-2.5988078,5.215445
RP11-174G6.5,5.2957325,2.7350373
RP11-863P13.3,1.10287,4.4702086
CTD-2049O4.1,3.5081525,3.2547228
RP11-297C4.1,-1.1369809,2.770493
RP11-65J3.14,-1.4964904,4.1902986
RP11-318A15.2,1.579578,2.3576458
RP11-378A13.1,4.547673,2.1666696
AC006538.1,3.2341614,1.839493
RP11-297C4.2,-1.3640434,1.787347
AP000439.5,-5.194771,4.455044
RP11-80F22.14,-5.2523313,3.7184205
CTD-3185P2.1,4.412107,1.9047384
RP11-626G11.1,0.7376975,4.423546
RP11-134D3.2,-3.9488232,4.689099
RP11-59E19.4,-4.6076074,6.532008
RP11-455F5.4,1.2012011,4.5550094
RP11-96B5.4,-5.610814,5.283404
RP11-474B12.1,-1.000769,2.4243295
RP11-525K10.2,-4.7999306,4.7288885
RP11-395N3.1,-3.4746299,4.815771
RP11-461L18.1,-5.05187,4.5593824
RP11-60L3.2,-5.661297,4.7396045
RP11-388M20.2,-4.610628,3.6889462
CTD-2012K14.6,1.793648,2.6108243
RP11-473I1.6,1.009244,4.600529
RP11-21B23.1,-3.3102245,3.476561
RP11-165M1.3,-1.5931082,2.5863373
CTD-2012K14.2,-1.6979715,3.5260506
RP11-244B22.6,-5.0655427,2.769655
AC011525.2,-5.4064493,3.088125
RP11-378I6.1,-3.0679302,3.4109852
RP11-114H24.3,-2.3113887,2.661258
RP11-326A19.3,-4.5137916,2.839369
RP11-268G13.1,0.59297574,4.5295024
RP11-22D3.1,-5.2228417,4.6249094
AC144833.1,-0.063993424,2.843377
CTD-2349B8.1,-4.5038304,3.5401037
LA16C-390E6.3,-2.522187,3.363599
CTC-297N7.1,-0.8915706,3.4367936
CTD-2083E4.7,-3.4769957,3.8093472
RP13-126P21.2,-5.4450316,4.344812
RP11-354I13.2,-2.4554758,2.4159427
RP11-709D24.6,1.0224055,3.021744
RP11-80F22.4,-5.6999807,3.4734235
RP11-109D9.4,-3.1277313,4.093293
CTD-2576D5.4,-1.7520337,1.7194217
RP11-589C21.5,-2.2553208,2.074004
RP11-981G7.1,2.6528795,3.1528258
RP11-106M3.3,0.8022347,2.483094
CTA-254O6.1,1.7058716,3.8004715
RP11-23E10.2,-5.9385133,5.722723
RP11-731K22.1,2.5609283,3.26104
RP11-1024P17.1,3.0050635,2.2857082
RP11-96D1.6,-2.1663141,5.258637
RP11-152O14.4,-4.7607613,2.743346
RP11-61F12.1,0.14403534,1.454609
RP11-467I17.1,-5.1015553,4.126027
RP11-452L6.1,2.4588432,2.1603076
RP11-77K12.3,0.92516416,3.4574301
RP11-429B14.4,-2.8055263,3.6695457
RP11-673P17.2,-4.906657,2.2255397
AC135048.13,3.8805442,1.7203358
CTD-2515H24.3,-5.205397,4.208361
RP11-96H17.1,-1.1279227,3.426432
LA16C-358B7.3,4.1549163,2.448857
RP11-1437A8.6,-5.0447545,3.0148356
RP11-46D6.1,4.6139193,1.8766081
RP11-432I5.8,-1.0988914,4.5956435
RP11-403P17.4,1.9142385,3.146028
RP11-82O18.2,0.55970865,4.5174184
CTB-31O20.2,5.685749,3.1205127
RP13-487P22.1,-0.7227608,2.4779437
RP11-304L19.8,-5.405608,4.078826
CTA-305I2.1,-1.585518,2.7177365
RP11-319G9.5,-2.2829742,2.4711528
RP11-3M1.1,-4.3175054,4.953862
RP11-281J9.2,-5.5714617,4.8555865
RP11-626K17.3,0.8821839,3.857268
RP11-16E18.3,3.0614712,2.0908763
RP11-665J16.1,-4.9505033,2.8159752
RP11-16E23.3,-1.0345753,2.3908207
CTD-2555A7.3,0.9595555,2.3671951
RP11-264B17.5,-2.0359116,2.1444774
RP11-29G8.3,4.2038026,2.2558048
CTD-3229J4.1,-5.907181,5.7720633
RP11-166B2.3,3.1465597,3.318276
CTD-2144E22.6,-5.1266394,4.264872
RP11-586K12.11,-5.4920115,3.0274618
RP11-384L8.1,0.8790297,3.4472134
RP11-553K8.5,-1.353389,2.124268
RP11-21L23.2,4.129948,1.7275025
CTD-2385L22.1,-3.612547,5.3108106
RP11-457M11.5,3.054999,2.3020263
RP11-923I11.6,-2.0072198,4.165498
RP11-178L8.3,1.3986762,4.032198
CTB-31N19.3,1.4620236,1.6817539
RP11-575H3.1,-1.2965336,4.2342963
CTD-2033A16.1,-5.3136115,3.29913
CTD-2636A23.2,-0.1358282,5.3935747
RP11-414J4.2,-1.9398975,3.9707012
AP000265.1,0.55600995,4.596672
RP11-20I23.13,5.1516623,2.0334198
RP11-6O2.3,2.5079973,2.4874032
RP11-554A11.4,-3.176963,4.6001797
RP11-91I8.1,-5.2717333,4.517598
RP5-842K16.2,-5.716966,3.9770381
RP11-357N13.3,0.8954351,4.3674216
RP11-390D11.1,-2.1926498,2.6893072
RP11-405F3.5,-2.4678097,2.8921008
RP11-700H13.1,-5.3217673,3.3613145
LA16C-390E6.5,1.415002,2.1487203
RP11-309H21.3,2.214279,3.0359259
RP11-489G11.3,0.82124454,3.1425068
CTD-2014E2.2,-4.633951,3.513926
RP11-474D1.4,-4.5234675,4.5287633
RP11-899L11.3,-4.912402,2.8846934
RP11-21L1.1,0.5711694,4.5135145
RP11-96K19.4,5.5752606,3.29618
CTD-3064M3.3,-0.1762156,2.9648297
LA16C-313D11.12,4.6153736,2.387373
RP11-50D9.3,1.6525522,3.18787
CTD-2515A14.1,1.1525944,4.221829
RP11-1C8.5,3.1683967,4.223568
RP11-573G6.6,-2.0196927,4.140629
RP11-328J14.1,-4.8562346,4.184282
RP5-1119A7.17,-2.7670145,3.5581512
RP11-19N8.7,-5.4205084,4.1445107
RP11-265N6.1,3.475143,3.3516123
RP11-473C18.3,-4.550065,4.02414
LA16C-366D1.3,-5.080257,4.47749
RP1-168P16.1,-1.2036695,2.679996
RP13-467H17.1,0.11120824,3.7438822
RP11-719K4.6,0.5443803,4.482196
RP11-354P17.15,-3.950246,2.957209
RP11-178L8.5,-1.2180043,3.4159546
RP11-264M12.2,-1.5901582,4.3337092
RP11-953B20.1,-3.1214828,3.3729382
RP11-161M6.5,-5.999098,5.6682734
RP11-679B19.2,-6.0975,5.827207
CTD-2196E14.3,-1.5521957,3.4193225
RP11-307O13.1,0.876545,3.040413
GS1-204I12.4,-4.393241,5.0397196
CTD-2358C21.4,-5.124943,4.624759
RP11-669C19.1,1.1245264,3.205335
AC002551.1,1.2673702,3.7291868
RP11-2K6.2,-5.9780664,3.0822442
RP11-506E9.3,-5.2193537,4.242544
RP11-305A4.3,1.2032738,3.7905345
CTC-523E23.1,1.4817762,2.3787751
AC005592.3,-4.464019,5.5979824
RP11-626G11.3,3.89386,1.8227898
RP11-650L12.2,4.0018687,1.6444209
RP11-442N1.2,1.6938713,3.8270383
RP11-498D10.3,0.41528627,4.5001717
RP11-22P6.2,1.7606504,3.113117
CTC-459F4.1,3.432761,2.4316216
RP11-10O17.3,-1.1851676,3.6224496
RP11-69H7.3,-5.225709,4.4339
RP11-252K23.2,2.214164,3.4771316
RP4-555D20.2,3.2435477,1.7536317
RP11-709D24.5,2.97637,3.8780715
AC005606.14,4.3118615,1.7271659
RP11-90P13.1,-3.624286,3.4561524
RP11-744I24.3,-4.9512672,3.896816
RP1-118J21.25,-0.82726055,4.439837
RP11-283I3.6,5.2746086,2.094569
RP11-244B22.11,-4.92751,5.258065
RP11-44I10.6,-4.692882,4.4699035
RP11-44F14.2,4.403655,2.834502
RP11-895K13.2,-3.7197602,2.828654
RP11-22D3.2,-6.099592,5.5813355
RP11-863P13.2,-1.7488568,2.7544847
RP11-502H18.2,-4.811838,4.510789
RP11-351A20.1,-4.862245,3.536626
CTD-2311M21.3,0.5083373,4.3161
RP11-265N6.2,-1.576239,4.4542923
RP11-48G14.1,-3.6424122,4.5053535
RP11-691G17.1,4.6050286,3.5510662
RP11-223I10.1,0.7334594,2.5447054
RP11-533E19.2,-5.312243,4.28087
RP11-264L1.3,-2.1969905,2.6976879
RP11-303E16.6,-4.1814885,3.1583674
RP1-265C24.8,-0.57438385,4.0684385
RP11-146F11.1,4.3393993,1.6196694
RP11-143I21.1,-1.036239,3.94598
RP13-638C3.4,-5.717891,3.4597576
CTD-2309O5.3,-5.7342706,5.440945
RP11-67A1.2,-3.431718,1.9399468
RP5-867C24.5,-0.18001553,2.7560341
AC144831.1,3.1863012,1.7334224
RP11-473M20.16,3.1221054,2.365108
RP11-314A20.5,0.3227246,2.5764837
RP11-235E17.4,-1.6942877,3.0669098
CTD-2561B21.5,3.0246046,2.6906998
RP11-461A8.1,-2.594569,5.021294
RP11-893F2.14,-4.6614184,5.178478
RP11-506D12.5,-5.354815,4.2438645
CTD-2529O21.2,-3.509721,5.7588677
ENSG00000261994,1.0347893,2.6587853
CTC-281F24.1,1.5813037,2.2414582
RP11-212I21.4,2.3816762,2.7197974
RP11-676J12.7,0.29799348,3.4949117
RP11-700H6.4,-4.9909453,4.6500545
AC003009.1,-4.844436,5.511064
ENSG00000262016,-3.0637345,4.053768
RP11-66H6.3,-2.016644,2.6619368
RP11-177N22.3,-1.2660496,2.770489
RP11-81K2.1,-1.6101284,1.644593
RP13-1032I1.7,4.665032,1.7250551
RP11-74E22.3,3.3287573,2.3113441
RP11-763E3.1,-3.7210093,4.140402
DKFZP434A062,-1.3313609,4.1424675
RP11-515O17.3,-5.3688917,3.2403817
RP11-589P10.5,2.7528853,1.8581915
AC139099.5,-0.113268115,3.9051578
CTD-2561B21.10,-1.3522959,3.8380826
RP11-670E13.5,-5.0457773,4.372686
RP11-455O6.2,-0.50814706,3.4682345
AC009134.1,-4.1157975,3.2726073
RP11-483C6.1,-2.7686293,2.675924
RP11-676J12.6,-4.0611353,3.7777743
RP13-638C3.3,1.5257381,2.129315
RP11-876N24.2,-1.8164544,1.867439
RP11-96D1.11,5.144347,1.9382538
CTA-972D3.2,-0.48728287,2.9462187
CTD-2529O21.1,-1.2609763,4.7786365
RP11-124N19.3,1.1915153,2.8039823
RP11-160E2.6,0.7070101,2.524986
CTD-2031P19.5,-6.019529,5.6693215
AC144836.1,-5.658975,4.243944
RP11-1055B8.3,3.833758,3.0018663
ENSG00000262226,-4.0667906,3.822721
RP5-1050D4.5,2.9167209,1.7826282
RP11-676J12.4,3.1055603,3.7861876
RP11-960B9.2,-4.787022,2.79268
ENSG00000262237,-1.2879205,2.1454415
RP5-867C24.4,2.6827526,3.622966
U95743.1,0.95024914,3.1895883
RP11-55L4.1,-5.195715,4.339513
RP5-1107A17.3,1.1167338,3.9403827
ENSG00000262303,-1.099266,3.9964154
LA16C-390H2.4,3.5953903,3.055115
CTD-2561B21.4,-1.6810291,3.3345184
CTC-457L16.2,1.440725,1.5244242
RP11-517A5.7,-1.2501779,1.3605818
RP11-1197K16.2,-1.7213589,2.115519
RP11-353N14.3,-4.7063017,5.3949156
CTD-3195I5.4,-1.8160794,3.7566116
LA16C-380H5.2,-1.0764055,4.053262
RP11-473M20.9,1.6466798,1.3602912
RP11-669E14.6,-6.2634683,4.588218
ENSG00000262375,-5.01688,4.5657625
CTB-193M12.3,0.28267393,4.363439
RP11-388C12.8,2.0836895,2.635945
RP11-85G18.6,-1.5406817,4.3743443
RP11-498C9.3,2.170061,1.6002429
RP11-490O6.2,2.883162,2.0940857
RP5-1050D4.3,-5.5043235,4.388787
RP11-676J12.8,0.6694453,3.1596253
CTD-2545H1.2,-3.5773811,5.8731313
ENSG00000262453,-3.254963,5.124984
RP1-59D14.1,0.25418416,2.6964464
ENSG00000262476,-2.3333697,2.575032
LA16C-321D4.2,-0.27666986,3.5488884
ENSG00000262487,-3.740196,4.926624
ENSG00000262510,-4.919264,4.645715
ENSG00000262513,-5.4815044,4.319554
RP11-96D1.9,-0.42056602,2.5828326
ENSG00000262517,-3.7374306,4.6575336
AJ003147.8,-5.051513,4.7656674
LA16C-349E10.1,1.8772963,2.2364023
CTA-276F8.2,-3.2418594,2.7253196
ENSG00000262531,-1.9779537,2.3512223
RP11-667K14.4,2.2868047,1.5954156
RP11-1260E13.3,-3.1922977,5.618437
RP11-334C17.5,5.1131816,2.1081223
ENSG00000262603,-4.4128594,2.6505508
RP11-104H15.9,-5.1222305,4.693204
ENSG00000262640,-4.954967,4.2673597
RP13-638C3.2,1.0385685,2.7882798
CTD-2561B21.3,-1.4731025,3.7388613
RP11-497H17.1,1.2136546,2.743876
AJ003147.9,3.584644,3.1118066
ENSG00000262671,2.3270092,2.1289706
RP11-311F12.1,-0.73015565,3.3311036
CTC-277H1.7,3.4568496,1.9790145
CTD-3195I5.3,1.0473646,2.612732
RP11-485G7.6,1.8209314,2.0679598
RP11-295D4.1,3.5712893,1.9759907
RP11-44F14.8,1.024924,1.6442225
AC106782.20,-5.3960795,4.4778204
RP11-1000B6.8,3.9705212,2.2592447
CTD-2135D7.2,2.0290623,3.8024728
RP11-196G11.4,3.1482162,2.1032648
RP11-353N14.1,-4.518054,5.100226
RP11-1113L8.1,-3.526386,5.776794
RP11-818O24.3,1.1015636,3.5563092
RP11-214O1.1,2.5356681,4.76113
RP11-961A15.1,-0.93702024,5.0597215
U91319.1,-1.0241014,2.8906868
ENSG00000262802,-3.5768332,5.5910463
RP11-667K14.5,1.6026211,2.677713
RP11-565F19.4,0.57511365,4.468681
RP13-580F15.2,1.0402362,1.6454604
RP11-498C9.2,-2.8388052,4.9346895
RP11-28G8.1,1.1528624,4.0764327
RP11-304F15.7,-1.9409484,2.5560808
RP11-517A5.5,1.4599944,2.607898
CTD-2545H1.1,-4.750954,2.6946347
CTD-2561B21.11,1.831113,3.2189603
RP11-1055B8.4,3.9105816,1.857773
RP11-156P1.3,6.324627,2.8505065
RP11-104H15.7,-0.7091788,4.282767
RP11-669E14.4,-3.9879742,5.6058884
CTD-3060P21.1,-1.0589111,2.753103
AC139099.4,-1.9055191,2.5618813
LA16C-360H6.3,-3.9519105,3.0007806
RP5-1029F21.2,-5.0560417,3.621167
RP11-1260E13.1,-5.0593224,4.7782927
RP11-141J13.3,-6.0928416,5.823623
RP11-189E14.5,-5.0077767,4.042344
RP11-85B7.2,-1.7785729,3.019036
RP11-294J22.6,1.198397,3.925847
CTD-2047H16.2,0.04475058,3.010076
AF001550.7,-5.830539,3.5330524
CTD-2194A8.2,-4.044027,5.714933
CTD-3088G3.6,1.5437977,4.0450797
RP11-473M20.11,-0.5888512,3.881462
RP5-1029F21.3,-4.915991,4.256245
RP11-396B14.2,-0.69597507,3.1303105
RP11-355F22.1,-5.9783354,5.5090766
RP11-565F19.3,-5.315239,3.5292127
RP11-388C12.1,-1.9011092,4.6207128
AF001548.6,-3.4455538,1.7046586
RP11-485G7.5,0.9966224,3.649827
AC004878.8,-2.1605952,3.058264
RP11-166P13.4,3.0279658,3.8235843
RP11-515O17.2,-1.4557034,3.884285
RP11-567O16.1,-1.7348493,3.6384342
RP11-95P2.3,-0.467158,4.3988533
RP11-189E14.3,-5.4225717,3.2738128
RP5-1107A17.4,1.9592878,3.8010786
CTC-479C5.10,4.490551,1.9275216
ENSG00000263130,-5.2436595,4.6783147
ENSG00000263137,-2.5113878,3.8290358
RP11-1055B8.2,-4.6562805,4.9311166
RP11-462G12.4,-5.146703,4.181526
RP11-333E1.2,0.6254639,3.0170398
RP11-810M2.2,3.8227296,1.8325642
RP11-149I9.2,-1.4472842,1.8276606
RP11-542C16.1,-2.719271,5.054848
RP11-893F2.15,-5.09248,4.443282
RP11-26L20.4,-5.377157,4.2087326
LA16C-306E5.3,-3.166583,4.8631735
CTD-2561B21.7,-2.3747175,4.813064
RP11-420A6.2,0.1651222,3.7555761
CTD-2135D7.3,0.44758552,4.666802
RP11-461A8.4,3.0497854,1.7828711
RP11-429K17.1,-5.9431076,4.101591
RP11-473I1.9,3.3382778,3.9574597
RP11-204E4.3,-5.9765964,4.376693
RP11-65J21.4,-3.2408366,3.3177128
ENSG00000263270,-5.8243732,4.0325675
RP11-1055B8.8,-5.253926,4.5370455
CTC-524C5.2,5.3590207,2.2776368
ENSG00000263275,-5.679107,3.4432273
RP11-96D1.10,4.172348,3.3802938
CH17-351M24.1,-3.3787062,2.7376635
RP11-109M19.1,-4.9170117,2.8992047
LA16C-325D7.2,-0.6684007,4.480302
RP5-1029F21.4,-2.0061905,2.9997406
RP11-104H15.8,-0.65331453,4.3023176
AP005530.2,-5.0127816,3.6860895
ENSG00000263314,-5.4496675,4.4725785
RP11-530N7.3,-3.2784278,4.8214226
RP11-388C12.5,-0.22105652,3.5982046
ENSG00000263322,-1.8622227,4.6786137
LA16C-325D7.1,-2.7769125,5.20569
CTC-508F8.1,-4.7800336,3.9395504
AF001548.5,0.3831677,1.8922546
RP11-235E17.3,-0.02668456,3.9174259
RP1-4G17.2,-3.7044938,2.4063792
RP11-68I3.5,-0.8874694,2.1417758
RP11-552O4.1,-4.5011983,3.1888845
CTC-297N7.10,-5.1872888,4.3080525
RP11-53I6.4,-0.46988004,2.6778355
RP11-160E2.19,-0.43715307,1.7030168
CTD-2541J13.2,-1.8484657,4.6889896
RP11-599B13.3,-3.5058224,5.1201034
RP11-17M24.2,-3.635171,3.0653834
RP11-973F15.2,-5.485383,4.764688
RP11-680N20.1,-3.9454257,5.297443
RP1-56K13.2,0.17051587,3.2115288
RP11-338L22.2,-1.5357927,2.6121771
CTC-304I17.4,-3.8092325,2.8996406
CTC-264K15.6,-3.459476,3.6601186
AC004702.2,-5.34049,3.499876
RP11-118E18.4,-0.6986307,2.526338
RP11-269G24.2,-3.4305654,2.8355258
RP11-963H4.3,-3.371292,5.3822985
RP13-753N3.1,0.09639303,2.9147823
RP11-1O2.1,-5.3964825,2.7943547
RP11-78F17.1,3.3679357,3.2295532
RP11-805L22.3,-4.8468666,5.3569746
CTC-304I17.5,-2.6715236,3.9419003
CTD-2532D12.4,-5.9144597,5.488979
RP11-498C9.13,-0.47989753,4.8681884
RP11-595B24.2,-3.8103383,5.5993896
RP11-28O3.2,-4.9630947,3.7320423
CTD-2349P21.5,0.55763215,3.0361545
RP11-612A1.1,-4.728599,3.913413
AF186192.6,-2.776324,3.9790146
RP11-321A17.5,-5.076963,4.4335613
RP11-527H14.4,-1.3317574,2.9743004
RP11-389J22.3,-4.752525,4.1292257
RP11-45M22.3,1.1347808,2.7358236
RP11-805F19.2,-5.387772,3.7918527
RP11-106E15.1,-4.943568,4.798772
RP11-269G24.3,-5.0803084,4.554648
RP11-25L3.3,-5.8218136,5.414947
RP11-82O19.1,-1.115228,2.708383
RP3-416J7.4,-2.1523094,2.62969
RP11-443G13.2,-2.7720392,4.153712
RP11-17A19.2,-3.5962753,3.155917
RP11-57A1.1,-3.5644667,4.24806
RP4-777O23.1,-4.35732,3.9379067
RP11-628O18.1,-5.4665895,3.314568
RP11-386P4.1,-6.0367007,4.506242
RP11-408H20.3,-4.1945543,3.5631018
RP11-597M12.1,-5.612537,4.5391536
RP11-85B7.4,-5.1297483,4.1645603
RP11-321A17.4,-4.175262,3.982613
RP11-466A19.6,-3.412272,4.6655865
RP11-389J22.1,-5.104651,4.1232247
RP11-806L2.5,-1.5162816,4.438401
RP11-498C9.15,5.0147276,2.3584611
RP11-161I6.2,-0.5383697,3.7958577
XXBAC-BPG181M17.6,-4.9353304,4.3947015
RP11-746B8.1,-5.2838974,2.8880532
RP11-649A18.4,2.3663025,2.4439628
RP11-146G7.2,-5.42433,4.3370852
RP11-6N17.9,-3.5310073,1.9670373
RP11-527H14.1,-5.2068787,4.5964394
RP11-326K13.4,3.93188,1.6128126
RP11-573D15.9,4.4335656,1.8177509
RP11-143J12.3,2.1612337,3.4137254
RP11-498C9.16,-0.3237864,4.3391995
RP11-218M11.3,-3.072689,4.028522
AC007948.1,-5.366197,4.2618527
CTD-3010D24.3,-2.9180844,5.2797756
RP11-110H1.9,-6.0095167,3.0788264
RP11-344B2.3,-4.9713616,3.8291466
RP11-110H1.4,-0.4189713,3.7930622
RP11-53I6.2,0.3419455,1.9228588
RP11-571L19.7,-5.01192,4.19755
RP11-210K20.2,-1.722144,2.5687444
RP11-579O24.3,2.43057,4.5557675
RP11-513M1.1,-5.1573873,4.025743
RP11-789C17.5,-4.9192314,4.2449193
RP11-504I13.3,-1.4679487,3.3607671
RP11-746M1.1,1.507786,4.005992
CTC-542B22.2,1.6583105,2.3851137
RP11-286N3.2,-4.953739,4.325027
RP11-68I3.10,-3.0769236,3.7490597
RP11-627G18.2,-3.35763,3.4572492
RP11-176N18.2,-2.688463,4.607496
CTC-297N7.9,-4.4942245,5.586574
RP11-6N17.6,2.9091098,2.030787
RP11-728E14.2,-2.3746238,6.1604586
RP11-192H23.7,0.99728906,2.5868225
RP11-20B24.2,-0.3845468,5.4674535
RP11-401O9.3,0.57611907,4.477184
RP11-856M7.4,-4.9537444,4.517489
RP11-73M7.9,-4.580522,3.1937459
CTD-2015H3.1,-4.3907905,5.310409
RP11-227G15.9,1.2013197,4.268002
RP11-357H3.1,-4.7828913,3.834157
RP11-159D12.2,5.8031764,2.2852545
RP11-321M21.3,0.3177204,3.8415759
RP11-354P11.4,0.1220535,4.1404586
AC007631.1,-4.277858,4.236438
RP11-268I9.3,-5.1401825,4.104849
RP11-739N10.1,2.281789,3.3344088
RP1-253P7.1,-3.4208348,1.6862127
RP11-212E8.1,-4.847944,2.591237
RP1-37N7.1,0.76810735,3.9160326
RP11-13N13.5,0.39119372,4.106235
RP11-171G2.1,-1.5289946,2.6931207
RP11-196G18.23,4.214688,1.7013218
RP11-94B19.3,-5.929664,3.5323148
RP11-283C24.1,-4.266342,4.5340233
RP11-6N17.1,-1.7786683,2.9047031
CTD-3096M3.1,-1.6575013,1.7936646
RP11-285M22.3,-5.0458417,4.4282756
RP11-474I11.7,-1.0381942,2.486135
CTD-2514K5.4,-0.9912287,3.8082757
CTD-2145A24.4,-1.098904,2.9902833
RP11-68I3.4,0.46032643,2.5379777
RP11-20B24.7,0.85622454,2.3293679
RP11-671C19.2,-4.5961,5.584483
RP11-769O8.2,-4.941806,4.5046563
RP11-231E4.3,-5.009179,4.2327895
RP11-621L6.2,0.30530664,4.2922106
RP11-401F2.4,-2.2182014,2.5017138
RP11-434D2.12,-5.485819,3.343077
CTD-2006O16.2,-3.0209723,2.8386176
RP11-945C19.4,-2.2805562,3.8688004
ENSG00000264450,-5.0041957,4.183027
RP11-433M22.2,-0.0982441,4.334292
RP11-848P1.2,3.9819336,3.033326
RP11-220C2.1,-2.6924074,2.905729
RP11-861L17.3,-4.6301928,4.387645
RP11-76K13.3,-5.5689945,4.1910367
CTD-2008P7.3,-5.9480495,4.46397
RP11-605F20.1,-4.91859,4.188254
WI2-87327B8.1,-3.4581254,3.7137663
RP11-349A8.3,-2.8245542,4.3819304
RP11-556O9.2,-2.240619,2.7155507
RP11-720L2.4,-5.3149505,3.790384
RP4-777O23.2,0.4881946,2.903054
ENSG00000264545,-1.0301951,4.30773
RP11-464D20.6,2.7963853,3.8992343
RP13-516M14.2,2.455249,2.3394737
RP11-138C9.1,-0.56354743,4.608796
AC010761.8,4.683858,1.8945789
RP11-360L9.8,3.4556732,1.6582879
RP11-784B15.1,-5.115107,3.0258846
RP11-94B19.5,-3.8828232,4.9753733
RP11-678G15.1,-1.9055246,2.6096494
RP1-29G21.1,-5.8841105,3.8042922
RP11-642M2.1,-4.2441807,3.785631
RP11-659F24.1,-5.215042,4.280154
RP11-769O8.3,2.8343697,3.8367863
RP11-118G23.2,-4.514123,3.7817202
RP11-68I3.7,-1.8796401,4.783805
CTD-2006K23.2,-0.606988,1.3059471
RP11-381P6.1,-3.0013378,4.1079326
RP11-524F11.2,3.0609996,1.6722467
RP11-92B11.3,-3.2758543,1.5939603
RP11-63N3.1,-5.9520974,5.6980987
RP11-178F10.2,-1.2102228,1.4190931
RP11-6N17.10,-5.2699122,4.330495
RP11-674P19.2,-0.75540084,2.7783532
RP11-680C21.1,1.0597968,4.264914
RP11-219A15.2,-5.6401353,3.7023814
RP11-260A9.6,-4.7467046,5.3236785
RP11-498C9.17,-2.1811972,2.7749734
RP11-138I1.2,0.9038688,2.6322536
RP11-277J6.2,-4.6820936,4.5208707
CTD-2653B5.1,-4.8546486,3.61842
RP11-92B11.4,-4.8250656,2.9270694
RP11-498C9.12,1.6787504,2.1107926
RP11-186B7.4,5.625838,2.4934375
RP11-311F12.2,-3.759206,4.7098813
RP11-26N15.2,-5.2090187,3.8775642
CTC-304I17.2,-3.4568756,2.8279023
RP11-802D6.1,1.4979779,2.570693
RP13-20L14.4,1.1319071,4.5652475
RP11-627G18.4,-5.296155,4.0780163
RP11-474I11.8,-1.3759296,2.3693419
RP11-856M7.2,-5.251792,4.1475096
RP11-16C1.2,2.2540092,3.1103823
RP11-143K11.5,-3.64548,3.8883445
RP11-526H11.1,0.2930508,4.5492635
RP11-138E9.2,-2.448363,6.126449
RP11-805F19.1,-0.98646927,3.3686788
RP11-421E14.2,2.9249918,3.6985958
RP11-343K8.3,-2.5828342,2.8131187
RP11-799B12.2,-1.3515098,2.759966
CTD-2104P17.2,-1.1997075,3.4595566
AC100830.5,0.032384317,2.5866432
RP11-1109M24.5,3.0458155,3.3335886
RP11-387H17.4,-1.3046005,3.7897756
RP11-344B2.2,0.6482063,2.8612928
RP11-449L23.2,2.1638951,3.764042
RP11-215E13.2,-5.074829,2.486404
RP11-53I6.3,-0.74460816,4.617202
RP11-661C3.2,2.512671,4.6839805
RP11-728E14.3,1.6967336,3.92009
CTC-542B22.1,-3.7595487,5.6718645
AC145343.2,-0.35349566,4.2221174
RP11-781P6.1,-3.9935832,3.4679387
AC010761.6,0.927733,4.716677
RP11-835E18.5,-3.5784862,2.0097845
RP11-178F10.1,-4.674717,3.5704136
RP11-147L13.2,3.0447779,3.7592814
CTD-2382H12.1,-5.790864,4.1758814
RP11-70O5.2,-4.1616917,3.0281126
RP11-31I22.2,-3.8292117,3.0490944
RP11-285E9.5,-5.4174232,4.471552
RP11-31I22.3,-3.605947,2.7887788
CTB-187M2.2,-4.2203727,3.9396756
RP11-15F12.3,-4.859027,3.7736824
RP11-227G15.2,-5.2181454,4.1607714
RP11-192H23.5,-2.149744,4.684932
CTD-2124B20.3,-4.342588,5.047448
RP11-672L10.2,-2.4089203,3.834722
RP11-70L8.4,3.4769526,2.4022698
RP11-403A21.3,-1.8385783,2.4003575
AC010761.13,1.9104215,2.5840604
RP11-775G23.1,-5.0491657,5.4358153
RP11-927P21.1,2.3504004,2.7611394
RP11-466A19.8,-3.654023,4.5091853
RP11-663N22.1,-3.46685,4.9611793
CTD-2350C19.2,-0.8029655,4.578464
RP11-21J18.1,0.0145527115,5.3916354
RP11-822E23.7,-5.7393427,3.7948787
RP11-269G24.4,-3.1062195,4.1945033
RP11-192H23.6,1.2275139,3.0189524
AC104984.4,-5.1946435,3.723197
RP11-286N3.1,-2.2377045,2.7057855
CTD-2349P21.11,-0.4151204,2.8144283
RP11-466A19.5,-2.3864744,2.8680174
RP11-16C1.1,-1.1757705,3.0054314
RP11-55L4.2,-4.484004,4.311903
RP11-17M24.3,-3.5662699,2.7321138
RP5-1110E20.1,-4.8582416,4.0769143
RP11-123I22.1,-5.5166507,3.4249597
RP11-126K15.1,-5.0854373,3.8923266
CTD-2517M22.17,1.8750907,1.9789749
RP11-1148O4.2,-1.534336,2.7429821
RP13-270P17.2,2.6114974,2.0684335
RP11-471L13.2,-5.645197,3.5666735
RP11-138I1.4,5.460255,2.5462687
RP11-361L15.4,-4.4376264,4.418987
RP11-789C17.1,0.26453575,3.2888098
CTD-2510F5.4,-4.6297398,4.430722
RP11-128D14.1,-4.597242,4.3094077
CTD-2349P21.6,1.4729915,2.9786215
RP11-849N15.1,-2.7963278,4.628393
AC010761.9,1.5268142,2.2436614
RP11-720L2.2,-5.3124113,3.96352
CTD-2145A24.5,2.6420438,2.622316
RP11-47G4.2,-0.97745466,2.8611116
RP11-793A3.1,-5.017591,4.681604
RP11-806L2.6,-1.1247945,3.6119435
RP11-131K5.2,4.177825,3.3438895
ENSG00000265496,-0.105138294,3.259824
RP11-524F11.1,2.7096426,1.8522753
CTD-3157E16.1,0.5504437,3.5525253
RP11-60A24.3,-3.3586214,4.2460427
AA06,-3.4190235,2.7181952
RP11-293E1.2,-6.270048,4.57184
RP11-958F21.3,-5.82828,3.8755207
RP11-419J16.1,-4.621715,4.567643
RP11-713C5.1,-2.8293023,3.5774791
CTB-96E2.7,-0.13394524,5.3505163
RP11-68I3.11,0.96625096,1.9169667
RP11-465I4.2,0.41416138,4.11227
RP11-451L19.1,-5.3134303,3.1353252
RP11-13N13.6,-1.3236637,2.3303225
RP11-74H8.1,-5.1007147,4.587883
RP11-25I11.1,-5.8091354,3.5602663
RP11-672L10.3,-5.083507,3.607378
RP11-1376P16.2,3.0924203,1.9480666
RP11-118G23.1,-3.7272358,3.3507092
RP11-31I22.4,-3.5619097,2.814207
RP11-156L14.1,1.3042933,3.4423928
RP11-94B19.7,-3.5612144,5.049183
RP11-883A18.3,1.5603429,2.9593904
RP11-1157N2__B.2,-4.8236394,3.3103514
RP11-354P11.3,0.40334332,3.544242
RP11-849F2.5,2.946773,2.349577
RP11-799B12.4,0.370068,3.7518837
RP11-296E23.1,-3.369738,3.673912
CTC-304I17.3,-3.4921687,2.715619
RP11-384E22.1,-5.6043143,5.0112042
RP1-56K13.3,-0.18099794,5.357836
CTD-2349P21.10,0.16885328,3.1818726
RP11-227G15.3,-2.1830983,3.6261683
RP11-387H17.6,0.58620304,4.312289
RP11-649A18.5,0.7679378,2.8470788
RP11-720N19.2,-0.68389726,2.7877064
AC010761.10,-2.7265618,4.9430275
RP11-751H17.1,-1.5211914,2.635055
RP11-20B24.5,0.38949418,2.7804546
RP11-737O24.2,2.5486915,2.8823154
RP11-20B24.6,1.557446,3.5815787
RP11-583F2.2,0.78864306,4.3189664
CTD-2532D12.5,-5.4660935,3.9415064
RP11-277J6.3,-4.962419,4.3930554
RP11-739L10.1,-0.44265375,4.084997
RP11-296E23.2,0.15667555,4.11734
RP11-293E1.1,-6.425418,4.6178703
AC100830.4,-4.467552,5.0239697
RP11-269G24.6,-5.016263,4.2939634
CTB-41I6.2,-0.06250127,1.3897579
CTD-2515C13.2,-5.245078,3.7576463
RP11-16C1.3,-4.724657,3.92106
RP11-510D21.1,-5.767804,5.2327504
RP11-736G13.1,-5.8230057,4.5235496
RP11-567L7.5,-5.386173,4.623307
RP11-94B19.2,-3.6876798,5.0431724
RP11-703M24.5,1.3336186,3.6775265
CTD-2124B20.2,-6.0597067,3.0288832
RP5-1028K7.2,0.71798235,1.5667902
RP11-118E18.2,-1.8033868,2.547549
RP5-906A24.2,-4.6404433,4.4307303
RP11-243E13.2,-4.990434,4.4104013
RP11-647F2.2,-4.136591,2.3209476
RP11-296K13.4,-1.088712,2.6729884
RP11-963H4.5,-3.8803194,4.5257235
RP11-354P11.2,-4.833115,4.4560738
RP11-209D14.4,-0.52773803,2.731971
RP11-789C17.3,-4.1382394,3.6297288
RP11-190I17.2,-5.347784,4.2301126
RP11-769O8.1,2.3798819,3.1962128
RP11-675P14.1,-5.0877438,4.351247
RP11-100K18.1,-5.035085,3.9114368
RP11-433M22.1,-5.0537167,3.8303328
RP11-25D3.1,-1.435436,2.8470047
CTC-525D6.2,-3.3921773,3.4523973
RP11-640I15.1,-1.2817432,4.239001
RP11-172F10.1,0.3816085,4.6210814
RP11-715C4.1,-4.9373956,2.4569218
RP11-849F2.4,-4.956751,2.6169176
RP11-627G18.1,-2.7258573,4.7578993
AC007952.4,-3.900628,2.0530474
RP11-173M1.4,1.32582,2.9267364
RP11-25O3.1,-2.98568,3.9849162
RP11-848P1.4,6.1772804,3.1139605
RP5-890E16.4,-5.562788,4.418526
RP11-1096G20.5,-0.22010523,5.3806252
RP11-344E13.4,-4.1672525,4.979357
RP11-142O6.1,2.1397486,3.4613338
RP11-214O1.3,2.315559,3.682889
RP11-227G15.8,0.6611333,3.311739
RP11-737O24.1,-1.7628464,2.3892026
RP11-874J12.4,-1.8497702,6.2947435
RP11-149I2.4,-1.8386714,4.864057
CTD-2015H3.2,-5.12026,5.078816
RP11-806L2.2,3.5102053,2.9931548
RP11-173L6.1,-5.5036836,5.19595
RP11-822E23.2,-4.559446,3.360452
CTB-131K11.1,2.8227503,1.9757937
RP11-178F10.3,-5.9940615,5.7557063
CTD-2349P21.9,3.6483676,1.9406711
RP11-17J14.2,-1.529683,4.9193997
RP11-45M22.5,-1.1856768,2.85523
RP11-629E24.2,-0.48512664,3.6637444
RP11-874J12.3,-3.3014777,3.1798356
RP11-650P15.1,-4.9552617,4.537451
RP11-138P22.1,-1.1848195,3.1308517
RP11-40A13.1,-5.1050053,3.4267187
RP11-385D13.3,1.2399083,3.841562
RP11-881L2.1,1.280958,3.6149054
MAGEA10-MAGEA5,-3.2892225,4.947276
RP11-449D8.5,-2.527856,3.7933345
RP11-838N2.5,-4.3199377,3.500564
RP1-71H19.2,-1.9749426,2.9693344
CTD-2382H12.2,-4.2928996,4.3029785
RP1-56K13.5,-5.503926,4.1953735
RP11-583F2.5,-0.91857797,2.5060604
RP11-466A19.3,-4.564082,4.2298794
RP11-6N17.3,1.1219392,2.2967598
RP11-476K15.1,2.8333826,3.758241
RP11-94B19.4,-5.521238,4.305532
RP11-20B24.4,4.1267505,1.7906135
RP11-927P21.2,0.5944305,3.1182618
RP11-138I1.3,1.6317327,2.7947624
RP11-1376P16.1,-1.3514596,2.7785559
RP11-160E2.21,-2.010716,1.8273187
RP11-849N15.4,-5.6073713,4.515584
RP11-258F1.1,2.3441195,4.011375
RP5-1148A21.3,3.3373795,1.6705103
RP11-30L3.2,-2.0805185,2.567586
RP11-661O13.1,0.57458943,2.5557327
RP11-214O1.2,3.4927843,2.023821
RP11-398J5.1,-4.75842,4.281762
RP11-855A2.3,0.23233569,3.0144882
RP11-466A19.1,3.8863857,3.5709891
RP11-94B19.6,-3.4654367,5.0760884
RP11-131K5.1,-4.5537496,4.1151567
CTD-2582D11.1,-4.5799603,4.2806935
RP11-678G15.2,-2.6891327,2.7646027
RP11-321M21.1,-5.856529,3.9033952
RP11-218M11.6,-4.1195755,2.2060971
RP11-715F3.2,1.7533872,2.5671978
RP11-521L9.2,0.11151201,2.7139258
RP1-77H15.1,-4.7323256,3.8095615
RP11-61L19.1,1.3161868,3.475567
RP11-6N17.2,3.5012403,3.729701
RP11-599B13.7,-3.1011777,4.416184
CTD-2008P7.8,-5.676435,4.575454
RP11-121A13.3,-4.8710947,5.0881186
RP11-543H23.2,-5.7897935,5.3878503
RP11-862L9.3,-2.8558173,3.2248442
RP11-793A3.2,-2.3545983,3.9825191
RP11-370A5.1,-0.57671785,3.426624
RP6-114E22.1,-2.6048272,4.923235
RP11-19P22.8,1.1676513,2.4518418
RP1-41C23.1,-5.294225,3.6728551
AC005616.1,-4.6693125,5.6014132
RP1-266L20.9,2.85336,3.775886
AC005546.2,-1.2262995,3.5536816
RP11-173A16.2,-0.50219554,2.4683032
RP11-567M16.5,-1.8723025,2.4831333
RP11-1058N17.1,-2.4905872,4.477618
RP5-1022P6.7,-5.4842315,2.5917559
HSA-MIR-423,-5.235785,4.6071444
CTC-499B15.6,-2.2549927,2.9162042
RP11-693J15.4,-0.49588275,1.5192044
RP11-154H12.2,-5.3308444,4.6368923
RP11-434D2.7,-5.947443,3.9500186
CTB-70G10.1,-4.692171,4.6913977
RP11-400F19.8,-1.4318944,4.7889934
RP11-332H18.3,-0.49927095,3.7262988
CTC-215O4.4,-0.167835,3.3012612
AC104532.3,-3.2787466,2.080122
RP11-799D4.4,3.6368802,1.9768115
CTD-2623N2.5,-3.9550078,4.5714545
AD000091.2,-4.4345345,2.7994578
RP11-701H16.4,-4.1918087,3.138285
RP11-820I16.3,1.2347478,3.404893
RP11-49K24.4,-2.6681585,3.866852
RP11-973H7.5,-2.47208,3.775325
AC005625.1,-2.3673635,4.087694
RP11-712P20.2,-0.46524426,2.4147046
RP11-116O18.1,-4.441576,4.0795393
CTD-3162L10.3,-3.4505813,5.6387973
AC079466.1,3.609656,2.4462392
CTC-459F4.5,-3.3899324,3.132536
CTD-2369P2.5,-2.0661368,3.04703
RP11-552F3.4,0.52238077,2.5133324
RP11-799D4.2,-3.794455,4.141118
CTD-2329C7.2,-0.48188,2.8664305
RP11-354P11.8,-2.0311701,2.717031
RP11-749H17.1,-5.8248587,4.930976
LLNLR-284B4.2,0.94705003,4.382596
RP4-657D16.3,3.679273,2.1881578
RP11-127I20.7,-4.5270844,2.8430512
RP11-936I5.1,0.6151576,2.3405902
RP11-27G24.3,-3.2236269,4.2400346
RP11-242D8.1,6.3077765,2.984548
CTD-2659N19.4,-5.1123953,4.5032663
CTC-448F2.4,-0.35041153,2.5981188
CTB-31O20.3,1.3596076,2.1808786
RP11-120M18.2,2.6682458,1.9525923
CTB-50L17.16,-0.26620173,4.049186
RP11-800A18.4,-3.796412,4.843909
RP11-75C10.9,-0.21918873,2.9342
CTD-2588C8.8,-1.345937,5.1996894
RP11-92C4.3,-2.1158056,3.7241511
AC011524.2,-5.2294507,4.3177295
CTB-50L17.7,-4.6586547,4.4343104
CTD-2562J15.4,0.5762256,3.0202723
RP11-1094M14.10,-1.7898804,1.8700876
RP11-1096D5.2,-5.081306,4.4248214
RP11-58G13.1,-2.5008779,2.7845526
CTD-3193K9.4,-3.5117366,1.9814171
AC005757.6,-1.8329531,2.9240751
RP11-589P10.7,-3.3540769,1.614058
RP11-566K11.7,3.0630944,1.7376425
AC002398.13,-1.7703052,4.313319
RP11-128P17.2,-5.474496,3.8924077
CTB-30L5.1,-2.823995,5.053341
CTD-3162L10.1,3.2096782,2.887304
CTD-2540B15.10,-4.931902,3.5548627
RP11-486P11.1,-4.6627016,5.8663034
RP11-15A1.3,3.492849,1.8443353
RP11-760L24.1,-5.157841,4.3460717
CTD-2659N19.10,2.528754,1.4485066
AC006130.3,-4.866774,3.1131263
RP11-64C12.8,-2.7957814,4.944328
RP11-10K17.6,-6.031936,5.691673
RP11-165E7.1,-3.630235,4.076426
AC005256.1,-3.0340483,5.275674
RP11-1094M14.5,-0.045587663,1.4086355
RP11-434D2.3,3.8216708,1.8955623
RP11-127I20.5,-2.088338,4.6243997
RP11-666A8.9,0.32131246,2.2130616
RP11-820I16.1,-3.4749963,4.3040085
CTC-400I9.2,-4.7873826,3.4714377
CTC-510F12.2,2.094464,2.1080022
CTC-499B15.8,-4.355158,3.3158643
AC005789.9,-3.9403203,2.279339
CTB-25B13.9,-1.2901368,4.346006
CTD-2319I12.5,-4.29124,4.4622536
CTD-2537I9.13,1.6486387,2.464404
RP11-325K19.1,1.1247933,4.08073
RP11-846C15.2,-5.3339157,2.7595944
CTD-2369P2.4,-1.7603905,4.7727275
RP11-861E21.1,-1.7624605,4.460472
CTD-2378E21.1,-5.8443584,5.2928114
RP11-839G9.1,-5.0295672,3.4987268
CTB-129P6.11,0.097887285,3.4427245
CTD-3064H18.2,-3.5866394,4.7344055
AC010525.4,2.5711904,4.7205825
AC004490.1,0.3982729,2.917302
CTD-3113P16.5,-5.071045,4.3435783
CTB-31O20.6,3.3787663,1.7342137
CTD-2540B15.9,0.25502166,3.2540772
RP11-332H18.5,-3.6498559,4.9551563
AC011518.2,-4.867257,2.8336341
RP11-53B2.3,3.2321491,3.0933166
RP11-15K2.2,-4.782052,4.677483
AC005954.3,-2.5029638,3.3441665
AC005262.3,-3.9226155,4.724354
CTB-31O20.8,1.3970366,2.1960387
RP11-677O4.6,-3.567648,1.8476121
RP11-383D22.1,-1.8651521,2.4594684
CTC-550B14.6,0.5719492,2.5416229
RP11-411B10.2,-0.5425351,3.9063578
CTD-2528L19.6,1.7704867,2.3722134
AC005391.2,-1.3022493,3.6660187
RP11-1072C15.4,2.278345,2.3001933
RP11-397A16.3,-5.7874727,3.2946482
CTC-510F12.4,-0.57311964,1.2148322
RP11-879F14.1,-1.8805562,6.275009
RP11-756J15.3,-5.165944,3.2716773
CTC-512J12.4,-5.12305,4.245252
AC006116.12,-0.28208643,3.5380857
RP11-116O18.4,-5.8703322,5.601098
RP11-813F20.4,-3.308334,3.7722323
CTC-429L19.3,-0.96057045,3.7620234
RP11-798G7.6,2.530903,2.6570952
RP11-861E21.2,5.245395,2.7853055
RP11-797E24.3,-3.592438,3.0227706
AC005954.4,0.71635497,4.614995
RP11-264B14.1,-5.487898,4.3078675
RP5-1067M6.3,-4.757566,4.2193117
CTD-2659N19.9,-1.1233022,2.2725565
CTC-265F19.3,-1.783293,1.5886656
RP11-685A21.1,-5.623533,3.4428005
ZNF8-ERVK3-1,4.37019,1.8285892
AC010504.2,-0.26877317,3.5714707
RP11-194N12.2,0.50193906,4.5030766
AC005597.1,-4.769588,3.5947032
AC005498.4,-4.1616445,4.1133275
AC005786.5,-4.2187214,4.3263464
CTB-31O20.9,-4.1244273,4.723906
CTB-184G21.3,-0.6483426,2.5944104
AC093074.1,-4.8815904,3.722469
RP11-794M8.1,2.8676322,3.5422974
AC011524.3,-4.705631,3.0182161
AC005307.4,-2.4227297,6.1500964
CTB-31O20.4,4.3142376,1.795996
RP11-798G7.7,-3.2954762,1.5372318
RP11-64C12.6,-3.2618437,3.9004698
CTD-2319I12.4,4.489401,2.1713755
RP11-973H7.3,3.6102204,2.587647
RP11-118B18.2,-0.85520166,3.6427042
AC139100.3,0.53505725,3.5033095
CTB-50L17.5,-1.1637741,3.451973
RP11-1151B14.4,0.8234508,2.7965834
CTD-2162K18.4,3.2461238,1.9416994
CTC-232P5.3,-1.5380036,2.2124884
RP11-75C10.7,-1.1784062,3.1759624
RP11-2N1.1,0.21660092,3.6589305
CTC-543D15.3,-4.635628,4.558274
CTD-2006C1.12,1.856601,2.7368264
CTD-2342J14.6,2.6797683,2.0904589
RP11-879F14.2,-1.9117683,6.2672415
CTB-129P6.4,-1.6381556,4.1293783
AC005306.3,1.8961575,1.7978579
RP11-397A16.1,-2.0116007,4.774314
RP5-951N9.2,-2.891614,2.9193444
RP11-794M8.2,-3.9012146,5.753581
RP11-567M16.1,-0.6540364,3.6405654
RP13-890H12.2,3.0089433,1.8208758
AC006116.19,-0.81673765,2.901488
CTB-66B24.1,-4.8054123,4.054675
AC004637.1,-1.6037838,3.4205146
RP11-99A1.2,-3.8140473,3.7061784
KC6,-1.9692374,4.213701
RP11-879F14.3,-2.0231175,6.3466825
CTB-25B13.12,4.7383947,1.8082507
AC005780.1,-5.497851,3.5369818
CTD-2008L17.1,3.7169006,2.6323106
AC002398.12,-3.1339676,4.608789
KB-7G2.9,-1.5964831,2.6215484
RP11-640A1.3,-4.768908,3.7772954
RP11-552F3.10,2.9548082,1.8920982
CTB-39G8.3,1.040443,1.6289474
CTD-2293H3.2,-1.1819719,3.9674242
RP11-686D22.9,-3.2384195,1.79846
CTD-2162K18.3,0.24358103,4.0386524
RP11-749H17.2,-5.038195,2.5628471
RP11-411B10.3,-5.4307,4.4710736
RP11-1094M14.12,-1.1163822,1.5822511
CTD-3162L10.4,-5.2922964,4.5897155
RP11-47L3.1,0.71831703,1.6214982
RP11-53B2.5,-0.83144325,2.069563
AC005330.2,-0.84373283,4.0403285
CTD-2231E14.5,-2.0410922,2.867914
CTB-186G2.4,-4.577628,4.0669007
CTC-400I9.3,-5.045466,3.7311459
CTC-548K16.5,-5.2114115,4.124311
CTC-260E6.6,5.629381,3.2066655
CTD-2240E14.4,1.3402936,1.7563826
AF038458.5,-3.2361703,3.8354287
RP11-691H4.3,-3.557982,3.0587287
RP11-845C23.3,-3.953933,5.698394
RP11-873E20.1,1.2693084,2.5566962
RP11-456O19.5,-5.0459347,2.9148042
RP11-396N11.1,0.98716027,4.245453
CTC-296K1.4,-1.9931699,4.463994
CTD-2189E23.2,-5.2204647,4.3261266
RP11-567M16.2,-5.3257723,4.6316757
CTC-265F19.2,2.4846966,3.9300528
CTC-239J10.1,-3.921884,4.2121468
RP11-527L4.6,-4.786021,2.7044141
AC005616.2,0.8011366,4.5220823
CTD-2265O21.3,-4.559877,6.346358
AC006116.15,-0.254459,3.8179939
AC005786.7,2.8575325,1.8861574
CTC-454I21.4,-5.8807616,4.163809
AC002398.11,1.7572808,2.1944823
AC010641.1,-2.6137316,4.1192546
CTB-39G8.2,-5.1972294,4.4517555
AC010649.1,-3.474111,3.166011
RP11-264B14.2,0.579675,4.854862
RP11-78A19.2,-4.2624893,3.8260715
RP5-837J1.4,-1.6731052,2.464314
CTC-425F1.4,0.39495617,4.894038
RP11-120M18.5,-4.2227206,5.252351
RP11-866E20.3,2.9547753,4.3150115
AC011525.4,-4.868699,3.1140456
RP11-13K12.5,-2.0738802,3.8136418
AC005944.2,0.01943444,5.338727
CTC-548K16.6,1.5657458,3.12269
RP11-126O1.4,-1.2871441,2.4904423
CTC-559E9.5,3.7576869,2.346305
CTC-518P12.6,-0.032210846,5.406951
CTD-2373H9.5,-1.1525929,2.4732568
RP11-108P20.2,-1.0586603,2.1787167
RP11-53B2.4,-1.6352999,2.3047874
RP11-845C23.2,1.7775038,3.6870546
CTC-296K1.3,-1.6072044,4.521782
RP11-13K12.1,-2.0178208,3.8551357
CTD-2043I16.1,-5.530054,3.9037492
CTC-325H20.4,0.66787094,4.2491508
CTC-250I14.3,2.4235327,1.84965
RP11-373L24.1,5.9261894,2.8742998
RP11-87G24.6,-4.71143,4.112932
CTD-2537I9.12,4.106975,1.8115109
RP11-53B2.1,-0.7785366,2.161747
AC005394.1,-4.9958577,4.2716537
RP11-666A8.7,1.1192813,4.2763
RP11-666A8.8,2.2523735,2.4338913
RP11-686D22.4,2.207492,2.18975
CTC-482H14.5,-5.2865944,4.3496933
CTD-2085J24.3,0.55592567,3.9384203
CTC-379B2.4,-2.7668607,3.132347
RP11-383M4.6,2.897982,3.435128
RP11-173A16.1,1.253065,2.9166555
CTC-503J8.4,-4.991788,3.9508812
RP11-128P17.3,-5.4613953,4.957916
CTC-559E9.8,1.7271827,2.6769297
CTD-2538C1.3,-0.73229873,3.5580068
RP11-87G24.3,-1.7916429,3.972798
AC104532.4,2.1610801,2.277837
CTC-525D6.5,-4.697287,2.6688912
CTC-510F12.6,3.682495,2.0003877
RP11-126O1.2,-5.0256443,4.446262
CTD-2540B15.11,2.9074125,1.7932262
CTC-559E9.4,-1.1000215,4.000336
CTD-3252C9.2,-4.278355,4.616802
CTC-250I14.6,-3.7395957,2.063108
RP11-323N12.5,3.5182421,1.7359
RP5-905N1.2,-4.108327,3.747277
CTD-3220F14.1,2.2794745,2.8160126
AC006116.21,-1.5454264,4.8663845
AC007787.2,-2.6813195,2.7755568
CTD-3116E22.7,-0.9161692,4.045187
AC138472.6,-4.6000667,4.5480595
RP11-552F3.13,-4.99708,4.427385
AC007795.1,-5.47298,3.1043549
RP11-1094M14.14,-1.5474969,2.7831042
RP11-905K4.1,-5.063293,3.0241404
RP11-1136J12.1,-5.065951,4.223109
AC138430.4,-3.3201375,5.4294434
RP11-400F19.18,3.129954,2.3924463
CTB-5E10.3,1.4665866,3.5623143
AC008992.1,-2.906115,4.1864085
RP11-619I22.1,-4.6160865,3.8041286
RP11-546M21.6,-1.7434222,2.4869173
RP11-64C12.4,-5.556304,4.065231
CTD-2008P7.10,-4.7136455,5.0790143
CTC-499B15.7,-1.9589847,2.7161708
CTD-2587H24.10,0.68724716,3.2249596
CTD-2553C6.1,-4.8913627,2.3711047
RP11-95O2.1,-1.3109894,3.6491492
RP1-193H18.3,-3.876937,4.3895864
CTD-2286N8.2,2.3488135,2.147365
RP11-13K12.2,2.4175231,3.9800353
AC004156.3,3.1976893,4.254554
CTB-55O6.4,-5.3471246,4.112801
CTD-2293H3.1,0.45532057,4.318457
RP11-813F20.2,-5.3515534,4.078901
RP11-1151B14.2,-3.6102107,5.9865203
RP11-27G24.1,-1.9787025,4.610014
CTD-3220F14.2,0.17755759,3.1855745
AC008991.1,-4.7222295,5.006466
RP11-795H16.3,-1.4464759,2.4122941
AC005262.2,-4.610195,4.4860992
RP11-691H4.4,-2.2707162,2.714961
RP11-1030E3.1,-5.087215,4.461179
AC002116.7,2.1990917,1.8351066
CTD-2013N17.4,-5.060431,4.2618427
RP11-108P20.3,-5.0507812,4.466745
RP11-95O2.5,-1.6939441,3.9725418
AC024592.9,-1.7132608,3.9942265
RP11-686D22.5,-1.6319405,2.91458
CTD-2540B15.6,-0.5284439,3.17385
RP11-815J4.1,-4.2038994,2.4363317
CTD-2189E23.1,-4.164068,4.7253046
RP11-49K24.8,2.950438,2.567339
CTD-2540B15.7,-3.3310797,1.6112325
AC010761.14,-4.4923806,3.018393
RP11-147L13.8,2.1360528,2.610608
RP11-456O19.3,-6.079794,4.394776
RP4-604K5.3,0.9830938,4.2042975
CTD-2265O21.7,-4.568074,4.387191
AC061992.2,-1.1868627,3.910002
RP11-718I15.1,-3.9431674,3.3881383
RP11-686D22.8,2.610252,2.1981094
RP11-379L18.1,-4.8387413,3.1925406
CTC-265F19.1,1.0329312,2.69377
AC004623.2,-0.39590603,5.5124
RP11-358B23.5,-0.7669671,2.423453
CTC-565M22.1,-4.91745,3.7085826
RP11-426J5.2,-2.6544502,2.8196218
RP11-484L8.1,-2.4909985,2.8204398
CTD-3193K9.3,-0.21861905,3.7733262
RP11-299P2.1,-4.9306126,4.136949
CTB-50L17.9,1.6215601,2.2660408
RP11-2N1.2,-2.9412248,4.8775434
RP11-154H12.3,-5.3199463,4.534073
RP11-799D4.3,-4.155249,3.8068848
CTB-55O6.10,-0.40223265,5.398144
RP11-171I2.1,-3.3843832,3.3031456
AF038458.3,-2.859847,3.8930547
RP11-35G9.5,5.285581,2.9761055
CTD-2534I21.9,-5.120267,4.3371677
CTD-2526M8.3,-5.838733,5.342646
CTD-2659N19.2,-2.4068403,4.937016
RP11-552F3.9,3.0969937,1.8537756
AC018755.17,-1.4999754,4.368283
RP11-727F15.11,-0.013714375,4.033493
CTB-191K22.5,-2.8207908,5.307304
CTC-471J1.8,-0.999479,4.011955
RP11-167N5.5,0.6970292,4.484496
AC008746.12,1.1672703,2.411499
RP5-1023B21.1,-1.2722971,2.9844782
RP11-120K24.3,0.077257216,3.5958154
RP11-157B13.7,1.08722,4.5719423
CTB-147C22.9,2.2265294,3.31541
RP4-569M23.5,1.2806841,2.656051
CTD-2291D10.4,1.7593862,2.5231042
CTD-2126E3.4,-2.7698307,3.8087194
CTD-2540F13.2,1.4077672,4.207526
CTD-2639E6.9,1.9588562,2.03423
CTC-429P9.5,3.1063209,2.2831666
RP11-256I23.3,-3.0176983,4.302117
AC007193.6,-1.6217266,4.924656
RP11-255H23.4,-1.1524842,2.8653781
CTD-2525I3.2,-1.2066545,3.8491228
CTB-176F20.3,2.7900105,2.9127188
CTD-2325M2.1,2.0076563,3.958148
RP11-290F24.6,2.5613654,2.5061226
CTD-2620I22.3,0.8194263,4.361844
AC011523.2,-3.6998594,5.135218
AC007292.6,3.4241333,2.6189587
CTD-2616J11.9,-4.8053613,3.605291
AC130469.2,-4.08715,3.6687787
CTB-189B5.3,-4.471708,3.6713912
CTD-2525I3.3,-0.8906436,2.5482433
AC006129.2,0.29682893,1.4389089
AC005253.2,4.870131,2.0218894
AC018766.6,0.34427032,3.101582
CTD-2619J13.9,3.2181535,1.7199558
CTC-244M17.1,-1.538607,2.7635891
AC067969.2,-3.5250893,3.6954746
CTD-3032J10.2,-2.8735576,2.5589302
RP5-1057I20.4,3.5694952,1.7990534
RP11-805I24.4,-4.197457,4.854661
RP11-678G14.2,1.0479459,2.675581
CTC-429P9.2,3.4124455,2.2977777
AC022154.7,3.1834033,2.3455026
CTB-60B18.12,-2.4100075,4.8209968
CTD-3149D2.4,-4.9454165,3.3565526
CTD-2561J22.5,4.9432364,3.0134897
CTD-3193O13.11,-1.6974196,4.1469936
RP11-91G21.1,2.7634892,1.6785227
CTD-3193O13.13,-2.349934,4.1132827
AC010524.4,-1.8827472,4.5477376
RP11-556I13.2,-0.95960736,1.3871872
RP11-73B2.7,-4.854541,3.786926
RP11-420K14.8,-5.0917444,3.8237453
AC005785.2,3.0096936,1.9286287
CTD-2396E7.10,-3.1542864,3.6876416
CTD-3137H5.1,-1.1561004,3.8125834
CTD-3138B18.6,1.6644031,2.869277
CTD-2396E7.9,-4.3660364,4.125219
CTD-3214H19.6,-1.643452,6.130549
CTC-444N24.11,6.0516844,2.6417575
AC137932.4,4.9714236,2.5748303
CTD-2619J13.8,3.7924583,1.877341
CTD-2560K21.6,-2.497029,3.9368753
RP11-678G14.4,0.52523667,3.1256886
AC003005.2,-2.0089421,3.3084931
CTB-60B18.18,-2.742648,4.8301616
RP11-98D18.16,-2.3429787,4.2074084
CTD-2528A14.3,-5.5788136,4.1544757
AC006547.15,-4.962612,4.0892825
CTD-2579N5.3,-5.8922515,5.048098
CTD-3222D19.11,-3.981646,3.8418536
AC006272.2,-4.9812655,4.153041
CTD-2542C24.8,-5.0837994,3.02343
RP4-806M20.3,-1.5043596,4.4328766
AC006129.1,-3.312081,3.4206624
CTD-2017D11.1,6.027924,2.8333027
CTD-2568A17.8,-4.6610284,3.7262297
CTC-518B2.10,-1.3744197,2.795504
AC003682.16,-1.8053377,3.6427023
CTC-344H19.4,3.531,3.4377246
CTD-2371O3.3,4.1053343,1.693126
CTD-2626G11.2,3.9383585,2.7728493
CTC-471J1.9,-4.7000394,4.305987
AC006262.6,2.8733783,3.0887868
RP11-356J5.13,-1.9820492,2.6723244
CTC-435M10.6,-5.124549,4.4626374
CTD-2587H19.2,-2.3281176,3.8063428
CTB-102L5.8,0.33051342,4.3617167
RP11-805I24.3,-3.6816216,5.149627
RP11-572B2.1,2.0890312,1.6530427
CTD-2545M3.8,-3.5295155,3.6018968
CTD-2616J11.10,0.13268907,3.076836
CTC-273B12.5,-0.47738412,4.3260884
RP11-32B5.8,-3.090036,5.027011
AC005523.3,-1.2068542,4.7580686
RP11-678G14.3,-1.7768708,6.3395014
CTD-2332E11.2,-0.22818248,3.3606002
AC005339.2,1.3208343,2.3235111
RP11-687D19.1,-3.9118505,5.2893896
RP11-158H5.7,4.7538486,2.0498362
RP1-283E3.8,5.5807133,2.3914022
CTC-453G23.8,3.5398977,2.713992
RP11-464F9.20,2.3385704,1.8778498
ENSG00000268592,-0.71608573,4.5854273
CTD-3187F8.2,-5.48,4.7017226
RP11-157B13.8,-5.7593837,5.016879
AC115522.3,-3.6046038,4.5029864
RP11-316O14.1,-0.1077099,3.9551556
CTB-50E14.4,-5.2209845,4.615656
RP11-65J3.15,-3.345122,4.8035226
AC092316.1,-0.450385,3.0987484
RP1-122P22.4,-0.29762653,4.2122593
RP11-739B23.1,1.882988,3.4487543
CTB-33G10.11,-5.1967497,4.3775196
RP4-806M20.4,-1.4664153,4.4646993
AC068499.10,-0.6949864,4.6124887
RP11-310J24.3,-2.1395671,2.445534
CTD-2622I13.3,2.7083654,2.2392478
LLNLR-249E10.1,-4.835402,4.327017
CTB-33G10.6,-4.737909,4.429207
CTC-444N24.13,-0.11229186,3.5473363
CTD-2553L13.4,-1.782213,2.9976053
AC010524.2,2.664618,3.695523
RP11-247A12.7,-2.2873874,4.484543
CTC-444N24.8,2.18588,2.1698139
CTD-2105E13.14,-5.10488,4.435866
CTB-61M7.2,-0.89174676,1.3862761
CTC-518B2.12,-3.4514143,4.7580194
CTD-2538G9.5,-0.2483372,3.473359
CTD-3105H18.14,1.6153824,3.0101242
RP11-298J23.9,-5.3819966,4.4344654
CTD-2571L23.8,-1.9277995,2.7326283
AC104534.2,-0.37876537,3.9773219
CTC-450M9.1,-0.8406421,3.3027694
CTD-3073N11.9,-4.465359,3.6357307
CTB-25B13.5,2.475917,1.8789804
AC007193.9,-3.4866803,4.913
CITF22-62D4.1,-5.2486506,4.438316
CTC-457E21.6,-4.9293194,3.54275
AC011513.4,-1.7105851,1.6154509
LA16C-OS12.2,2.1197004,1.9858657
CTD-2245F17.2,-5.141438,4.4017577
RP11-1137G4.3,-5.288376,4.5339117
CTD-2545M3.2,2.8744354,2.2342384
RP4-591C20.9,5.5353694,2.0236828
RP11-138H11.1,-4.009819,3.2005465
CTD-3099C6.7,-3.8468952,2.2493403
RP11-256I23.1,-2.1062632,4.359071
CTC-518B2.9,-3.7859137,2.0955753
CTD-2619J13.17,4.208924,1.9910917
RP11-180I4.4,-3.448895,5.254549
RP11-886P16.6,-5.3217926,3.8843374
AC005387.3,0.5043912,2.509607
CTD-2192J16.26,1.1766512,4.3861365
AD000684.2,2.7388432,2.538647
RP11-556O5.6,-5.557695,4.112507
CTD-3099C6.11,2.593665,2.3206043
CTC-457E21.9,-5.4246874,3.9669173
AC005253.4,-4.7711434,4.4596553
CTD-2528A14.1,-5.957858,3.889702
CTC-435M10.10,-1.4986993,3.150296
CTC-513N18.6,0.2377436,3.354384
CTC-429P9.3,5.1987624,2.3618689
CTC-360G5.6,-1.7818053,1.7201624
CTD-2521M24.8,0.3449434,2.627594
CTD-2528A14.5,0.47875515,4.172787
RP11-256I23.2,-1.5317291,4.049626
CTD-3187F8.14,-0.9001735,1.4176583
CTD-2620I22.1,-0.73261255,3.3405702
CTD-3222D19.10,-5.1846414,4.3163366
CTD-2126E3.3,1.86262,2.525989
CTD-2525I3.5,0.39962432,3.0265467
CTD-2619J13.23,-0.91669345,3.815718
RP11-15H20.7,-5.417704,3.2804568
CTC-513N18.7,-3.163267,1.5847801
AC007193.10,-4.0410132,3.6016831
RP11-98F14.11,-3.6031077,1.9452798
CTD-3193O13.8,-0.2222776,5.3723154
AC092301.3,1.7722784,2.8489923
AC007193.8,-0.8622029,4.4859443
RP3-431P23.5,-2.3440099,5.090442
CTD-3131K8.3,-1.6080017,3.8528085
CTC-218B8.3,-1.7259239,3.225722
RP11-727F15.12,4.0076838,1.6759697
L34079.3,-1.3097613,3.677838
RP11-573N10.1,-2.5518928,2.7374723
AC005387.2,0.8526522,2.2674453
AC006942.4,0.85928065,2.395678
RP11-173C1.1,-2.0187953,4.483154
CTD-2231E14.8,5.6133485,2.1446922
CTC-246B18.10,-0.1405703,3.761703
RP11-325D15.2,-2.8205864,2.9062314
CTB-83J4.2,-1.1240333,1.3585747
CTD-2105E13.15,-2.102095,4.764992
CTD-2245F17.6,-4.350559,4.8816404
CTB-92J24.3,-3.006982,1.7424349
CTB-12A17.3,-2.682116,5.055977
AC005614.3,2.014376,3.8400483
CTD-2529P6.3,-0.7327175,3.8676867
AC007292.3,3.3734999,2.6369314
CTC-453G23.4,-5.0777135,2.699182
CTD-3099C6.5,-4.036686,2.180515
CTD-2278I10.1,-4.662067,3.4324722
AC092071.1,-3.8547752,5.8626213
RP11-120K24.4,-2.3769777,4.743821
RP11-380M21.4,-1.6419104,2.48706
CTD-2207O23.11,-4.6524367,3.5745206
RP11-120K24.5,-2.4838116,4.8990717
RP11-298J23.8,-4.6769605,4.525502
RP11-194G10.3,-5.0806546,3.3921025
CTB-191K22.6,-1.1468122,4.566459
CTB-92J24.2,2.6588535,2.4127276
CTD-3222D19.12,4.603025,2.7269366
CTD-2529P6.4,-4.0073686,3.7353957
AC007292.7,-0.544432,4.2376356
CTC-429P9.1,3.9903605,1.9579625
CTB-180A7.6,-1.7108039,3.4756541
AC067969.1,-4.171874,2.3680174
RP4-639J15.3,0.7428315,4.361304
AC093063.3,-5.079845,4.5994363
RP11-727F15.13,-1.3008746,4.0575147
CTD-3032J10.3,1.7299036,4.083254
CTD-2521M24.6,2.522936,2.162326
Z69720.2,-5.663907,3.8554296
CTB-174O21.2,0.04487781,2.682154
RP11-98D18.17,-1.5064781,3.880681
CTB-147C22.8,-3.9566329,4.6051674
AC003973.4,-4.5559325,2.4724655
RP11-571I18.5,-0.6464904,2.4790606
RP11-370I10.12,5.7619896,3.2237995
CTB-83J4.1,-5.012538,4.3492556
CTC-453G23.5,-1.5240371,3.4944048
CTD-2525I3.6,1.5649725,3.1401346
CTD-2291D10.3,-4.920602,3.0310974
U62631.5,-0.8572691,1.8261749
RP11-629B11.5,1.9878633,1.968923
CTD-2192J16.21,0.5491297,4.1445994
AC008753.4,-1.7772416,1.6253141
CMB9-55A18.1,2.220682,2.8916564
CTD-3222D19.5,0.62865615,3.3927069
L34079.4,-0.93539053,4.599745
RP11-261P24.2,-5.023723,4.5605965
AC016629.3,3.3732598,2.4644346
AC005523.2,5.8818445,2.3004932
RP11-98D18.15,-0.05175689,5.387683
AC004257.1,-4.6588125,3.5508487
CTD-2195B23.3,-2.5538075,4.7924385
CTB-102L5.7,0.3096756,3.0532844
RP11-542M13.2,-0.6777354,2.6276739
CTD-3128G10.6,2.6121652,2.5140562
AC008982.2,2.2254915,2.9515295
AC005197.2,-1.0267382,3.8023064
RP11-13J10.1,4.1691117,3.71397
AC006262.4,-3.5982156,4.4698
CTD-2521M24.11,-4.793124,5.697208
AC006262.10,-4.085949,4.687302
AC005614.5,-3.3921072,1.6318645
CTD-3149D2.3,0.7574339,4.4659166
CTD-2245F17.9,-0.48282036,4.2343364
CTB-60E11.9,-0.78158206,4.6025743
AC011516.1,-4.153552,3.4239602
CTD-2538G9.6,-2.0174456,2.816866
CTB-180A7.3,-4.8645625,4.445004
AC007292.4,-2.530465,3.174771
CTD-3193O13.14,-4.791157,3.99143
CTD-2278I10.4,1.1083555,2.6364384
RP11-158I3.3,-5.567217,4.53632
CTD-3032J10.4,-3.4297326,3.2656927
CTC-339O9.1,2.7763019,4.4267635
CTC-490E21.10,1.4863635,2.8075716
RP4-621N11.2,-0.38341355,4.1680226
CTD-2583A14.8,3.9911118,1.7201662
CTD-2587H19.3,-1.9339273,3.3152199
CTD-3022G6.1,-5.2623296,5.0011244
RP11-463C8.7,-2.5296795,3.8117208
RP11-266J6.2,-1.6581022,4.140528
RP11-477H21.2,0.10923254,3.6666372
RP11-3P17.5,2.3695624,2.0439494
RP11-816J6.3,-0.18428017,4.007135
RP4-761J14.10,1.8564711,2.6132889
AP000654.4,3.1019335,2.5796466
RP11-568J23.4,-2.6612988,2.993049
RP11-178L8.9,0.08933398,2.9795191
RP6-99M1.3,-0.9262166,2.4590905
RP11-571M6.18,0.0823072,3.1162279
RP11-248J18.2,3.2076774,2.0140638
RP11-73M18.10,4.32917,1.7908723
AP006621.9,-2.362971,5.1938286
AF131215.9,2.952535,2.2904036
RP1-134E15.3,-1.8364885,1.9734713
RP11-646I6.5,1.639241,2.5539324
RP11-697N18.4,-0.7913481,2.5652585
RP3-467L1.6,2.5119514,2.3608024
RP6-91H8.3,1.9613317,3.7045016
RP11-932O9.9,-2.0963778,4.199825
RP5-1069C8.3,-4.9443717,2.273302
RP3-333A15.2,-0.78401846,2.8101149
RP5-1139B12.2,4.1567335,2.2811441
RP11-482M8.3,-2.569762,3.733899
RP11-20I23.8,5.34856,2.0465665
RP11-214K3.20,1.3163664,2.9736035
RP11-73M18.7,4.3411355,1.8168787
RP11-770J1.7,-4.798072,4.6933074
RP6-91H8.5,3.8235304,3.4743993
RP11-849F2.9,1.225317,2.9963734
RP11-738E22.3,0.25393528,3.9367814
AP000962.2,-2.2532794,2.599984
RP11-797A18.6,2.6512613,2.4022567
RP11-324I22.3,-0.24695437,3.5622005
RP11-148O21.2,-0.6278739,1.6645436
RP11-20A20.2,-6.009714,5.4591904
RP11-73M18.8,5.3346486,1.9936684
RP3-331H24.5,-4.8833976,2.8249815
RP11-84A19.4,0.012327232,2.9479947
RP5-940J5.9,0.106132664,5.3164835
RP11-498E2.9,-2.0205,6.3549805
RP3-426I6.5,-1.8461769,2.5459206
RP3-430N8.10,-5.356419,4.2260737
RP11-95D17.1,5.2594175,2.3487759
RP11-130L8.2,-3.5373359,6.0006223
RP11-338N10.3,-2.2067597,4.022667
RP11-282O18.7,-2.2317512,4.113199
RP11-1020A11.2,5.150703,2.6579235
RP11-497H16.9,2.7487674,1.9995884
RP11-362K14.5,4.1251855,2.5894299
RP11-96H17.3,-5.080033,4.3351245
RP3-430N8.11,-0.8590118,4.587836
RP11-635N19.3,-3.635905,4.509913
AF003625.3,-2.9411397,4.308209
RP11-214K3.21,1.5295576,2.8268814
RP3-449M8.9,-1.6512632,4.643734
RP11-218C14.8,0.49742502,3.391844
RP11-93H12.4,-1.612368,4.904517
RP11-298P3.4,-0.49943185,3.2766309
LL0XNC01-7P3.1,4.5616317,2.0030193
RP11-932O9.8,-3.3274295,1.5792065
CTD-2576F9.2,-5.0405645,3.985182
RP11-141B14.1,2.8442159,2.7310014
RP11-463O9.9,0.68457264,3.0149171
CTC-203F4.2,2.7222047,1.7287135
ENSG00000270022,0.56493336,2.505976
RP3-426I6.6,-2.276473,4.284243
RP11-338N10.2,0.6414314,3.1305575
RP11-685G9.4,-1.5274855,4.8097816
RP11-1070N10.7,-3.434076,5.201179
RP11-571M6.17,2.885269,1.9968257
RP11-214K3.22,-0.59199935,3.204725
RP4-769N13.7,-2.0320964,2.9321816
WI2-80269A6.1,-5.056027,3.9234004
CTD-3092A11.2,5.517278,2.2232463
RP11-88H12.2,-2.3923066,3.891232
RP11-390K5.6,2.7156582,2.3272977
RP11-214K3.19,0.07899077,3.1333787
RP11-248J18.3,2.2262383,2.3115196
ENSG00000270066,0.0631766,2.404261
RP4-761J14.9,-4.9263716,4.094442
AP001172.2,-2.914838,2.6604571
RP11-750H9.7,0.94369566,4.503442
RP11-351I21.11,3.099064,1.9279016
RP11-127L20.5,-4.9630413,4.4261246
AF131215.8,-2.3734055,4.7329526
KB-1958F4.1,-1.8439773,2.1729343
RP11-178L8.8,-2.35254,4.4272933
RP1-257I20.14,-1.2319897,3.7249486
RP11-399K21.11,-2.3781793,2.9449892
RP11-529E10.7,-1.0765717,3.8812084
RP11-78O7.2,2.36231,1.9875529
RP11-245P10.8,-4.8331237,2.5464308
RP11-214K3.18,-1.3632793,3.2717142
RP11-362K14.6,0.3760461,2.7245588
RP11-130L8.1,-0.26988733,3.3849509
ENSG00000270103,-4.4881525,2.4363146
RP11-245P10.6,-3.1751776,4.3746796
RP11-73M18.6,3.1190112,2.5126534
RP5-1139B12.4,0.4956495,3.0638745
RP5-1048B16.1,-5.776591,3.8256602
RP11-415J8.7,0.5129806,2.9495053
AP001429.1,0.15463236,2.888987
AP000769.7,-5.45901,3.9364285
RP11-57A19.5,0.5125705,2.897301
RP11-327F22.6,-0.16908938,1.4198942
RP11-118F19.1,-0.28633195,2.784415
RP11-526I2.5,3.628775,1.9950377
RP11-214K3.23,-0.305596,3.181302
KB-1043D8.8,-4.5552588,4.2999244
CTC-303L1.2,-1.1180255,4.1393404
RP11-362K14.7,-3.4912245,1.766927
CTC-137K3.1,-0.53698796,2.6978989
AP001172.3,-3.711668,2.7692738
RP5-1021I20.6,-1.176604,2.485788
RP11-646I6.6,-0.16182321,3.53466
RP11-419I17.2,0.5268328,3.0932605
RP5-894A10.6,4.3997703,1.9895866
RP11-568J23.6,-0.7755088,3.179748
RP11-167P11.2,0.4027527,3.3763022
RP11-338N10.1,-2.0090528,3.7945063
RP1-256G22.2,-0.5146535,2.4917748
RP11-793H13.11,3.811706,1.6649413
RP11-159N11.4,1.7680372,2.3589318
RP1-170O19.24,-4.1667156,4.4012256
RP11-568J23.5,2.1048138,2.4110374
RP11-803D5.4,-1.5499403,2.715487
RP11-157E16.1,3.3059824,3.5686269
RP11-373D23.3,-0.11846881,1.9551532
CTD-2540B15.12,-4.349199,3.4649975
AC015849.2,-2.2296906,6.2442594
RP11-731D1.4,-2.0264952,4.8963966
RP11-65L3.2,2.9841883,2.2762046
RP4-806M20.5,-5.1651793,4.1628437
RP11-461L13.4,-5.047005,4.2557106
RP11-2L8.2,-1.2377896,2.5999768
RP11-307C12.13,-1.8006879,3.973297
RP11-109M17.2,-4.8508196,4.4396033
RP11-470L19.5,-5.3286448,4.5370593
RP11-35P15.1,-3.40287,5.316487
RP11-92C4.6,-3.1624296,4.5299373
RP11-326I11.5,1.3462406,1.9316404
RP11-467C18.1,-3.708071,4.1385326
RP11-796E10.1,-1.6529244,4.911646
RP11-342K6.3,-1.735949,2.9914982
RP11-131L12.2,-0.34001198,4.185796
RP11-230C9.3,-2.1734288,2.52542
RP11-420L9.5,4.116269,1.6539098
RP11-168P13.1,-2.261198,4.4416184
RP11-785G17.1,-3.2309968,4.1785884
RP11-546J1.1,2.1149676,2.829916
RP11-154H23.3,1.8967694,2.6099596
RP11-355F16.1,0.8115407,3.1586976
RP11-171I2.2,3.327266,2.119922
PKD1P6-NPIPP1,4.0227175,1.7990364
RP11-348N5.7,3.2140393,2.361619
RP5-1092A3.4,4.106917,2.4299483
RP3-466P17.1,1.814212,2.5700395
RP11-373D23.2,-0.8325237,2.3710263
RP11-105N14.1,2.7641277,1.9140452
RP1-142L7.9,-2.834235,2.7861757
RP11-372K14.2,2.1490133,2.4009843
RP11-342K6.1,1.2475656,3.0003617
RP11-381K20.4,-2.5784082,3.1300786
RP11-84C13.2,1.0920808,2.927312
RP11-383H17.4,-5.067285,4.5125146
AJ271736.10,-4.03092,2.2739637
RP11-138E2.1,-3.0676477,3.9828
AD001527.7,0.38278833,3.0528412
RP11-103J8.2,-3.98354,5.1219473
RP11-103J8.1,-3.5118194,1.9951005
RP11-2E11.6,1.7562138,2.9953327
RP3-466P17.2,-5.100813,4.3824787
AC015849.12,-5.639428,4.188242
RP11-706J10.2,-2.918748,3.748665
AC015849.19,2.8479295,3.4348404
RP11-461L13.5,-1.5814438,3.1655962
AC015849.13,0.5820231,4.3074045
RP11-379K22.3,-2.4532018,4.0393777
CTD-2227E11.1,1.5443867,2.3367321
RP5-856G1.1,-3.8308918,5.692271
AC025811.3,-4.537323,3.878168
RP1-309F20.4,-0.9480897,4.1600323
RP11-2E11.9,1.9862833,2.3302777
RP11-65L3.4,2.146774,2.2948482
RP11-326C3.15,-0.642705,1.2773414
RP11-439C15.5,-3.3114479,4.885837
RP11-342K6.4,-1.1760222,4.1112027
RP11-346C20.4,1.8377982,2.3921838
RP11-171I2.5,0.023892611,2.9280472
CTD-2527I21.14,2.2215586,2.4036906
RP11-138I18.2,-1.5610332,1.8451298
CTC-523E23.11,2.088531,1.8926225
CTD-2012J19.3,3.6735952,2.2002048
RP11-171I2.4,0.70508724,2.4218898
RP11-401N18.1,-5.0857983,4.524328
RP11-394I13.2,1.8426487,2.6054368
RP11-435O5.5,2.2354712,2.118389
RP11-642C5.1,-4.750836,3.9962626
RP11-660M5.1,-1.6528118,2.535504
RP5-855F16.1,-5.0255294,4.1504564
RP4-555D20.3,-3.0746853,4.8411746
RP13-216E22.5,-1.8824162,2.5564752
AB019440.50,-4.8894715,4.407103
RP11-138A9.1,2.3467155,3.0886252
RP1-142L7.8,-4.2148523,3.4669492
RP3-523E19.2,-3.3690965,1.956254
CTC-336P14.1,-1.2547008,3.9755886
RP5-894D12.4,-2.7674415,4.1371245
RP11-238F2.1,-3.7294936,5.871396
RP11-286B14.2,-2.4368122,2.6012917
RP11-1109F11.5,-1.2571781,3.8959587
RP11-230C9.4,-1.395612,3.8397787
RP11-435O5.6,-2.5615757,2.946333
RP11-1152H14.1,-2.3339498,5.1044717
RP11-1109F11.3,1.9585114,2.5301657
RP11-274B21.9,1.4385214,2.5941384
AC002128.5,-0.97733563,4.3770714
RP3-483K16.4,-1.8411474,4.555369
RP11-307C12.12,3.591044,2.2208202
RP11-1060G2.2,0.91768634,3.1624126
RP11-435O5.7,-1.4349436,4.662256
RP11-89C3.3,-3.4769728,4.628635
RP1-161P9.5,-4.3133664,4.8767743
RP5-1092A3.5,-5.1958404,4.405159
RP11-171I2.3,-3.3505955,3.237839
RP5-1057J7.7,2.3173516,3.833416
RP11-188D8.1,0.17773183,3.599281
RP13-238F13.3,-4.6809545,5.3445344
RP11-342K6.2,2.211487,2.352797
RP11-36B6.1,0.44035625,3.289563
RP3-368A4.6,5.047792,2.082426
RP11-230C9.2,1.9439107,2.299351
RP11-274B21.10,1.5812114,2.6151154
RP4-665N4.8,-1.3893405,2.5039062
CTD-3214K23.1,-3.9202695,4.8928614
RP11-116D17.3,0.62376857,4.492179
RP11-181E10.3,3.3251202,3.2958605
RP11-408O19.5,-0.7584056,1.8851967
RP11-259K5.1,-0.9977168,3.0700803
RP11-435O5.4,0.26683787,3.6561563
RP11-95I16.4,1.638716,2.8491194
RP11-297J22.1,-3.3112438,4.621458
CTD-2377O17.1,-0.3095844,4.1004424
CTD-2256P15.5,-5.5511866,4.9464397
RP11-169K17.4,-2.1840005,2.7420256
CTD-3020H12.4,-1.5900828,2.7446632
CTC-359M8.3,-5.8174047,3.7305758
RP11-761I4.4,-0.31908965,1.5710334
RP11-532F6.4,-1.2960067,4.287082
RP11-787I22.3,1.6347117,2.506549
RP5-1182A14.5,-4.019742,5.4930944
CTB-113I20.2,3.1839337,1.5321962
RP4-680D5.9,-4.760235,4.4909616
CTD-2541M15.3,-1.7416768,3.8767493
RP1-202O8.3,0.30408671,3.6120458
RP11-110I1.14,-1.7805669,4.5999794
RP11-269M20.3,-1.9116445,2.6466212
RP3-337H4.9,2.064945,1.9814181
RP1-153G14.4,3.20609,2.8070488
RP11-35J10.5,-5.11331,5.703669
XXBAC-BPGBPG55C20.3,-2.0124803,2.8548563
RP11-386M24.9,-3.935441,4.705948
CTD-2195M15.3,-4.4152203,4.328627
RP11-1250I15.3,1.0275747,4.292075
RP4-678D15.1,-2.7241232,4.4286394
RP11-52L5.6,-3.0780766,4.207732
RP11-379F4.8,-1.1220602,3.960028
RP11-1017G21.5,4.184826,1.6930528
CTD-2589H19.6,2.6276224,1.7452754
RP11-254F7.3,1.1186244,2.450674
CTD-2201E18.5,1.2540028,2.67494
RP5-1112D6.7,2.4477942,2.9213362
CTB-35F21.5,-4.221777,3.9570599
CTC-251D13.1,3.1527908,2.3618073
CTC-428G20.6,2.4292574,1.6748551
RP1-63M2.5,-1.81698,4.2367206
RP5-892K4.1,3.824874,3.6464562
RP1-79C4.4,-3.0509567,4.3265414
ENSG00000271816,4.8600636,2.1004102
RP5-894D12.5,-5.2298193,3.396977
XXBAC-BPG299F13.14,-1.5364894,1.4523112
RP11-337N6.2,-0.78992784,2.8004367
CTD-2310F14.1,3.62798,2.7281191
RP11-1C8.7,-2.8690622,3.9569325
RP11-356B19.11,1.597021,2.5373414
RP11-245J9.5,3.0206447,2.8074884
RP11-565F19.2,4.3439484,2.7242453
RP1-178F15.5,3.8820884,1.5728099
RP11-214N9.1,2.8046768,1.6124629
RP1-244F24.1,1.4984946,1.975691
ENSG00000271858,2.1396496,1.8574737
RP11-436D23.1,2.7924137,3.454432
RP11-343L5.2,3.4858341,2.0921357
RP11-1293J14.1,-1.0118724,4.7137485
AC005740.6,0.7554411,2.784249
RP11-96C23.5,1.9110026,2.1741722
KB-1410C5.5,-0.48300475,4.0950212
RP11-493E12.1,-0.21088262,3.401554
CTD-2228A4.1,-2.8174813,3.7816389
RP11-762E8.1,-4.856827,3.4620752
RP11-482H16.1,0.52394915,3.2038171
RP11-679B17.2,-3.551913,4.81072
RP11-266E6.3,-5.787112,4.3486323
CTC-498M16.4,-4.0892687,3.5760293
RP11-532F6.5,-2.507975,3.881693
RP4-789D17.5,-4.9450817,4.4587655
RP11-884K10.6,-2.983206,5.3477454
RP11-506O24.2,-2.1237743,2.5373006
CTD-2287O16.5,4.0140424,1.7251588
CTD-2376I4.1,-1.5295033,4.6011944
RP11-44N12.5,-1.9882149,4.731377
RP11-338I21.1,1.8341823,3.617872
RP11-443B20.1,4.239596,1.5928354
RP11-424N24.2,-0.58151114,4.5823812
RP11-589C21.6,-1.7979321,1.8265852
RP11-354K4.2,2.1689024,2.8735611
RP11-439M11.1,-1.2065591,2.9461672
RP11-444A22.1,-5.8465996,5.1980658
RP11-617D20.2,-4.595132,3.5675068
CTD-3064M3.7,0.44958496,2.7695649
CTD-2140B24.6,-4.577058,4.4371905
RP11-415F23.2,0.8828743,1.7313396
RP11-134K13.4,-1.2463913,3.9671865
U47924.29,-2.7183175,5.0227923
CTD-2006H14.2,2.8973334,2.1810749
RP11-572O6.1,-0.61482525,3.567695
RP11-884K10.7,5.1614227,2.0147955
RP11-428J1.4,3.1868696,1.8684442
CTD-2256P15.4,-0.075017385,5.389285
RP11-573G6.8,-4.994238,4.5243917
RP11-28H5.2,0.5381792,4.275077
RP3-337O18.9,-3.5895677,1.8619349
RP4-736L20.3,-1.6635505,4.8785167
RP11-42O15.3,-0.29890165,4.0310745
RP11-285J16.1,1.3194747,2.6979115
RP11-337N6.1,-1.2231174,3.5312533
CTD-2199O4.7,-0.20351358,3.6343665
RP11-345P4.10,-0.33411008,3.9957023
RP11-393I2.4,2.9391942,2.3686407
RP1-313I6.12,2.4962745,1.903395
CTD-3025N20.3,0.7622031,3.067566
AC008592.8,0.4265772,4.2799807
RP11-546K22.3,-0.5459838,3.7129054
RP11-529E15.1,-5.9202166,5.3407106
RP1-178F15.4,3.6635385,1.6747003
RP11-52A20.2,1.3131288,3.0822358
KB-431C1.5,3.2628672,2.5092716
CTC-366B18.4,2.7971923,2.2323315
RP11-44N11.3,-5.260269,4.3805776
RP11-471M2.3,-1.5819981,4.478277
RP11-480D4.6,-1.0999979,3.6933763
RP13-379O24.3,-4.692569,4.6947103
RP11-423P10.2,5.0234036,3.3371944
RP11-503P10.1,0.24860914,3.2971854
AC005618.6,2.8005524,2.062398
RP11-332J15.4,0.46621993,3.002698
CTA-363E19.2,2.115385,2.868599
RP11-11C20.3,-1.6032581,3.2823637
RP11-348P10.2,3.0863788,1.908602
RP4-734G22.3,3.6187358,1.7401867
LA16C-380H5.5,2.669163,1.837214
RP5-1126H10.2,3.6098154,2.2973483
RP11-542A14.2,-4.880705,4.5457535
RP11-379F4.7,-5.757388,4.3445787
RP11-168F9.2,-2.2693043,3.7572641
RP11-350N15.5,2.8511329,1.6686738
RP4-665J23.4,-0.4056606,2.922949
RP11-155O18.6,0.3774803,2.7542338
CTD-2653M23.3,1.5272851,3.3338509
RP11-345P4.9,5.2038803,2.0098138
AC005754.8,1.6834044,2.8363967
CTD-2260A17.3,0.2025561,2.52689
CTB-113P19.5,-0.6997397,3.756496
RP1-261G23.7,-0.018142104,3.6818297
GS1-393G12.14,-0.33930007,4.2221437
RP4-555D20.4,-1.3664241,4.8098025
CTD-2366F13.2,-1.0259238,3.9910617
KB-1836B5.4,-1.9976386,4.427397
RP11-250B2.6,2.8692193,1.851666
RP11-360I2.1,-5.0400157,4.4542794
RP11-177G23.2,-1.7321341,3.2665553
CTD-2544H17.2,-4.779803,2.6521082
RP11-574K11.29,3.7829146,2.0777757
RP11-465B22.8,-2.0949852,5.366479
LYRM4-AS1,4.5248647,1.824085
CTD-2035E11.5,1.420445,2.1544282
RP11-195B17.1,1.919925,2.5865622
RP11-627J17.1,-5.2121134,4.1894994
RP1-286D6.5,3.6265705,1.7992415
AC005754.7,-2.1127117,4.189315
RP11-707M3.3,-1.7791202,1.5392364
RP11-477N3.1,0.9765181,2.3775873
CTD-2168K21.2,-2.4215603,3.8406549
RP11-840I19.5,-1.5432748,3.5509815
RP11-350N15.6,0.26132524,3.5286925
RP4-713A8.1,-2.6436994,4.184511
GS1-72M22.1,-2.2642608,3.9243674
ENSG00000272167,-4.0472283,5.2909794
RP13-582O9.7,-0.27435204,4.203429
U47924.31,4.1895876,1.710936
RP4-657D16.6,-1.7202114,2.7732794
RP11-481J13.1,0.0013977353,4.1463423
RP11-245J9.6,-0.5071124,2.4471538
RP11-802O23.3,2.1251502,2.0146587
RP11-523H20.3,1.6036574,2.2844357
RP11-156E8.1,3.0969436,1.9256265
RP11-157F20.3,-1.4408118,4.841819
AC004775.5,-4.8729157,4.2676587
RP3-500L14.2,-2.0463552,4.536035
RP11-347P5.1,3.1227508,3.192068
XXBAC-BPG157A10.21,0.16055363,3.5335822
RP11-11N5.3,-4.0415773,5.2862263
CTB-181H17.1,1.2609295,3.5708313
XXBAC-BPG181B23.7,4.00805,1.910392
RP1-20C7.6,0.91317403,3.186684
RP11-63G10.3,-1.5566494,4.7925005
CTD-2325A15.5,-3.7272599,5.712299
RP11-22L13.1,-3.0093272,4.8088574
XXBAC-BPG170G13.32,-1.5944474,3.599146
CTB-108O6.2,-3.5550344,3.5606325
RP5-855D21.1,2.3730748,2.4322033
RP11-554D15.3,-5.9519873,5.357889
RP11-379F4.9,-0.6125688,4.1425934
RP3-406P24.4,-1.4404603,4.3218293
KB-1958F4.2,-1.8583694,2.2896435
RP11-531A24.7,-2.189432,2.624271
CTD-3224K15.3,-2.3485172,3.211438
RP11-489E7.4,-0.106215075,2.3890214
RP11-767C1.2,1.1433454,2.9949985
RP11-92K15.3,0.088597804,3.3403065
CTD-2287O16.4,-1.6161382,3.7941878
RP11-375N15.2,2.362414,1.6813115
RP11-791G15.2,0.5534519,3.3666615
RP1-40E16.12,3.0086925,1.7119232
RP11-157J24.2,-2.0247061,4.372942
RP11-91J19.3,-0.7267273,4.342648
RP11-386M24.8,-4.9174414,4.9993563
RP11-19C24.1,-5.093767,4.579592
RP11-239L20.6,-5.3620872,3.2500174
XXBAC-BPGBPG55C20.2,5.231184,2.1542203
RP11-506K6.4,2.129822,2.5937011
KB-1517D11.4,-2.7613082,3.585617
RP4-594A5.1,-1.627458,4.784759
RP11-65L19.4,1.0881687,4.5136447
AC002044.4,-4.8857737,4.439981
RP11-129K12.1,-0.38924435,2.1058471
RP11-53O19.3,5.2476373,2.0719304
RP11-722E23.2,2.6453283,2.0478766
RP1-151F17.2,4.0584197,1.904991
ENSG00000272342,-2.6174145,4.278912
RP11-140I16.3,1.1658518,2.6248202
RP1-30M3.5,3.056954,2.094972
RP11-43F13.4,-1.5799754,4.8674097
RP5-1112D6.8,4.7147803,2.9442928
RP11-359I18.5,-0.89311236,4.832922
GS1-166A23.2,-0.6665701,3.8542733
RP4-781K5.9,-4.967425,4.4882445
RP11-573G6.10,-1.8517685,3.9185913
RP4-605O3.4,3.9249115,3.44143
RP11-446N19.1,0.7639348,2.7376256
RP11-25O10.2,-1.6090629,3.3291397
RP11-441F2.5,-2.306119,3.8665257
RP3-329A5.8,4.1077805,2.4623342
RP11-51J9.6,0.70549566,3.1551344
RP1-257A7.5,1.998068,2.4026926
CTD-2035E11.4,0.7646655,2.3690624
RP11-44N11.2,1.0361074,2.8042362
RP11-666A8.12,-1.1040357,3.9239144
CTC-490G23.4,-4.790519,2.965075
RP11-497D6.5,-3.683162,2.7777727
RP1-30M3.6,0.77705127,2.5320742
RP11-284F21.10,3.880569,1.6919494
RP11-185E12.2,-1.476753,2.3945508
RP11-44B19.1,-4.167786,4.358199
CTD-2081C10.7,-0.35480317,3.9101863
CTD-2199O4.6,-1.8112311,4.149115
RP11-762H8.4,-4.8979125,4.384137
RP4-740C4.7,0.88376683,2.8684235
RP11-363E6.4,-1.1733944,4.004732
RP11-108M9.6,-2.0089483,3.7863913
RP11-704J17.5,-4.801647,4.152431
RP3-465N24.6,-0.07210931,3.7086759
RP13-131K19.6,-0.19062945,4.055436
RP11-54O7.16,-0.9864849,4.454579
RP11-1017G21.6,0.84093297,3.2030892
RP1-225E12.3,-3.3612227,1.8493223
RP11-182L21.6,4.793801,1.7657832
RP3-395M20.12,2.7253876,1.7043337
CTD-2342N23.3,-3.8041382,5.6829433
RP11-1070A24.2,-2.5973425,4.8857894
RP11-689C9.1,0.12225326,3.3855212
RP11-532F6.3,0.9449338,1.8752992
RP1-136B1.1,-0.8166188,3.6945136
RP1-86C11.7,1.5517592,2.5366216
RP11-95G17.2,-0.94075716,4.077601
AC006273.4,2.652171,3.7892342
RP1-191J18.66,3.4542172,1.8256948
RP11-158G18.1,-1.4241054,2.038026
RP1-317E23.7,-5.1731787,3.3334608
RP11-301G7.1,-1.3624737,3.0080264
RP11-474O21.5,0.6251443,3.183541
RP11-169K17.3,-1.9220935,2.6050267
RP11-284J1.1,-3.4200697,2.9648938
RP11-182L21.5,-1.4568028,2.4970896
RP5-1024N4.4,-0.87794423,3.6480482
RP11-415F23.3,0.8916092,1.8103032
XXBAC-BPG299F13.17,5.056838,2.3250225
RP11-713M15.2,1.7315607,2.0343556
RP11-981G7.6,0.37355483,3.1092358
RP4-535B20.4,-1.3057507,2.192985
RP11-96C23.14,-0.66188496,3.5754104
RP11-347C18.5,-0.06455597,3.4572356
RP4-680D5.8,-3.6429317,5.9204884
RP11-54O7.17,2.9580336,1.8190349
RP11-29P20.1,-3.5281324,3.5253437
RP11-573G6.9,-4.1592617,3.8154206
RP11-26J3.3,3.9584262,3.0425231
RP11-105N14.2,-5.254322,4.6169734
RP11-415F23.4,0.72893685,1.6538546
GS1-166A23.1,-4.490428,4.788074
XXBAC-BPG252P9.9,4.3343596,1.7558284
XXBAC-BPGBPG55C20.1,-1.157733,4.069868
RP11-255P5.2,-3.8516045,3.1195579
CTC-527H23.4,-4.7834845,4.1741967
RP11-317L10.1,-3.6997628,5.6944857
RP11-459I19.1,-0.9939836,1.4686816
U91328.21,-0.74576396,4.4888134
RP11-480C16.1,3.4510508,3.4062831
RP11-548P2.2,-3.2949994,3.6020038
RP11-462G22.2,-3.227065,5.1032915
RP11-73K9.3,-1.595178,3.9533668
RP11-179B2.2,2.5443525,1.893592
RP11-359K18.4,1.5301018,2.7851663
RP11-365H22.2,-1.026907,3.9725823
RP5-1039K5.17,1.2213612,4.4742303
RP11-344P13.6,1.5760865,2.3585882
RP11-440L14.4,1.2315788,2.4429345
RP11-63A2.2,-4.9603806,5.0213523
RP11-446H18.6,-2.8916426,3.8324635
RP11-152N13.16,4.152561,1.7332486
AC007308.7,-2.3109,4.426602
RP11-251G23.5,4.4859204,2.1895452
RP11-461M2.2,-5.1013255,4.3085246
RP11-395N3.2,2.879914,1.974779
RP11-737O24.5,-0.2243596,1.563999
RP11-468N14.13,-5.843086,4.41276
RP11-354E23.5,-1.9008013,2.6540735
RP11-344N10.5,4.360649,3.0731976
RP11-359E3.4,4.3013597,2.2980134
RP11-362F19.3,-0.86988634,1.4044837
GS1-114I9.1,3.398283,1.9145255
RP11-66B24.8,-4.812545,4.436236
CTD-2234N14.1,-4.9363155,3.9681954
RP11-188P17.2,-1.1653445,4.113692
RP11-571I18.4,0.06558725,2.2626278
RP11-219D15.3,-5.38466,4.40391
AP000320.7,-4.0576577,2.3392649
RP11-145M9.6,-3.1543865,3.670898
RP4-548D19.3,0.34219348,2.9369276
RP11-395A13.2,4.1708403,1.6619163
RP11-190A12.10,3.3612208,1.9466681
RP3-508I15.21,3.5042915,1.7923956
RP11-302M6.5,-4.8276496,3.834239
RP11-797D24.4,-5.014564,4.3613753
RP11-216L13.18,-0.60084707,4.2209134
AC004471.10,-0.6954539,3.9209628
RP13-270P17.3,3.6961982,1.7526463
RP4-539M6.21,-1.4311922,3.3595135
RP11-290M5.4,-1.7556307,4.830639
RP11-399K21.14,0.24404486,3.6970794
RP1-63G5.8,-4.8973703,2.6103241
RP11-339B21.13,1.5520504,2.6088572
RP11-145M9.5,-1.7087471,2.5628545
RP11-44N22.3,3.2988248,3.3075306
RP11-78A19.4,-4.037823,4.561997
RP11-534C12.1,-1.1928941,3.723637
RP4-753F5.1,-2.762508,4.5030136
RP11-342I1.2,0.3315672,3.608266
CTB-161C1.1,-0.9509527,2.1599889
CTA-228A9.3,3.6570516,3.0691867
RP11-387A1.5,-2.5279534,4.254165
RP5-1159O4.2,1.270619,2.6324477
KB-208E9.1,-0.08265221,3.4663706
RP11-467P9.1,1.0327033,2.4990196
RP11-799N11.1,-3.8675492,2.2640543
CTB-43P18.1,-2.2700334,4.6820254
RP11-367N14.3,-0.80388683,4.093152
RP5-1007H16.1,-1.2134681,3.710906
RP11-222G7.2,-2.7416372,4.4068713
RP11-378J18.8,4.0674872,2.1664116
AL133245.2,1.9440747,4.185147
RP11-326G21.1,2.0791624,2.330124
RP11-5C23.1,1.2193487,2.3299603
RP11-155D18.12,-5.0448837,4.5550456
RP11-357H14.17,2.8205202,4.6433134
RP11-318E3.9,1.7530226,2.0792408
RP4-673M15.1,2.151924,1.93162
RP11-725P16.2,2.4980404,1.959485
RP11-74E22.5,-5.309739,4.3919115
RP11-433A10.3,-4.5260353,5.3184776
RP11-571L19.8,2.4384284,2.2935064
RP13-1016M1.2,-3.4977825,4.330443
RP11-335L23.5,-1.8292038,4.551944
KB-226F1.2,0.83842534,2.6665726
RP11-674N23.4,-1.6023812,4.8086915
RP11-286H15.1,0.3090199,3.3223095
RP11-464F9.22,1.5183617,2.8930247
ENSG00000272793,-0.30783248,5.528046
RP11-368I23.3,-5.033722,3.949478
CTA-390C10.9,-1.6408588,4.7728953
RP11-474N24.6,0.4192349,2.4356797
RP11-438L19.1,2.859996,2.2008622
RP1-170O19.23,-1.6831847,4.908672
RP11-260M2.1,3.1653717,2.373231
U91328.22,-1.5781834,1.5858476
RP5-855D21.3,2.218576,2.4044821
RP11-15I20.1,-5.1076217,4.3953757
RP11-219A15.4,-4.8709054,2.558743
RP11-402D21.2,-0.6366866,4.4125805
CTA-384D8.36,0.8477105,1.5522542
RP11-295M18.6,-4.846956,2.4209256
RP6-74O6.6,-1.2685937,4.1348042
LL21NC02-1C16.2,1.3673704,1.8963332
XXBAC-B135H6.18,2.7678874,1.6775689
RP11-792A8.4,4.9494386,1.8469064
RP11-91K8.5,-3.3529022,4.1625156
RP5-1042K10.13,0.43556654,2.5591877
RP3-402G11.27,2.4011145,2.097361
RP11-452C13.1,-0.6377048,1.4339597
RP11-379B18.6,-2.0826025,2.6003132
RP11-513M16.7,2.1573236,2.3914752
RP11-313P13.5,1.6284577,2.587348
RP11-484K9.4,-0.4201598,4.4586353
RP1-137D17.2,2.183755,2.10057
RP11-347I19.8,4.404408,1.79626
RP11-801F7.1,-0.08464419,3.8276868
RP4-593H12.1,-1.8525484,4.7440777
RP5-1102E8.3,-3.2767184,4.2454305
RP11-710E1.2,-4.115541,4.1479673
CTA-292E10.8,0.5993413,2.6348953
RP11-332H14.1,-1.180449,4.4602757
RP11-814H16.2,-0.94360137,4.129797
RP11-17E13.2,-0.83879024,3.852799
RP11-561I11.4,-0.2208305,3.78864
RP11-12D24.10,-1.6665125,4.1745796
RP11-408A13.4,2.2296574,2.3498518
LL22NC03-N14H11.1,1.1216972,2.8884647
RP5-1103G7.10,0.62283885,4.42658
RP11-104H15.10,-0.4887854,4.2467375
RP11-2H3.6,-1.060963,4.0749483
RP11-57G10.8,1.4155967,4.234064
RP11-98C1.2,-1.110789,2.5343518
RP11-265E18.1,-1.7262473,4.166632
RP11-533E19.7,2.6389227,2.0776649
ENSG00000272907,-0.30979124,5.524311
RP11-121A8.1,0.2974163,1.3852161
CTD-2555O16.4,3.4936457,2.9425297
RP11-15L13.4,0.6809483,2.696997
RP11-74E22.6,-0.5275927,2.396076
RP11-724N1.1,2.716985,4.6997347
RP11-440D17.3,3.10031,1.5714861
RP11-330O11.3,1.1012622,1.9890124
RP11-62J1.4,-5.038206,4.255972
RP11-705C15.5,-0.9695875,1.5221969
CTB-152G17.6,4.2843246,2.8350165
HSA-MIR-1253,-4.0534496,2.323627
RP11-329B9.5,-2.9628665,4.0124936
RP11-1191J2.5,0.61207134,2.5392714
RP11-700J17.2,-1.878258,4.402897
CTA-384D8.33,-1.6851759,4.5789146
RP11-134L10.1,3.4835007,1.9994559
CTA-246H3.12,-1.6717457,4.3778977
CTD-2308L22.1,0.55778635,3.49679
CTD-3216D2.5,1.861546,3.5958407
AP001412.1,2.224853,1.8277812
RP11-307C18.1,-0.9833709,3.802969
RP11-1275H24.2,2.1634452,2.0335684
KB-1440D3.13,-0.59707856,4.1379395
CMP21-97G8.2,-2.0711212,2.976306
RP11-686O6.1,-5.0508037,4.272339
RP11-190C22.9,-4.0252795,4.1152973
RP11-528I4.2,-0.3519355,4.2533145
RP11-329B9.4,3.4108336,3.9545646
RP11-284F21.11,-2.9819582,3.825179
KB-1125A3.11,-0.29102147,3.9760823
CTA-390C10.10,4.6254015,2.1289685
RP11-647K16.1,-1.703199,6.195209
RP11-517H2.6,3.7753153,2.2151477
RP5-1180E21.4,-5.313485,4.09012
RP11-508N22.12,3.2712548,2.99238
RP11-85E16.1,-4.835372,4.284913
RP11-46J23.1,1.2826169,2.5752287
RP11-150D20.5,-1.432591,1.6827596
RP11-305K5.1,2.2309062,2.3478656
AF129408.17,0.13016106,3.597729
RP11-362J17.1,-4.258086,3.371577
GS1-279B7.2,1.9376925,2.0483584
RP11-314C9.2,-5.8748684,3.4623961
RP11-170N16.3,4.117763,3.1023512
RP11-96K19.5,2.3943765,1.70798
RP11-728K20.3,-3.2275524,1.6468186
RP11-90B22.1,-5.203883,4.1276584
CTD-2002J20.1,-3.3157003,1.642361
RP11-225B17.2,3.05487,1.8900093
AP000240.9,0.024217367,2.4060638
RP11-422P24.10,1.4366266,2.8892756
LL21NC02-1C16.1,0.07521704,3.9686873
RP11-449G16.1,-1.7483455,2.7294865
ENSG00000273040,-0.30710095,5.5206923
RP4-569D19.8,-4.288905,4.81199
RP11-834C11.14,-0.37010396,4.2896934
CTB-13F3.1,3.07003,2.140769
RP11-77E14.2,-0.7948606,3.9143505
RP11-385F5.5,2.536073,1.8867364
XXYAC-YX155B6.7,-2.21829,4.3408794
RP11-334G22.1,-5.181326,5.213085
RP11-474G23.3,2.0670857,2.2526941
RP11-216L13.19,4.7193947,1.811921
CTA-714B7.7,-6.0254188,3.213192
RP5-1186P10.2,-4.2810135,4.613058
RP11-109E12.1,-1.0552472,4.6379027
RP3-508I15.22,0.2717076,3.0473948
RP11-130C6.1,-5.1085453,4.6444807
RP11-301O19.1,4.154799,1.8205997
RP11-1275H24.3,3.0859008,3.9933946
RP11-78I14.1,-3.5331814,1.9736382
AP000255.6,-0.66027975,4.1025066
RP11-532L16.3,-4.9856663,3.8975718
RP3-508I15.20,0.246119,2.4290018
RP11-488L1.1,-5.1840305,4.5807405
RP11-302L19.3,-3.3110676,4.115879
AP000569.9,-0.92531747,4.575099
CMP21-97G8.1,-4.2613606,4.5817637
RP11-165A20.3,-2.5058994,4.669403
RP11-416N2.4,2.7393851,2.4815564
RP11-350G8.9,-1.9276836,1.6796092
RP11-25K21.6,-1.0474194,1.4336078
RP11-367H1.1,-0.69963706,4.2953496
KB-1466C5.1,-5.215769,4.4645696
AC079610.1,-4.101076,4.810543
RP11-128P17.4,-5.3023167,4.3952217
RP11-9N20.3,-2.1706371,6.1797976
RP11-236B18.5,-3.8162603,3.7833226
RP11-350J20.12,-2.7820406,5.092219
RP11-799M12.2,-0.120787226,1.9986521
GS1-293C5.1,-3.3270462,1.5873011
XXBAC-B444P24.14,2.04757,2.0406668
RP11-820I16.4,-0.55339086,3.3655915
CITF22-92A6.1,2.9781988,1.6349076
RP11-290D2.6,-0.9496872,4.6108847
RP11-449P15.2,5.539376,2.236929
RP11-406H21.2,-5.1188655,4.3178477
RP11-127B20.2,2.7962604,2.2211967
RP11-104L21.3,-1.8459998,2.2723045
RP11-108L7.15,2.6409836,1.7194312
RP11-1057B6.1,-0.4850273,2.6263044
RP11-434H6.6,1.8430746,2.054576
RP11-11N7.4,3.9363077,1.5366133
RP3-510H16.3,-5.81782,3.258176
RP11-368I23.4,-4.960106,4.1476073
RP11-20I20.4,1.4244119,2.0340395
RP11-335L23.4,-4.715572,4.64744
RP11-778D9.13,-0.60452724,4.21292
RP11-5C23.2,1.4232876,2.208003
RP11-212P7.3,4.151257,1.7370677
RP11-339B21.10,0.97696626,3.2912223
RP3-402G11.25,3.3152823,2.1268408
CTD-3148I10.15,-0.3928962,1.701618
CITF22-1A6.3,4.4596276,1.7810514
RP11-717A5.2,-4.993833,3.938213
GS1-304P7.3,-5.6574636,4.5564246
AP000692.10,0.20697387,3.6763263
AC006946.16,3.347241,2.8235505
RP4-549L20.3,0.2587741,3.7480376
RP11-107N15.1,-1.6461295,4.489384
AP001437.1,0.19725314,3.4347644
RP13-131K19.7,-4.8127136,4.131913
AC000068.10,0.48984036,2.8400564
RP5-1039K5.18,-5.929123,4.1314225
AC002059.10,-2.0863802,4.0881243
LLNLR-246C6.1,3.30065,3.6174166
RP11-644N4.1,-2.4981818,4.581423
RP5-1180E21.5,3.195934,1.9583212
RP11-513M16.8,3.1322,2.0195398
RP11-1246C19.1,4.782389,1.9554074
RP11-370A5.2,-4.9426637,4.575289
RP11-713D19.1,-1.2675638,4.043202
RP11-455J20.3,-0.4841483,3.6376054
CTA-217C2.2,2.1298072,2.6152377
KB-7G2.8,-5.545398,4.509732
RP11-434P11.2,0.4228477,2.7923088
RP11-399K21.13,0.120587654,3.823291
RP1-100J12.1,-0.18127936,4.210599
RP11-394I13.3,-4.319725,4.1544886
RP11-531F16.4,2.3590012,2.1871583
RP11-18I14.11,-4.558711,4.326558
RP11-131L23.2,-3.8448176,4.5562162
RP11-338K13.1,-3.6770036,3.3607583
RP11-212P7.2,6.0017495,2.8024945
AP000254.8,3.32804,2.1248941
CTA-384D8.34,-0.10072656,1.3665563
RP11-474G23.2,3.554343,1.987381
RP11-888D10.4,3.139256,2.4317098
CTA-268H5.14,1.0458347,3.0431535
RP6-109B7.5,-1.9545807,4.2708964
RP11-445N20.3,-2.5399559,3.8778822
AP000350.5,2.2496111,2.5144126
RP11-38M8.1,2.9097388,1.8951671
CTB-13L3.1,-4.9514627,3.4898822
AC000068.9,-0.365041,3.4246612
RP11-493E12.2,2.4339428,2.9656832
RP11-440D17.4,-1.2803472,4.123409
RP11-527J8.1,3.2462838,2.0535183
RP11-496H1.2,2.5614934,2.2670949
RP11-425A6.5,0.399047,4.292806
RP5-1136G13.2,4.503171,1.6814498
RP11-138A9.2,4.2279882,3.5011363
RP11-22N19.2,2.540376,1.9235532
RP11-621L6.3,-2.9705598,4.104789
RP1-90G24.11,-2.852947,4.3206086
RP11-141M3.6,2.12659,2.881052
RP11-448A19.1,5.507709,2.5193584
XXBAC-BPG300A18.13,-0.41420805,5.4676795
RP11-61L19.2,-1.4527344,4.928653
RP11-386I14.4,-1.2217927,2.9306586
RP5-899E9.1,-1.1073381,1.6903547
KB-1440D3.14,-4.813337,2.586166
XXBAC-B444P24.13,2.5113935,1.9558705
RP11-535A5.1,-1.0058819,1.5000627
RP4-539M6.20,0.21362376,3.5042484
CTA-268H5.12,-0.11377674,2.848501
RP11-672L10.6,3.1613598,1.6051581
RP11-210G22.1,-4.782292,3.121554
RP11-378A13.2,1.5450784,1.9010236
KB-67B5.17,-5.882002,5.6537514
RP11-285G1.14,-1.1096926,3.616951
RP11-466F5.10,-0.22674493,3.469701
RP5-827C21.6,-1.4679044,3.825632
RP11-376P6.3,-2.7943316,2.847496
RP11-700J17.1,2.4127223,2.4424217
RP11-268E23.2,-3.312195,4.0394197
RP11-383I23.2,3.9390874,3.1570408
RP11-803P9.1,-1.0056902,3.675903
RP11-305L7.7,3.227986,3.29153
RP5-1098D14.1,-1.5859905,4.900938
RP3-412A9.16,2.6748211,1.9645072
RP11-401O9.4,-4.901597,5.219758
RP11-634H22.1,2.696984,1.69768
RP11-255E6.6,-1.6659211,4.680113
RP11-408A13.3,-1.3004373,3.8819385
RP5-855D21.2,-0.15201722,3.6279943
RP11-329B9.3,-2.6642096,4.135027
RP11-114O18.1,-3.7413085,3.4172084
RP11-757A13.1,-3.824281,5.6957655
RP11-96C23.15,-3.7052636,1.9652506
RP4-597N16.4,-1.6217173,4.2448087
RP4-751H13.7,1.4156941,2.308358
CTD-2540B15.13,3.2805936,1.6108426
CTA-223H9.9,-0.27488348,3.4550679
RP4-539M6.22,0.07026843,3.3704607
RP5-1165K10.2,3.3593144,1.8685691
RP1-170O19.22,-3.6065583,1.9050018
RP11-434H6.7,0.8708063,2.7427042
AC006946.17,-2.631847,4.2204814
RP11-54O7.18,1.6052262,2.1637568
RP11-1399P15.1,0.61463404,1.8028181
AC004067.5,2.0132654,2.4112873
RP11-166O4.6,3.1102884,4.1531544
RP11-218F10.3,3.0035288,2.2687004
RP11-76P2.4,-1.6201583,4.944248
RP4-569M23.4,-0.23597524,2.8082745
RP11-797D24.3,-0.81199527,3.6184351
RP11-305O4.3,-5.218197,4.3065457
RP11-686O6.2,3.85956,1.7966721
RP11-398A8.4,-4.522537,3.640946
RP11-313P22.1,-1.7990526,3.5441225
RP13-1039J1.4,-3.4583232,5.5491176
RP11-102N12.3,3.090568,4.1048274
LL09NC01-139C3.1,-0.682632,4.1345496
RP11-295P9.12,-4.260781,3.9853518
RP11-108L7.14,-3.2210765,4.8157296
RP11-126K1.9,-1.5753014,4.53311
RP4-671G15.2,-0.48672086,3.7464278
RP11-225H22.7,0.30381402,3.1266093
RP11-731C17.2,4.0855737,2.1546764
RP4-621B10.8,1.653232,3.1071615
RP11-180C16.1,4.2611284,2.146699
RP11-80H18.4,-5.3464174,4.322592
RP11-50D16.4,4.999615,3.4704287
RP11-45A17.4,2.445112,2.5098276
RP11-248G5.9,-0.91906214,3.9631429
RP11-527N12.2,-5.2693224,3.9369528
RP11-616M22.11,-4.961818,3.846277
RP11-87C7.3,-5.2339306,3.9287715
CTD-2049O4.2,-2.6190631,2.7952273
CTD-2024I7.18,-4.4759655,3.5046835
RP11-244H18.3,-5.54939,3.03484
CTD-3075F15.1,4.0999317,1.653538
RP11-417L19.6,2.8425703,1.970247
RP11-390P24.1,4.064537,1.9795638
RP11-426C22.7,-4.8416142,4.361073
RP11-861L17.4,-5.7696013,3.951162
RP11-59C5.3,4.691172,1.8471702
RP11-66N24.7,2.167474,2.8521698
RP5-908M14.9,3.9738865,1.5873928
RP5-864K19.7,-3.3607883,1.6313375
RP11-597A11.11,-3.8925421,2.1938744
CTD-3193K9.11,-3.2043254,4.214626
RP11-58C22.2,0.78993887,4.3844995
RP11-2N1.3,-6.061985,3.361358
RP11-405M12.4,1.7754514,1.691437
CTD-2378E12.1,4.1289654,3.4930396
RP11-996F15.6,1.0178119,3.047153
RP5-837J1.6,-1.4560757,3.5373483
RP11-617F23.2,-0.6254966,2.4434235
RP11-758H9.2,3.739534,1.693174
RP5-1021I20.8,2.0606198,3.568569
RP11-7F17.8,4.8331695,2.5194879
CTC-510F12.7,-1.294604,4.4044266
ENSG00000273741,-3.561532,4.0053225
RP11-90B9.3,0.74220395,2.7761207
RP4-563E14.1,3.01889,2.1655855
CH17-360D5.3,1.531246,2.4520047
RP11-370I10.11,0.28617454,3.1072297
RP11-236L14.2,-2.1117704,4.3778086
CTD-2506P8.6,3.3225923,1.9052169
RP11-78J21.7,5.291991,1.9699805
RP11-133K1.11,-1.4292973,4.7941394
RP11-554D20.2,1.9044875,3.3673446
LL21NC02-21A1.1,1.1932324,2.8047326
RP11-1046B16.3,-0.82002914,2.4294364
RP11-620J15.4,-2.1708777,4.662309
RP11-85B7.5,-4.3835626,4.460893
RP5-963E22.6,-0.6498151,4.4445577
RP11-81H14.1,1.8837157,2.7555654
RP11-394O2.3,4.2924542,2.5829906
RP3-333B15.5,-1.4826971,2.3271437
AL078471.5,-4.494458,5.3578987
ENSG00000273847,5.1730475,2.1418312
RP11-438D14.3,-4.314338,5.147168
RP11-133K1.12,-0.22273098,1.408605
RP11-635O16.2,-3.513204,4.0350075
RP11-603J24.21,-1.0925075,3.927323
RP11-500G22.5,4.0996695,2.392228
RP1-101A2.1,3.1455095,2.0675037
CTD-2619J13.27,-0.31954822,4.0542593
RP11-115H13.1,-0.7261183,3.737182
ENSG00000273909,2.446586,2.041508
RP11-384G23.1,1.2643526,3.3151102
RP11-761I4.5,-1.089128,4.3088923
RP11-227D13.5,-4.5272965,4.3667507
RP4-620E11.8,-0.35001552,2.9106805
CTB-31N19.5,-4.9154305,4.2614307
RP11-219B17.3,-3.8355427,5.681761
RP11-378E13.4,-5.366392,4.0500717
RP11-77K12.10,-4.259133,4.7725263
CTD-2306A12.1,-1.2132571,1.6010898
RP11-973D8.5,-0.8545856,3.9181583
RP13-49I15.6,-2.4273512,4.6241503
RP11-332H18.7,-4.037776,4.7710443
RP11-585P4.6,-0.0837521,3.5695794
RP11-425D17.2,-1.9393805,2.7517943
RP4-777L9.2,-1.3023136,4.7456346
RP11-5G9.5,-1.5754486,3.2744448
RP11-66N24.6,-3.745562,5.7775555
CTD-2302E22.6,2.708462,1.8302132
RP11-823E8.3,3.8868287,1.7970049
RP11-732M18.4,1.0584954,4.46547
RP11-340F14.6,-1.0163232,2.6352937
RP11-66H6.4,-2.1593182,2.7991512
ENSG00000274039,-3.4960868,3.4539576
ENSG00000274045,-1.9353518,3.2945018
CTA-315H11.2,2.7598047,3.800728
RP11-415G4.1,-4.6141825,6.4725547
CTD-3203P2.3,-0.15975235,4.0568037
RP11-140H17.2,-0.45278442,2.6415477
CTD-2553L13.10,3.2792146,1.7753859
RP11-278C7.3,2.2390227,2.7131002
RP11-474C8.8,0.64034873,3.606182
RP11-342A23.2,-4.7190022,3.1778128
RP11-14C10.3,-3.725452,5.750693
RP11-407N8.6,-5.1082926,3.5978987
AL133243.3,-1.2050431,3.5887978
LLNLR-284B4.1,-0.7977127,4.5892124
RP11-158H5.8,1.0025395,3.0283444
RP11-324E6.10,-0.67398953,3.8737967
RP11-579A4.1,-4.6234784,3.4925356
RP11-272L14.2,-2.1229858,2.9006293
RP11-670E13.6,2.6152763,1.8292094
CTD-2313J17.6,-0.83590925,1.6966847
RP11-77K12.9,3.2722971,2.0852666
KB-68A7.1,-0.8769114,4.090293
RP1-267L14.6,2.3576512,2.2771099
RP11-115D19.3,-4.1931186,4.5522623
RP11-697E22.3,-5.2626553,4.144078
AJ011932.1,-2.532086,4.5964737
CTC-1337H24.3,-1.5220798,3.589185
RP11-566K19.6,3.478295,3.1772683
RP1-66N13.4,-4.8986316,2.6688402
CH17-189H20.1,5.6878886,2.8085222
RP4-545L17.12,-3.92437,5.680309
RP11-34F20.7,2.0783706,2.212055
RP11-44M6.7,4.742653,1.8826905
RP11-326K13.5,-2.1575837,1.996958
RP11-326N17.2,5.3386884,3.4587207
RP11-347I19.7,4.9576926,1.926441
RP11-20G13.5,-0.7708751,3.2517123
RP11-138H8.8,-2.1833012,2.858903
RP11-167B3.2,-4.8834105,4.879627
RP11-996F15.5,1.9223994,2.6539936
RP11-403A3.1,-5.0442185,2.9095857
RP11-717F1.2,5.4163175,2.2534003
RP11-435J9.2,-1.1836963,4.2705765
RP11-227G15.10,1.2766969,3.8587983
RP11-1151B14.5,-4.6895266,4.5478306
RP11-104O19.4,-0.62365156,3.9846752
RP3-324O17.7,-0.80177903,2.9597168
LA16C-380H5.6,0.6729521,3.436063
AC144831.3,-2.296152,4.177793
RP13-714J12.1,-1.2996359,3.783227
RP11-179A9.3,-4.933434,2.5875454
CTD-2017F17.2,3.641558,1.8563704
RP11-154H23.5,-5.1209283,3.6846359
RP11-294N21.3,-3.1499584,3.6607966
CTD-2036P10.6,2.2639537,2.4730418
ENSG00000274413,0.618941,2.559409
RP5-965G21.4,3.3018491,2.871083
RP11-433J22.2,-4.2547665,4.203054
RP11-386J22.3,1.2886556,3.2650185
LL22NC03-2H8.5,5.426616,2.9108999
AC114271.2,4.7018166,1.8579417
RP11-972P1.10,-1.8360852,4.800848
ENSG00000274434,-0.66218257,4.1600313
CTD-2282P23.2,-3.1033652,2.7309632
RP11-128A17.2,-1.9627668,4.1385274
LLNLR-304G9.1,-1.8706801,4.7021513
ENSG00000274449,3.5169659,3.2499168
CTD-2649C14.2,4.5888095,2.317336
RP11-58A18.2,-4.58898,4.1596785
RP11-976B16.1,2.3194795,3.335255
RP4-583P15.16,-1.4893819,1.9755235
RP5-965G21.5,-1.7593737,3.108909
RP11-212I21.5,-3.5431042,3.6761858
CTD-2026K11.5,-0.22645034,3.4044433
CTD-2650P22.2,2.4505353,2.1012013
RP11-240G22.5,2.0972211,2.7514374
RP11-285E23.2,-3.234748,4.9073477
RP11-147L13.12,3.741214,2.4465804
CTD-3035K23.7,2.409424,2.0865586
RP11-430E17.1,-3.1782973,2.9076586
RP11-474P2.5,0.38657993,4.6667504
RP11-423G4.10,-1.4252794,2.850494
RP11-49G2.3,-2.8170307,4.0770984
RP11-92F20.1,-0.14613698,5.3780346
RP11-229E13.4,-2.646146,3.6917694
RP11-457D13.4,-4.6156297,6.5795445
RP11-347C12.11,2.3112888,1.9123925
CTD-3247H4.2,-2.8662758,4.696155
RP11-31H5.3,1.4525346,2.3806746
RP13-820C6.4,-5.2133803,4.607178
RP11-505K9.5,1.1183637,2.5096972
RP11-2C24.7,-1.0962327,4.0422444
RP11-385G16.1,-2.937403,3.5905983
RP11-122K13.15,-3.5148091,4.7653623
RP11-21K12.3,-1.4237769,4.03663
RP11-71L14.4,0.48160452,3.2629511
RP11-346C4.3,-1.7620661,4.038881
RP11-86K22.2,-4.930903,5.57547
RP11-618L22.1,-4.904267,4.7815094
RP5-1057I20.6,0.5963144,2.6550133
LA16C-358B7.4,2.853278,3.6346693
RP1-59D14.10,-4.0842395,4.2058573
RP11-139H15.7,0.2962689,2.3210971
LINC00453,-5.135137,3.1683726
AC131056.3,-0.8711118,1.6203064
RP11-493E12.3,0.44504192,2.9722507
RP11-687F6.5,1.6198981,3.3514953
RP11-407N8.5,-3.4896588,1.8493351
CTD-2129N1.1,-4.9349394,4.4982433
RP1-292L20.3,1.7555597,2.1361558
RP4-616B8.5,1.2057596,4.2116857
RP11-567M16.6,0.90072525,3.1580148
RP11-1055B8.10,-2.2606645,4.132922
CTD-3037G24.5,-4.757364,3.9527483
RP11-49I11.4,0.38995802,3.705982
RP11-136L23.2,-0.7722566,4.6099067
RP11-97N19.3,-4.799302,3.4746993
RP11-214K3.25,-0.76117885,4.6089854
RP11-15E1.5,-2.950231,3.229874
RP11-478J18.2,-3.7509532,5.6356144
AC001226.7,-1.3864151,3.6492863
RP1-197B17.4,0.04555929,2.1722746
CTD-2515O10.5,-4.2786317,5.2511635
RP11-54G14.1,1.0685602,3.2575474
RP11-88E10.5,3.4353688,1.9892077
RP11-165D7.5,0.6468956,2.2518432
CTD-2311M21.4,-4.965912,4.801007
RP11-351C21.2,1.8402416,2.3706036
RP5-1009E24.9,-3.9500127,2.3823946
RP11-56B16.6,-1.6097257,2.530162
RP11-817I4.1,3.2497284,1.8357075
RP11-8P13.5,-5.006525,4.3856773
RP11-1143G9.5,4.093446,3.0853
RP11-295I5.3,1.593329,2.7869165
RP11-395B7.2,-3.168437,5.5376406
RP11-321F6.2,-2.8572412,2.8950808
CTB-58E17.2,-3.1850476,3.7489297
RP11-234G16.5,-2.8820407,4.1469035
RP11-61O11.1,-4.669327,5.6383
CTB-1144G6.6,-1.1529527,3.7627552
RP5-875H18.10,-1.7345375,4.7002373
RP11-546B8.6,-3.3284717,4.240081
RP11-70D24.4,-4.0111094,4.056937
CTC-471J1.11,2.922413,1.9246327
RP11-127I20.8,1.1683156,2.7435179
RP11-442O1.3,-2.3697767,4.521215
CTB-55O6.13,-4.872389,2.400751
LA16C-329F2.2,0.41345665,2.9910717
RP11-627K11.6,-0.059651557,5.3923564
RP11-711K1.8,-5.4971967,3.7764525
RP11-182J1.18,2.6863265,2.1529872
ENSG00000275137,-2.2823422,4.047537
RP1-101D8.1,1.8008661,3.9475105
CTD-2595P9.4,-2.1724982,4.251653
LLNLR-260G6.1,-1.8955265,3.530092
AC091199.1,-4.9049454,4.0809193
RP11-4B16.3,-1.0915949,1.9776969
RP11-631N16.4,4.2984214,1.7661242
RP13-753N3.3,1.9155912,2.0885184
RP11-196B3.3,-1.5191386,2.6901348
RP11-36I17.2,-1.3014823,4.5641394
RP11-295I5.4,-1.8695525,2.231362
RP11-156K23.3,3.733873,1.6095194
AC008984.2,-4.416107,3.3584032
RP11-54H7.4,4.9506083,2.745309
RP1-63M2.7,1.7471672,2.3414474
RP11-370I10.10,-4.9160395,2.8548446
RP11-897M7.4,-4.4688487,4.4537883
CTD-2396E7.11,3.1519916,1.9221731
AC009120.11,3.0574389,3.6688416
RP11-40E6.2,-5.6250644,3.954037
RP11-1072A3.4,-0.013731926,3.983577
RP11-15J22.8,0.46761847,4.153898
RP11-946L16.2,-1.2339189,1.9153545
RP4-564F22.6,-3.7147646,5.9981127
RP11-499A10.3,-2.9685776,3.6045966
RP11-292F9.1,-4.6969314,4.945148
ENSG00000275311,2.7044644,2.3523026
RP11-262A16.1,0.51630133,3.4393492
RP11-234G16.4,-3.960851,4.2792253
RP11-83N9.6,1.2491285,2.6117013
CTD-2017F17.1,-3.6320372,2.035493
RP11-323F24.4,-1.6311213,4.1344285
RP11-697E2.11,-1.2310036,4.057795
RP5-1025A1.3,-2.3950052,3.7921078
RP11-266K4.14,3.2392688,2.0093095
RP11-455F5.6,1.8002284,2.049564
RP11-615I2.6,3.9918659,3.5686781
RP11-214K3.24,2.1560094,2.7780309
RP11-318K12.2,-6.1053624,3.1313107
RP11-164O23.8,-3.8068318,5.77926
RP11-568J23.8,0.42643705,2.4409337
RP4-564F22.7,0.73081124,3.0638337
RP11-131L12.4,-0.33303186,3.1170347
CTC-529I10.1,1.9174232,2.646822
RP11-844G16.3,-4.731773,3.3122196
RP11-126O1.6,-1.4474258,1.6000476
CH17-262A2.1,-0.25434297,3.354778
CTD-2281E23.1,-3.3112264,2.7254083
CTB-186H2.3,0.76964617,4.420672
RP5-908M14.10,3.9746566,1.8310401
LA16C-360A4.1,-2.7528152,4.3062725
ENSG00000275440,-5.0362773,4.2896123
RP11-666O2.2,2.6397328,1.6676309
RP11-759A24.3,-5.340375,4.1467733
CTD-2649C14.3,-1.1394202,4.3427963
PTGER4P2-CDK2AP2P2,2.5511506,2.296512
CTD-2026K11.4,2.6508284,1.7543647
RP1-198K11.5,3.899976,1.5917257
RP11-569G13.3,1.9350048,3.316904
RP11-240G22.4,-1.9436687,4.033161
RP11-996F15.4,-0.7264829,3.4571197
ENSG00000275478,-2.534468,4.773667
RP11-334C17.6,-2.3617673,4.557144
RP11-474P2.6,2.6141353,2.6455748
CTC-1337H24.4,-0.3300297,3.7543015
RP11-261P13.6,-1.0759583,3.7834632
RP11-266L9.8,2.73319,1.5872881
CH507-24F1.2,3.80443,1.6732898
RP11-322E11.2,4.880549,3.3697248
RP11-353N14.7,-4.0156784,2.379296
CTD-3154N5.2,-1.013433,1.3307074
CTB-58E17.3,0.49097225,2.7439692
ENSG00000275536,1.9624021,2.7820623
CH17-302M23.1,1.7279215,2.5073762
RP11-353N4.6,-1.9227588,2.8035414
CTD-2311B13.5,-4.9541645,2.7157547
RP11-729I10.3,-4.989895,4.5802264
RP11-930O11.3,-1.3021469,1.5460308
RP5-836N17.4,-1.5949758,3.2061224
RP11-295H24.4,1.6172904,2.633145
RP4-681N20.5,2.6264055,2.3816824
AC011330.13,3.119228,2.1151223
RP11-35J10.6,-4.9127874,5.555405
CTD-3194G12.2,-2.4338965,5.73966
FLJ16779,-2.1978424,3.8852794
RP6-65G23.5,-1.9814868,4.7861886
RP5-967N21.11,2.9825401,2.0905125
RP11-521C20.5,-5.8084955,3.7393584
RP11-16E23.5,-0.43194655,5.3367124
RP11-817O13.9,0.41704693,3.4189034
RP11-286O1.1,-5.264154,5.0119386
CTB-58E17.9,-1.8651989,3.6962795
GATM-AS1,0.4899847,4.4090667
RP11-101E5.1,-3.887733,5.297471
RP4-547N15.3,1.4590393,4.3323984
U47924.32,-0.04340203,3.4543254
RP11-96O20.5,-1.0516967,3.9424045
RP11-257O5.4,-4.59305,4.637139
CTB-147N14.6,3.9160857,1.5868769
CTB-75G16.3,-2.055385,4.4252396
RP4-777L9.3,-2.3194559,4.6175776
RP11-368I7.6,5.1912017,2.9875996
RP11-40E6.1,-4.93608,4.4559746
RP11-131L12.3,0.708852,2.8072073
RP11-582E3.6,5.359046,2.1234162
RP11-54C4.3,4.1964865,1.5720936
RP11-771K4.3,-1.2528064,4.184966
RP11-343D24.2,-5.6773596,5.1536584
ENSG00000275797,1.0694098,2.5151167
AP001059.7,0.4071363,2.6432502
RP11-349H17.2,-3.5282543,2.9134352
RP11-1348G14.8,3.8894844,1.5746664
RP4-697K14.15,-4.061619,4.7490253
ENSG00000275825,2.0878139,2.886466
RP11-403A3.3,-2.9894128,3.1494904
RP11-457M11.7,-0.13241015,2.8899825
RP11-543P15.3,-1.3500526,2.8973086
RP11-278C7.5,3.8136601,2.0889335
AC009133.21,0.48231754,2.567933
RP11-394O4.6,-3.8023298,4.5135655
RP11-90L1.8,4.201706,2.8678558
RP13-516M14.10,3.7730768,1.8046216
ENSG00000275893,-4.953316,4.2924485
RP3-453C12.14,-0.57025933,3.0460873
RP11-94C24.13,2.8130584,3.796181
RP11-497G19.7,2.8692164,3.723704
RP13-1032I1.11,-0.7986282,4.1857963
RP11-680G24.6,1.0647676,2.550215
RP5-837G17.1,-6.133521,3.1426806
RP11-567P19.1,-1.991582,2.4860525
RP1-278C19.8,0.49659035,3.0376873
RP11-104J23.1,-3.6784565,5.8636208
RP11-180M15.6,3.1804757,3.268608
RP11-61K9.3,4.473973,1.7335722
RP11-386M24.10,-5.4501367,4.002395
CTD-2240J17.4,-2.7228346,4.593214
RP11-358L22.3,3.2090354,3.9339395
RP11-397O8.7,-3.6884797,2.1116366
CTD-2027I19.3,-2.53078,3.1361768
RP11-378E13.3,0.7471946,4.3094063
RP11-817G13.3,-4.975187,4.2022696
CTD-3234P18.6,2.2479856,2.6546817
CTD-2012K14.8,1.1164782,2.9182813
CH507-254M2.2,4.169458,1.6436124
RP11-734B5.2,-5.938499,4.1215587
RP5-1017F8.2,-3.4750354,3.813612
AC006538.8,-1.7736435,2.146889
RP11-455O6.8,-1.6609205,1.6714689
RP4-790G17.7,0.53055626,4.439669
RP11-817I4.2,3.0835795,2.6638126
CTD-2008A1.3,-5.3619113,4.1799536
RP11-143E21.3,-4.1910996,4.471239
RP11-481J2.3,2.3029408,1.7315626
RP11-50I19.2,1.1094546,1.8866934
RP11-278C7.4,0.56108946,2.8537478
CTD-2600O9.2,1.5624673,2.3041787
AC124789.1,1.0693258,2.8345203
RP11-687E1.2,-0.97845215,2.9416838
RP11-173P15.10,-1.6309513,4.2712317
CH17-373J23.1,0.8693416,2.4815097
RP4-781B1.5,-3.4842856,4.9421463
ENSG00000276232,-3.3149176,1.6141173
CTB-91J4.1,-4.9560513,2.5309107
RP11-230F18.5,4.30037,2.4234703
CTD-2349P21.12,1.0487413,2.553059
CTB-32O4.3,-3.231563,4.052676
RP11-481J2.4,-0.70902574,3.793121
RP11-1060J15.9,-1.8103596,4.6134915
CH17-80A12.1,1.3414323,3.161913
RP11-403A3.2,-1.5841935,2.9703212
RP11-121C6.5,1.5459054,3.117245
RP11-182J1.3,1.0533326,2.4469035
RP11-210K20.5,-0.30326337,3.0221205
ENSG00000276287,-4.762251,4.229322
RP11-33N14.5,-1.0674647,4.2690105
ENSG00000276297,-3.3502018,4.962906
RP11-116D17.4,3.4767833,3.7388248
RP11-93B14.10,1.2013668,1.7314453
AL133243.1,3.4059908,2.460869
RP11-106D4.2,3.1791785,3.1586196
RP11-395E19.2,-5.3191423,4.010881
RP11-186B7.7,-0.8369699,4.7334847
RP1-197B17.5,1.8657262,2.2306886
FLJ36000,-0.15699895,3.9498389
RP11-1151B14.1,-5.9408937,5.59475
RP11-78O7.3,-2.1903222,4.4760923
RP11-407B7.3,-3.8224938,5.677487
RP11-490B18.5,0.070607044,3.706302
RP11-494G9.1,2.8010252,3.4543924
RP11-157L3.13,-0.6263998,3.5285578
RP11-266K4.13,0.16843961,3.1585598
RP11-144A16.8,-3.730452,5.327055
RP11-391H12.8,-1.6795272,4.7841682
RP11-195L15.2,-0.602614,4.2276573
LLNLR-268E12.1,-0.42863825,3.8022652
ENSG00000276446,-0.4153196,1.3392252
AC004076.5,3.3762047,3.1833305
RP11-493L12.7,-4.8792024,4.0359073
RP11-398A8.5,-1.1922903,1.5530638
CTD-2026J24.1,-4.608718,3.8707185
LINC00540,1.1634142,2.1534646
RP11-417O18.2,-4.8708425,3.4668748
CTD-2537I9.18,2.6708448,2.2026515
RP11-187C18.5,-4.2023125,2.3938758
CMB9-94B1.2,-1.6765183,4.2341332
CTD-3194G12.1,-4.9221587,4.2535377
CH17-353B19.1,2.972538,2.7285602
AL133243.2,4.259115,2.893728
RP11-510J16.6,-4.9410076,4.5354586
RP11-490B18.6,2.0156786,2.4902008
RP11-323F24.3,-0.3776182,4.1333985
RP11-442J21.2,-1.336477,2.8726082
AP001505.10,4.027136,1.7077509
RP11-139H15.5,0.58139926,2.0942726
RP11-115D19.2,-4.3363237,4.233978
CTA-276F8.1,3.3511946,2.5401628
CTD-2587H24.14,4.832286,2.011342
AC002550.6,0.40150887,3.4178834
RP11-128N14.5,-1.7248597,2.7744346
RP11-295H24.5,-2.1030438,4.2638855
RP11-425M5.7,2.2643166,2.6010652
RP5-1016A21.1,-3.1220493,3.8263845
CTB-32O4.4,-4.9209414,4.3984013
AJ011931.1,-2.4737751,3.5397625
RP3-333B15.6,-5.121252,4.1958404
RP5-858L17.1,1.7089064,1.97097
AC007950.2,1.4965272,3.6968563
RP11-407G23.7,0.4041893,2.8464277
RP11-35J10.7,-2.0023222,3.1479428
RP11-142E9.1,4.8368316,2.1255143
RP5-1077H22.2,-5.129312,3.6820626
RP5-828H9.4,-6.0225453,5.509433
RP5-1057I20.5,0.5035098,2.7893252
RP13-977J11.9,-4.100977,4.322733
RP11-468E2.10,1.7443672,2.5635154
RP11-3D4.4,-4.4956822,4.146846
RP11-128N14.4,-1.7235934,2.6896646
RP11-445F12.2,-4.676494,4.4827905
RP1-102E24.10,1.2742101,1.7488326
RP11-1000B6.7,3.374576,2.466328
RP11-123K3.9,-1.110506,4.2852316
AC142472.6,4.1452374,1.8929131
RP11-381O6.1,-0.5208517,3.167865
RP11-500G22.4,-0.9121022,3.938832
CTD-2562G15.3,1.9323034,2.3153636
RP11-461A8.5,-1.5444828,3.3181255
RP11-80I3.1,-4.9074125,3.6708958
RP5-1116H23.5,-2.5517762,4.167627
CTD-2515H24.2,-3.1056862,3.858521
WI2-8325B5.1,-4.706945,3.6530077
RP11-290H9.5,-5.181147,4.567973
CTD-2270P14.5,4.2025566,1.9532403
RP11-8P11.4,-5.6310463,4.865562
RP11-10E18.7,-0.2049314,2.8871148
RP1-228P16.8,2.2033515,2.2085946
CTD-2105E13.16,-5.0563664,4.362952
RP11-713N11.6,-0.08801041,1.485409
CTD-3220F14.3,1.8511168,2.6189172
CH17-360D5.2,1.6100726,2.4778707
RP5-875H18.9,-2.5896437,4.9836507
RP11-305O6.4,1.684261,2.5016508
RP11-478K15.7,-4.925502,2.3620021
CTD-3157E16.2,3.1786304,1.6385715
CTD-2047H16.5,-2.450885,3.9175003
CTD-2358C21.5,-1.3067287,3.614167
AC011718.3,-4.0366716,2.2436383
RP11-244H18.1,-5.1476746,2.8546426
RP11-118H15.1,-5.2840915,3.529397
RP11-467L13.7,4.603593,2.1814046
RP11-230F18.6,1.4705927,2.7545981
RP11-321P16.1,-5.000864,4.315354
RP11-161M6.6,2.1783566,1.8944875
RP11-231E4.5,-1.1488127,3.249665
ENSG00000276938,-0.15733272,1.2487602
RP5-965G21.6,2.788597,1.9586005
RP11-29B2.6,-1.452412,4.031779
RP11-90M2.5,0.4247252,3.2892094
RP11-116D17.5,-5.176686,4.1055627
CTD-3128G10.7,-3.9939713,5.6740594
LA16C-359F1.1,-2.4000142,4.5148873
RP11-321M21.4,-4.720989,3.9948905
RP11-378J18.9,3.223904,2.1824212
RP11-392O17.2,2.4761968,2.6571705
RP11-616M22.12,-2.6284318,4.444414
RP13-895J2.6,-2.781728,4.0920835
XXBAC-B33L19.6,-4.4562097,2.605195
RP11-476H16.1,-0.3437094,4.160466
RP3-453C12.15,0.37752655,4.3424544
ENSG00000277036,3.215834,2.22909
RP11-108H9.1,2.3797693,3.1146705
CH507-254M2.1,3.9555137,1.6071603
RP5-1116H23.6,-5.358426,3.3917933
RP11-146E13.4,4.1351657,3.2985508
RP11-530C5.4,0.2593839,2.5100605
RP11-327J17.9,-1.9385785,4.3235393
RP11-59H7.4,0.3107061,3.4116695
RP11-380B4.3,2.8332381,2.8540494
RP11-622C24.2,1.3550605,2.6661837
RP11-88E10.4,3.500194,3.1708052
RP11-295D4.4,1.0067328,4.320786
CTD-2024F21.1,-1.5133379,4.890731
CTB-58E17.5,-0.37829983,3.986946
RP13-554M15.8,-2.8934639,4.519328
ENSG00000277190,-4.6267915,4.6616807
RP11-14C10.6,-3.8379157,5.6878953
RP11-70D24.3,-4.8797097,4.3181252
RP11-500G10.5,-0.07397649,3.7218852
RP11-578B16.1,-3.563062,5.5959926
RP11-189B4.7,-5.2860217,4.310745
RP11-355N15.3,-4.299548,4.4232893
RP4-550H1.7,-4.0527215,5.102562
RP11-48G14.3,-2.7597585,4.1876936
RP11-153I24.4,-1.2030689,1.6892464
RP11-785D18.3,-3.4855158,1.9408541
RP5-827E24.1,1.5443321,3.1675868
RP1-267D11.6,4.935614,1.892178
RP4-794I6.4,4.5691667,3.1973412
RP11-837J7.4,0.9865031,1.9659477
RP5-1184F4.7,2.2545464,3.776952
RP11-699C17.1,-1.9816546,4.7699027
RP11-850A17.1,1.8975213,3.3093016
AC145123.2,-6.4151225,4.646952
RP11-843B15.4,0.076933734,3.8289595
RP11-395E19.6,-3.394816,5.410485
RP11-325L12.6,-4.5771685,2.616533
RP11-380N8.7,2.4989376,1.5991534
RP11-486I11.2,2.158599,2.097656
RP11-462D18.4,-5.0636787,4.5504904
RP11-318A15.8,-1.6819047,4.8499336
CTD-3001H11.2,2.7213752,1.7039696
RP11-141M1.4,-1.6046337,2.4703693
RP11-101E5.6,-5.3365684,4.0396
RP11-173P15.9,0.3004664,3.2399747
RP5-1116H23.3,-0.85494953,3.780244
RP11-295D4.5,0.8673776,4.288694
CTB-96E2.10,-2.314566,4.0272636
CTC-492K19.7,-1.4863819,4.870613
RP11-732A21.3,1.409314,2.7130487
CTD-3035K23.6,-2.2347028,4.3812547
RP11-147L13.13,4.9313607,1.8993605
RP11-762H8.5,-4.9661765,4.3357677
RP11-676J12.9,0.3727194,3.4129763
RP11-697E22.2,-0.8166633,4.4788494
RP11-278A23.4,-1.6680055,4.7780385
CTD-2095E4.5,2.351124,1.9536698
ENSG00000277517,-1.7409642,3.6289072
RP11-378A12.1,-0.45555946,2.3916821
RP11-9E17.1,4.3277206,1.6900147
RP11-452L6.8,-3.4984648,3.7536142
RP11-73M11.3,0.72780764,4.3484077
RP11-139H15.6,0.95796853,2.0825279
RP5-1057B20.3,0.6342042,4.5838156
RP3-468O1.6,-1.6521242,2.6468523
RP11-434E6.4,0.319621,3.7122319
RP11-545P7.9,-0.44746333,3.6222727
CTC-268N12.3,-6.0583715,3.2940793
RP4-616B8.6,-1.671261,4.469377
CTD-3116E22.8,-4.6749268,4.2388797
RP11-333J10.3,-0.45110992,3.0051148
RP11-946P6.6,1.034308,2.2190373
RP11-961A15.3,-0.5484008,4.4131713
AC005363.11,-4.830852,2.2563093
CTC-276P9.4,-2.2048361,4.9061375
RP11-597M12.2,-4.354137,4.5575995
CTD-2014B16.5,-4.0800996,4.317918
RP11-74J13.9,2.0739667,2.5554845
AC004878.2,-0.6290746,2.488646
ENSG00000277680,-4.5550227,4.9623494
RP11-305D15.8,-1.8312546,2.3504357
RP11-427L15.2,3.3308942,2.4898417
RP11-697E22.1,-1.3218789,4.145733
RP11-358N2.2,-1.0348082,3.8729138
AP003900.6,-1.5361379,4.7056513
RP11-115D19.4,-2.4904099,2.9746192
RP11-734K23.9,5.270957,2.039244
RP11-651L5.3,3.6645262,2.8466225
RP11-143K11.7,1.9954478,2.2725608
RP11-693J15.6,-5.249468,5.7134223
CTC-435M10.12,1.6749413,2.3648803
RP11-60L3.6,-3.787827,5.4090614
RP11-285G1.15,0.5856545,4.6811266
CTD-2588E21.1,-1.9664279,6.313833
RP11-365P13.5,3.386702,3.2393548
RP11-775C24.5,2.7643976,1.8127326
RP11-355N15.2,-5.0730696,4.5119762
RP11-244G12.1,-2.3811526,2.6840577
RP11-681H18.2,3.9901493,1.9074479
RP11-15A1.8,0.9216726,2.986003
CTD-2013N17.7,2.2429016,4.19293
RP5-1054A22.4,-3.320273,4.270615
RP11-269C23.5,-2.578279,4.0215797
RP11-714M23.2,-3.6090484,5.97731
RP11-103B5.4,-0.5355709,2.6341414
RP11-154H23.4,-1.0689183,1.6737902
RP11-282A11.4,-3.1552143,4.0478787
RP11-33N14.3,-0.727964,3.8444405
RP11-129M16.4,3.6816792,1.8600731
RP11-114F3.4,0.28387892,2.7584598
RP5-851M4.1,0.21993983,3.2863505
RP11-333J10.2,-1.964096,2.5941253
RP11-122L9.1,-3.3940892,4.5709796
RP11-4N23.4,-3.4115036,3.9486725
RP5-965G21.3,4.0192814,2.933613
RP11-677M24.1,-2.6779263,4.5871325
RP11-679B19.1,-2.0759883,3.7859774
RP11-45A17.2,2.257223,2.437805
CTB-58E17.1,2.701387,1.7951919
RP11-403P17.6,1.8010362,1.9348872
CH507-338C24.1,4.7388334,2.1256049
RP11-356M6.1,-5.0099645,4.441062
RP11-426C22.8,0.14254943,2.396125
AC139100.4,2.39321,2.1140764
RP11-596C23.2,0.7232324,2.5700815
RP11-900F13.2,-4.8722124,4.2596006
RP1-310O13.13,-2.7274354,3.9051142
RP11-379H8.1,-3.7688193,1.9668912
RP11-120K19.4,1.033586,2.3886192
RP11-35O15.2,-1.1170892,2.6729643
RP11-234K24.6,-4.2416353,5.2192564
RP5-984P4.6,2.3700075,2.0222757
RP11-379L18.3,-2.9980981,3.7717085
RP11-70D24.2,0.02526744,3.3391647
RP11-466M21.1,-4.6087203,4.2531977
RP11-736N17.10,-1.9108695,4.5876703
RP11-248M19.1,-0.8695948,3.824198
RP11-87C12.6,-3.861487,5.2023945
RP11-283G6.6,-4.216503,4.197229
ENSG00000278096,-4.1307173,3.3780625
AC131056.5,-5.187792,4.3966393
RP11-162A12.4,1.1797312,2.519254
RP11-972P1.11,1.383194,2.4223819
ENSG00000278121,-4.972766,4.8228893
RP11-454E5.4,3.7893686,2.8941095
RP11-196G11.5,5.135938,1.9779963
RP11-327J17.8,-5.130844,4.473983
CTD-3028N15.3,-4.499138,4.2034802
RP4-585I14.3,-1.7071608,4.187677
AP001059.6,-0.9643429,1.861884
RP11-632L2.2,-0.8948743,4.1675224
RP5-1056H1.2,2.2496705,2.679215
RP11-152F13.8,-3.2481203,1.8113763
RP1-20N2.8,3.0698583,2.3816638
ENSG00000278208,-5.9125495,3.7186275
RP5-906C1.1,0.1509212,1.5104029
AC020956.3,0.9224728,4.4729247
RP4-668E10.4,-1.9081614,2.8213918
RP1-53O8.2,-3.0609033,2.9097848
RP11-575F12.3,1.4180679,2.5963008
RP3-324O17.8,-3.5129404,4.502305
RP11-172H24.4,4.175285,2.2634277
RP11-326L9.1,-4.7488117,5.457328
RP11-4B16.4,3.0459218,2.3603127
RP5-1142A6.10,3.5122113,2.0788362
RP11-18C24.8,-0.66211885,4.122806
RP11-139E19.3,-4.892281,4.2291203
RP11-372B4.3,0.24632803,3.4095325
RP11-42O4.2,-3.8933315,2.104513
RP11-387D10.4,-5.187629,4.69699
RP11-158I9.8,3.856308,1.87135
RP4-694B14.8,1.9429607,2.4085495
RP11-89H19.2,-1.4993407,5.1813445
RP11-626G11.6,-1.5003674,4.8491673
RP11-74J13.8,4.6708302,2.912429
RP11-120E11.2,-1.2159805,4.398121
RP11-1123I8.1,-3.4907253,3.6125464
ENSG00000278409,-2.3450103,4.076816
RP11-298E9.7,-4.5830064,4.2741265
CH17-270A2.1,-4.738803,4.472089
RP11-709D24.8,1.6097049,3.248458
RP11-255P5.3,-3.377156,3.6744277
RP11-66B24.9,-3.107003,4.6188283
RP11-165D6.1,-2.2489896,2.5390947
RP11-96A15.1,-3.392546,3.7909515
RP11-504P24.9,2.9812648,2.7701867
RP11-74D7.3,-1.2091439,4.2246075
RP11-19E18.2,-1.3700619,2.4981077
RP11-95I16.6,-3.789792,5.090674
RP11-15A1.9,-1.7399911,4.20203
CTD-2382E5.6,-0.6482725,3.6556466
AC068831.16,2.5712316,4.704079
RP11-108K14.12,-3.8704412,5.7571487
RP11-17E3.1,-3.2728748,4.0056148
RP1-41C23.4,-2.288192,4.5025496
RP11-507K2.6,3.27169,3.0456223
RP5-1068H6.6,-4.7795377,4.272346
RP11-81A1.6,5.3746877,2.2374625
RP11-348N5.9,1.7220242,2.5864124
RP11-405M12.3,-1.095169,1.6154348
RP11-467L19.16,-3.455626,5.033922
RP11-506H21.5,0.4885524,3.2809746
CTC-268N12.2,-0.68106997,2.5481756
RP11-159D12.11,-2.761946,4.512829
LL22NC03-23C6.13,-4.9345436,3.7072847
RP11-227G15.11,-0.6691931,3.595092
RP11-104J23.2,-3.6720393,5.702134
RP11-282A11.3,-4.627156,4.327661
RP11-706P11.2,-0.15925016,4.4682226
ENSG00000278711,-4.8433943,4.348569
CTD-2574D22.7,-0.8459576,4.6528687
LA16C-352F7.1,-3.0494215,3.091487
RP11-95F22.1,-3.6122813,1.8452512
AC000403.4,3.1067593,2.4054594
RP11-147L13.11,5.960978,2.3513327
RP11-425D17.1,-0.91072917,4.12988
RP11-325L12.7,-5.3316846,5.749603
RP11-147L13.14,0.31021455,2.855669
RP11-707G18.1,1.2091423,2.4432502
RP5-890E16.5,2.2192667,2.2652416
AC159540.2,2.0090518,2.6901076
CTD-2036P10.5,0.14740363,2.8107996
RP11-468E2.11,4.682173,2.4129288
RP5-1116H23.4,-1.313836,3.860438
ENSG00000278827,-2.3653455,4.0980387
RP11-358B23.7,0.95031667,2.267669
RP11-12J10.4,0.8167715,2.2415679
RP11-458J1.1,4.9871655,1.8555928
RP11-345N11.1,-3.2440846,4.845168
RP11-414C23.1,-2.1954916,4.349319
CITF22-49E9.3,1.1349416,1.8348553
CH507-145C22.3,3.103875,1.716598
CH507-236L23.1,-3.854582,4.419132
LL22NC03-27C5.1,0.6528624,4.424449
RP11-350J20.13,2.3917232,1.7725312
AC005609.17,-3.6628947,1.8975692
CH507-145C22.1,5.431258,2.2651947
AC005609.19,-4.8645115,4.364206
RP11-405M12.2,1.7078748,3.5629394
AC005609.18,-3.6872852,1.9434419
RP3-412A9.17,5.711027,3.1923227
RP11-805F19.5,-2.5492046,5.921797
AC005753.1,-2.65659,4.4222007
BP-21264C1.2,4.843162,2.2337394
CH17-140K24.7,-3.814277,2.293257
RP11-477N12.4,-4.375137,4.017732
AC005609.20,-4.773845,4.672895
CTA-407F11.9,-3.739367,3.597947
RP11-9N12.2,-5.1204624,5.070242
CH507-513H4.1,2.9897375,3.3849669
CTA-243E7.2,-1.1719085,2.5549612
CTC-270D5.2,-3.0964305,4.0808687
CH507-39O4.2,-0.31159714,4.0854974
CH17-140K24.5,-2.346044,4.042127
RP11-287D1.2,0.83719414,4.36227
RP13-580B18.4,2.0712397,2.040254
CTA-228A9.4,5.8203616,3.1538224
CTA-243E7.4,4.387735,3.3601778
CTA-243E7.1,4.974963,3.310754
LINC01451,1.0823535,1.7222366
RP11-547D13.1,3.6235907,2.7596889
RP1-163M9.7,-5.3638325,3.4207928
RP3-394A18.1,6.072039,3.0327616
RP11-514P8.10,3.0980275,2.5266726
CTA-414D7.1,3.3197017,4.3702874
XX-C00717C00720L.1,0.022435213,3.3717198
RP5-991G20.6,-4.262501,4.497685
CTA-212A2.3,5.6722016,3.2335618
CTC-463N11.4,3.344421,1.7657181
AC063980.3,-4.971558,5.349216
RP11-491F9.1,2.8202834,3.0777595
RP11-861A13.2,3.6647882,2.5715973
CH17-264L24.1,5.5145354,2.9524293
CTA-221G9.11,1.093303,4.2994623
AC006994.2,-0.8956771,4.0367265
RP11-555K2.4,-5.2989445,3.684658
RP11-24H2.3,-5.0447183,4.3875637
RP11-677M14.8,4.3150487,2.2453187
RP3-522J7.7,3.3462176,3.6651185
CH17-140K24.6,-2.2323077,4.0843935
CTA-992D9.11,-0.56884027,3.221489
LA16C-60D12.2,5.2644677,3.4837608
CH17-335B8.4,-3.47063,4.5842733
RP11-157H4.1,-2.030595,2.0611346
KB-1125A3.12,4.278499,3.432183
CH17-140K24.4,-2.9708989,4.4816737
RP11-494O16.4,1.5293683,4.506809
BP-2171C21.3,-1.5409541,4.9448433
CTD-3222D19.8,4.2934136,2.124997
CTA-243E7.3,1.2707331,4.394018
CH17-140K24.1,-5.626086,3.4690053
RP11-56D16.8,0.30566552,3.4531417
RP4-566L20.1,-1.7217263,1.9956974
RP11-348J12.5,-2.7574682,4.360343
RP11-254F19.4,-3.071893,3.087695
RP11-399C16.3,-0.18656993,3.3507679
LINC00216,3.3166358,3.0414143
RP1-78B3.1,4.676849,3.3959844
RP11-389G6.4,-4.8975224,3.871146
CTC-304I17.6,2.9932847,3.3998246
RP11-717F1.1,-4.6047773,5.6818175
CTA-280A3.2,-1.0584284,2.8455966
CTA-212A2.2,3.3257296,4.0598593
AC005609.16,-2.0244906,4.0360837
ENSG00000279731,-5.673725,4.8921547
RP5-1014D13.2,5.923016,3.0625992
RP11-33H15.1,-3.2672007,4.08269
CH507-210P18.5,-5.214704,4.504631
RP11-227G15.12,2.6629257,3.1802483
CH507-39O4.1,-1.8816812,4.7286735
RP4-742C19.13,4.2982526,2.1951904
CTA-992D9.9,-5.6281466,3.799246
CH507-216K13.2,2.2648027,2.4068363
AC005618.9,-3.7442079,2.109329
ENSG00000279902,1.1390747,4.5411553
CTA-992D9.10,-4.2774067,3.1174846
CTA-212A2.4,3.1638305,3.757632
RP11-349F21.2,0.06804956,3.3977733
RP11-10A14.9,-4.2935534,5.4224005
WI2-85898F10.2,-1.1561464,4.000916
ENSG00000279969,-4.592962,3.5783253
SC22CB-56B3.1,-4.455875,5.340974
ENSG00000279974,-5.05622,3.0065935
AC008103.4,-4.980004,2.484132
CH507-210P18.1,-4.363067,2.784771
RP11-9N12.3,-5.8719826,3.6478739
AC008079.10,5.5625415,3.2365723
RP4-671O14.7,5.3079157,3.3227155
CH507-154B10.2,3.8156424,1.7961956
CTA-992D9.8,2.9747348,3.088803
AC005618.8,-2.6019862,4.114628
CH17-140K24.2,-3.5664463,1.8565562
ENSG00000280030,3.9262125,2.843266
RP11-540O11.8,-0.76530486,2.618992
RP1-127M18.1,-5.029241,4.301443
RP11-385H1.1,2.0258374,4.108258
RP11-1228E12.2,-4.702608,3.8680594
CH507-154B10.1,4.710326,2.167307
CH507-254M2.3,3.4581892,1.7590061
RP11-151A6.6,3.148229,3.3480067
XX-FW83563B9.5,4.7855,1.8039573
RP1-34P24.3,-4.4678693,2.7143416
CTB-193M12.5,4.508372,1.7735398
RP11-423H2.4,-4.5245442,3.6837718
CTA-722E9.1,-1.2104807,2.58663
RP11-290O12.2,-5.1065354,5.289184
ENSG00000280271,-5.1554623,3.8923926
AF131216.7,2.3145888,1.7323794
RP11-583F2.7,-3.382769,1.5628258
CH17-140K24.3,-2.6250339,4.094481
LA16C-60D12.1,4.847583,3.500063
RP1-101G11.3,3.1395197,3.7747397
RP11-327L9.1,-4.9855423,4.477588
RP11-804H8.7,-2.0375452,2.1947086
CTA-941F9.10,5.7152877,3.1227283
RP4-695O20.1,2.1834378,4.0631146
RP5-898I4.1,2.6169395,3.9783297
AC007326.10,-3.50218,4.1056476
RP11-446E24.3,-5.4237094,3.8949828
RP4-671O14.6,5.2807336,3.1999226
CH507-528H12.1,5.335614,2.1966517
RP1-205F14P.1,-4.0752234,4.6747866
RP11-252M24.1,-4.8488274,4.2681036
RP11-216B9.8,1.3442878,4.49489
ENSG00000280482,-0.099025324,4.462603
ENSG00000280484,-0.72879004,4.3533506
RP11-437J2.4,-4.0161824,3.058865
LLNLR-307A6.1,3.8718216,3.14977
ENSG00000280491,-5.386163,2.949352
RP11-35J1.2,-4.5996227,6.7654657
ENSG00000280513,-4.495569,3.9250278
ENSG00000280532,-2.2557163,4.280713
ENSG00000280538,-4.621425,4.2944193
ENSG00000280542,-5.139669,4.8610864
ENSG00000280552,-4.9777274,2.9204283
ENSG00000280556,-2.6533356,4.0800285
ENSG00000280559,-1.6357847,1.541366
RP11-383C5.8,-3.1005783,4.775888
ENSG00000280579,0.46143594,4.4668474
ENSG00000280582,2.2198305,3.3721607
ENSG00000280590,-3.24509,5.1217694
ENSG00000280591,-3.3143406,1.5998107
ENSG00000280593,-0.70257485,4.388354
PCBP3-OT1,1.737934,2.365266
AC009133.24,-4.944613,4.485306
ENSG00000280611,-4.884773,4.396529
CH507-513H4.4,6.676895,3.0612803
ENSG00000280619,-3.4157367,5.0362473
ENSG00000280621,-4.620789,4.570616
ENSG00000280629,-0.12911654,4.4564867
ENSG00000280631,-0.124698,4.462338
ENSG00000280647,-4.7331448,4.5066557
RP11-437J2.3,1.8386862,3.4083877
ENSG00000280666,-3.861767,4.94448
ENSG00000280691,-5.759639,4.2947273
ENSG00000280695,-4.935686,3.2733736
ENSG00000280701,-4.8149886,3.0043256
RP11-275E15.3,-5.1690454,4.421013
ENSG00000280705,-1.0971812,3.863479
HPAT5,-4.554679,6.8776336
ENSG00000280708,1.0241855,1.9304005
RP11-214F16.8,-4.612344,4.540283
ENSG00000280722,-1.5139215,4.031284
ENSG00000280726,-3.9422615,4.525629
ENSG00000280735,-6.289732,4.581868
ENSG00000280748,-0.09330743,4.4724607
ENSG00000280749,-4.9470797,4.541874
ENSG00000280750,-1.1378903,3.7380445
RP11-216B9.9,1.4325321,2.888782
ENSG00000280765,-4.1652484,3.723539
RP13-465B17.5,-2.3209643,4.2709165
ENSG00000280769,-2.217276,4.3083925
ENSG00000280770,-1.03365,2.8005064
ENSG00000280786,-5.8946996,4.4079194
ENSG00000280792,-4.2989907,4.2165504
ENSG00000280797,1.9933136,3.9346163
CH507-513H4.6,6.675384,3.0640604
ENSG00000280821,-1.7809209,4.000436
ENSG00000280838,-5.9839587,3.184063
RP4-655C5.9,0.24142769,4.320583
ENSG00000280853,-3.2100825,5.131084
ENSG00000280864,-5.4263167,3.9212155
MIR325HG,2.193027,3.2774436
RP11-68E19.2,-0.044117156,3.2986705
ENSG00000280880,-2.587789,4.1246004
RP11-275E15.2,-3.361201,5.0461144
ENSG00000280883,-1.8346233,1.8832487
ENSG00000280891,-5.6094427,3.2967315
ENSG00000280892,-4.7631264,3.2938852
ENSG00000280898,-3.4954786,3.9272976
ENSG00000280906,-0.019186156,3.8926282
HPVC1,-5.491181,3.6507185
ENSG00000280928,2.530815,3.8071768
RP11-358D14.3,-2.7777998,3.764609
ENSG00000280943,-4.083406,3.9035087
ENSG00000280944,0.08118676,3.514081
ENSG00000280971,-4.2552304,4.20277
ENSG00000280972,-5.723862,4.7353168
ENSG00000280980,-4.0393543,3.9018433
ENSG00000280984,-4.477155,3.330044
ENSG00000280994,1.0716357,2.3884332
ENSG00000281009,-3.3686347,1.6242933
ENSG00000281015,-3.1081674,2.8019724
RP11-2H3.7,0.4090526,2.9913778
RP1-12G14.9,0.796424,2.9287722
ENSG00000281036,-5.679278,3.8285742
ENSG00000281048,1.4061929,4.512904
ENSG00000281053,-3.9105287,5.681252
ENSG00000281081,-4.750803,4.6099167
ENSG00000281082,-1.1499085,3.8343992
ENSG00000281086,-4.795469,3.1823344
RP13-349O20.2,2.4561057,2.164787
ENSG00000281094,-0.12065961,4.4673157
ENSG00000281099,-3.3116033,1.5812018
ENSG00000281102,3.0069582,1.9423496
ENSG00000281104,-4.5936575,3.8761072
ENSG00000281111,-3.6904747,5.953222
RP11-294C11.6,-4.8563547,4.677744
RP5-1093G23.1,-3.8650932,3.09949
RP11-333B11.1,-2.9369297,3.5740256
ENSG00000281161,-3.9099429,4.354142
ENSG00000281163,-1.7989388,4.566084
RP11-285E18.2,-5.917511,3.0649357
ENSG00000281180,4.249001,3.4368248
CH507-513H4.3,6.6677203,3.0618353
ENSG00000281188,-2.2733743,4.3323736
RP11-236P2.2,3.4321568,2.6985643
ENSG00000281210,-4.60071,4.812914
ENSG00000281225,-3.2709548,4.625789
ENSG00000281232,-4.710289,4.0704975
ENSG00000281249,-3.6453927,5.7532945
ENSG00000281256,-2.7917726,4.464743
ENSG00000281263,-3.349596,5.0174522
ENSG00000281266,-4.5599523,4.7872586
ENSG00000281268,-5.741152,4.2797155
ENSG00000281274,-3.1732297,4.644771
ENSG00000281296,1.5090724,4.205943
RP11-900F13.3,-0.519701,4.1955724
ENSG00000281349,-3.7111065,4.2720284
ENSG00000281354,-1.7666601,4.317721
ENSG00000281360,-4.9164987,4.5200353
ENSG00000281362,-4.875905,4.2965746
RP5-991B18.1,-6.2285085,5.431807
ENSG00000281367,-5.9853764,5.87333
ENSG00000281377,-4.9510465,4.28089
ENSG00000281382,-3.9326227,3.7914367
CH507-513H4.5,5.7648,3.1753013
ENSG00000281384,-2.8119311,2.7970746
RP11-237N19.3,-3.6751504,5.1228013
LINC00506,5.7787223,3.3552206
ENSG00000281396,-1.3574106,4.48854
ENSG00000281400,0.7831976,2.7304602
ENSG00000281401,-5.1551065,5.124102
ENSG00000281410,-3.4525015,3.9323444
ENSG00000281416,-0.35331887,3.8903823
RP5-991B18.2,-6.199772,5.4580293
ENSG00000281464,-1.6239976,1.5689442
CTC-459F4.9,2.8253381,1.9178413
ENSG00000281470,-3.4569283,2.660809
ENSG00000281498,-3.695576,2.0807273
ENSG00000281507,-5.342793,4.001439
ENSG00000281513,-4.021332,3.9784753
ENSG00000281521,-1.5244408,4.9205756
DGCR12,1.7325506,2.7878358
RP4-669P10.20,-1.9656854,4.0645757
ENSG00000281542,-1.2533242,3.6934738
ENSG00000281556,0.38136947,1.4812741
ENSG00000281564,-0.122497626,4.4376893
RP11-485F13.1,-4.483594,6.622807
ENSG00000281582,2.2613573,2.495073
ENSG00000281604,-4.351805,2.5911942
ENSG00000281609,-4.699101,3.404086
ENSG00000281624,-1.2179948,4.285806
ENSG00000281625,-5.4004703,4.6328015
ENSG00000281644,-0.26691034,3.9382613
ENSG00000281645,-3.917665,5.6611643
ENSG00000281648,-2.2324498,3.3258524
ENSG00000281650,5.466921,2.7328582
ENSG00000281654,-0.118956946,4.4519663
RP11-817J15.3,-3.92659,5.6085014
ENSG00000281658,-5.5749702,5.0815644
ENSG00000281671,-3.8351905,3.5826552
ENSG00000281677,-0.3846982,3.7526996
ENSG00000281693,3.9391127,2.421752
ENSG00000281704,-5.802304,4.517161
LINC01012,4.3166227,2.6805577
ENSG00000281723,-3.860274,5.625688
CTA-299D3.8,-3.5506124,2.5331373
ENSG00000281734,0.529981,2.4049137
ENSG00000281740,-1.250944,1.7043383
ENSG00000281750,-1.1988753,3.763842
ENSG00000281753,-5.002385,3.4855728
ENSG00000281761,-2.923521,4.0837893
ENSG00000281767,-4.9826245,4.7367735
ENSG00000281770,-4.77421,4.386214
ENSG00000281788,-2.2169158,3.2286613
ENSG00000281803,-3.3276584,4.7715764
ENSG00000281806,-4.699537,3.1643517
ENSG00000281821,-2.3191218,4.305029
ENSG00000281830,-4.997312,4.3734727
HCP5B,-1.3332505,2.6183076
ENSG00000281833,2.9475381,3.7229214
ENSG00000281836,-0.39799726,3.678218
ENSG00000281837,-4.92028,4.5039377
RP13-465B17.4,-0.5754207,4.4540043
ENSG00000281853,0.46824625,4.6180134
RP11-744A16.4,-0.11514098,2.742859
ENSG00000281860,-2.6371431,4.9048543
ENSG00000281870,-5.963919,3.924826
ENSG00000281898,1.0341787,1.6490374
CH17-132F21.5,-5.4522524,2.9958677
ENSG00000281908,-4.609633,4.177666
ENSG00000281914,-2.8428416,3.831754
ENSG00000281916,-3.2153463,5.0955367
RP11-418H16.1,-6.130588,3.1824412
ENSG00000281928,-4.8320575,4.4543643
ENSG00000281936,-4.4736714,5.3984613
ENSG00000281942,-0.59633017,3.6648915
ENSG00000281945,-1.7106215,2.1814933
ENSG00000281949,-1.8278322,2.439018
ENSG00000281951,-0.37545693,1.2970209
ENSG00000281953,-4.16128,3.6309385
ENSG00000281954,-3.662508,2.0373886
ENSG00000281960,2.1917377,2.3393257
AF067845.3,-4.3183937,3.9251962
ENSG00000281980,-4.7769623,5.245861
ENSG00000281982,1.0001085,1.6418985
ENSG00000281993,-4.6681914,5.3988843
ENSG00000281995,-4.895037,4.5044475
ENSG00000281997,-3.7427273,3.0825434
ENSG00000282002,-3.3430371,1.6172384
LL22NC03-N95F10.1,-4.6624303,6.5937376
ENSG00000282020,-4.6418166,2.6152675
CTD-2336O2.3,1.2977709,2.8523707
RP11-259O18.5,-2.548463,4.0570984
RP3-467D16.3,4.656986,2.9418056
ENSG00000282027,0.6932292,4.2503057
ENSG00000282028,-4.8152537,4.26104
ENSG00000282029,-3.4464655,2.7748747
ENSG00000282030,-5.0299883,4.795213
RP11-506F3.1,-2.15322,3.96647
CTA-286B10.8,-4.3392534,3.5670197
ENSG00000282043,-6.045938,3.3208354
ENSG00000282044,1.3096668,3.3633146
RP4-590F24.2,-4.6085877,6.720232
RP4-621F18.2,1.2847434,2.611953
ENSG00000282071,-3.699246,5.666322
RP11-69M1.8,-5.2823043,4.6370277
ENSG00000282083,0.47571522,4.326825
ENSG00000282091,5.2033854,2.0317495
RP4-781K5.7,-3.5937285,5.808715
ENSG00000282101,-1.6979246,4.6026697
ENSG00000282103,-5.624167,5.181105
ENSG00000282113,-4.5875597,6.3609934
RP11-388P9.3,-6.391716,4.5899496
ENSG00000282124,2.2866433,2.9308968
ENSG00000282128,-5.8470235,5.2601485
ENSG00000282135,-1.5765991,1.5574013
ENSG00000282141,-4.3102627,4.0878234
CH17-174L20.1,-4.728957,5.238373
RP1-163M9.8,-1.0643637,4.1951165
ENSG00000282146,-0.52216977,3.825934
ENSG00000282155,-2.4806895,6.1306076
AF067845.2,-3.6313157,2.978877
ENSG00000282165,-3.8713791,5.716359
ENSG00000282166,-5.1471543,4.4431763
ENSG00000282167,-3.429703,1.7359798
ENSG00000282176,0.047609657,2.7912338
ENSG00000282189,5.180347,2.301583
ENSG00000282191,-3.815695,3.1306946
RP11-527L4.5,-3.3067424,1.580236
ENSG00000282201,-2.351797,4.561109
ENSG00000282202,2.7460022,3.3399246
ENSG00000282205,-2.3330014,4.9362855
ENSG00000282207,-3.308197,1.6166551
ENSG00000282217,-3.074027,3.5487354
ENSG00000282220,-1.8703734,4.6765947
RP11-27G14.4,-2.0879853,5.2841125
ENSG00000282229,-0.8388423,1.5867178
ENSG00000282231,-0.8819655,1.6041461
ENSG00000282233,3.5272844,2.5710678
ENSG00000282237,-2.4725091,5.885562
ENSG00000282241,3.41,2.6508281
ENSG00000282245,-3.26132,3.5343254
ENSG00000282255,0.3448418,4.335508
ENSG00000282257,-4.5524573,4.0227985
ENSG00000282260,-3.2782664,4.9317913
ENSG00000282261,-3.501999,2.9782846
ENSG00000282263,-5.398099,3.9782093
ENSG00000282264,-4.7610536,4.4905424
RP11-199H2.2,-5.664646,5.043434
ENSG00000282279,-6.246946,4.5981603
ENSG00000282280,-5.6513996,3.4971695
ENSG00000282287,0.4380727,1.8965061
RP11-1223D19.3,-3.3723536,1.6498997
ENSG00000282309,-3.7081697,4.218097
ENSG00000282313,-4.8024244,4.751216
ENSG00000282314,-5.198854,3.73767
RP11-173A6.3,-4.8954196,2.871919
ENSG00000282325,0.646705,3.3784456
ENSG00000282330,3.746523,1.7612914
ENSG00000282332,1.4452528,2.5867803
ENSG00000282334,-3.3357992,5.1228256
ENSG00000282341,-5.6053696,3.376438
ENSG00000282347,-1.9796958,4.125778
ENSG00000282348,-4.924095,2.577738
ENSG00000282357,-4.99929,4.7393723
ENSG00000282361,-6.42474,4.6156707
ENSG00000282370,-5.2533636,4.4274564
RP11-43A14.2,-3.2539914,3.4772966
RP11-328P23.4,0.860875,3.05596
ENSG00000282384,-5.601402,4.15244
ENSG00000282385,-1.5288444,2.749394
RP11-422P24.12,3.0905752,2.5539856
RP11-29A19.2,-2.91789,4.0199265
CTD-3113P16.11,5.197081,2.1231754
ENSG00000282397,-5.7666264,3.6972003
ENSG00000282405,2.719516,3.217976
RP3-335E1.1,-5.183024,4.6440187
ENSG00000282412,-4.88038,4.4547386
RP11-496N12.9,-1.4035878,1.6052881
ENSG00000282426,-3.2161796,5.604652
ENSG00000282427,0.57819206,4.447565
ENSG00000282428,-4.0760646,3.7124052
ENSG00000282433,-4.6568913,4.683859
ENSG00000282438,2.3824654,2.8883426
RP11-605B16.1,-4.876073,4.1801996
ENSG00000282443,-5.113757,4.432749
ENSG00000282446,0.8668489,4.362216
ENSG00000282450,0.8111331,4.2616096
ENSG00000282454,-1.5040925,4.9108887
ENSG00000282464,2.2110653,2.0875154
ENSG00000282472,-3.4432964,2.8193886
ENSG00000282474,-1.181734,1.5860622
ENSG00000282477,-5.6103454,3.361078
RP5-1128N12.3,-5.064137,4.521061
ENSG00000282484,-1.3373573,1.6387087
ENSG00000282491,2.6880052,2.7045362
ENSG00000282493,1.488469,2.9082718
ENSG00000282494,3.6107967,1.6250867
ENSG00000282498,-2.2377794,6.230782
ENSG00000282503,-3.5907102,2.7701666
ENSG00000282507,-3.5977583,3.0720508
ENSG00000282515,-3.4857643,2.7169437
ENSG00000282518,-2.0787961,2.7307873
ENSG00000282519,-2.237757,4.9114704
ENSG00000282523,-6.1995473,4.559326
ENSG00000282524,-3.5246816,4.37738
RP11-389G6.5,-4.9984455,4.203352
AC092192.1,0.08728246,2.6991649
ENSG00000282538,-4.3348746,4.191822
ENSG00000282539,-5.429471,3.5822015
ENSG00000282546,-1.9301008,2.47158
RP11-304C12.5,3.4681845,2.8657975
ENSG00000282557,-2.4596725,6.1384563
ENSG00000282563,-4.979358,4.5619016
RP4-553F17.1,-0.48192787,2.928954
ENSG00000282570,-2.064894,4.4040174
RP11-482G13.1,-0.11012141,1.4273379
ENSG00000282573,-0.08515892,2.8225517
ENSG00000282574,-1.1563833,1.4730053
ENSG00000282575,-2.1938493,3.292551
ENSG00000282580,-3.8661346,3.8494897
ENSG00000282588,-5.537468,3.1182296
ENSG00000282590,0.8857512,4.3611856
ENSG00000282598,-1.741966,3.5558934
CTA-286B10.7,-1.0277241,1.3649975
ENSG00000282613,1.8024733,2.026837
ENSG00000282617,-2.5535402,4.9469624
ENSG00000282632,-4.819512,4.0488877
ENSG00000282636,-2.0428069,2.599637
ENSG00000282638,4.562258,1.7818689
ENSG00000282645,-4.764063,5.321089
ENSG00000282658,-5.5947633,3.5003326
ENSG00000282661,-4.625933,3.51853
ENSG00000282670,-2.105405,4.2299247
ENSG00000282685,4.375728,1.9086295
CH17-31A6.1,-1.247398,2.635305
ENSG00000282690,-2.9388156,1.7896096
CTD-3212A4.2,-3.47694,2.9699192
ENSG00000282717,0.9392431,2.6064708
RP11-348H3.8,-4.5063944,5.8086424
ENSG00000282720,-3.1858327,5.5887136
ENSG00000282727,4.615769,2.269712
ENSG00000282734,-3.291586,2.7241707
RP5-1182A14.7,-2.0853467,4.2696233
ENSG00000282744,2.7310386,3.3973877
ENSG00000282746,-2.2813578,4.367459
ENSG00000282747,-5.1161633,4.471026
ENSG00000282749,0.6815523,3.1631753
ENSG00000282753,-5.3268213,4.4745207
RP11-555E9.1,-4.52702,5.212408
ENSG00000282763,-4.8964305,2.5487132
RP11-753C18.12,2.869164,3.5630777
ENSG00000282781,-3.62752,3.534851
RP11-151A10.3,-1.3616877,4.841221
ENSG00000282788,5.4460406,1.9466983
ENSG00000282790,-5.2684426,4.0135555
RP11-14C10.4,-3.6644475,5.7493315
ENSG00000282805,-0.53564566,3.001078
ENSG00000282806,0.7635214,4.246605
AC008993.3,-4.1907053,2.3409228
ENSG00000282814,1.7791312,2.1173792
AC000035.3,-4.9230075,4.367796
RP11-443F4.1,-1.8257096,6.1492367
RP11-369J9.1,-3.9956036,4.7150207
GS1-590J6.3,-1.0320052,4.0305376
RP11-380J14.4,-5.154006,3.9881592
ENSG00000282846,2.1760013,2.882155
RP11-121P12.1,-2.8259645,4.8140306
CTA-250D13.1,-4.575494,3.7952356
RP11-153F10.2,-4.5796084,3.8550072
RP11-90J7.3,-2.3682175,6.2545013
ENSG00000282869,1.4314548,4.2013574
ENSG00000282874,-1.9768462,4.0290475
RP1-138B7.7,-1.6392038,4.5219617
RP11-477N12.6,-4.6024265,3.676074
RP11-596C23.6,5.298007,2.5124662
RP11-470L19.6,-4.957526,2.3322933
RP11-460M2.1,-5.896147,5.124734
RP4-726F1.2,-4.7054653,2.9568422
RP11-731J8.3,-4.3597517,5.1867886
RP11-252C24.3,-1.9183513,2.757787
LA16C-407A10.3,-0.15427575,4.006487
RP1-138A5.3,-4.7562637,4.108638
RP11-205A8.4,-1.5530105,2.6213315
RP11-121C2.3,1.5086509,3.2483058
ENSG00000282923,-2.3979971,2.818028
CTD-2195M15.4,-5.343658,3.8821979
ENSG00000282938,-5.1619377,4.6478257
CTC-490G23.6,-1.4741701,3.0443814
RP11-1216L17.1,-4.0446286,5.4029827
RP11-174O3.6,-3.8031602,4.651448
CTC-490E21.14,1.8891975,2.3913803
RP11-17G2.1,-4.9965887,4.2402334
ENSG00000282959,-2.7525055,2.8804483
RP11-438H24.2,-4.841391,2.512698
RP11-683L23.7,-5.504914,4.1937456
ENSG00000282969,-2.0285432,4.0719733
ENSG00000282971,-6.005987,5.795609
ENSG00000282976,-4.490406,4.199326
ENSG00000282979,-1.0383015,3.8079276
RP11-901H12.1,-1.3985697,2.9782481
ENSG00000282990,-1.3414904,4.827582
RP11-95C14.1,0.59243774,4.3399096
RP11-152D8.1,-5.9864964,5.7058535
RP11-317C20.9,3.5535104,3.4675436
RP11-418I22.3,-3.7359834,6.00074
ENSG00000283007,-5.072178,5.695825
RP1-273N12.4,-2.6752517,4.0943046
ENSG00000283012,2.3820934,3.8199
ENSG00000283015,-4.9637513,2.6651533
RP11-477N12.5,-0.60133284,3.3269625
RP11-557N21.1,0.83403087,2.8879852
RP11-219A15.5,-4.5557323,3.2499356
RP11-357P18.3,-1.933877,1.7430757
RP11-764D10.2,-1.1296012,2.5969927
ENSG00000283049,-1.3534508,4.5961905
RP11-30G13.1,-4.6384163,3.9716384
ENSG00000283055,-1.4326073,2.4050736
RP11-358H12.1,-3.4744678,2.7618272
ABC7-481722F1.2,-2.2134078,2.2191787
RP1-221C16.8,3.758,2.7203214
RP11-359G22.4,-5.138152,2.6093678
RP11-124N19.4,-3.9519246,4.9102015
ENSG00000283077,-0.31623933,4.0105658
RP11-11M20.4,3.0142906,1.8643246
ENSG00000283081,-5.129555,4.075333
ENSG00000283089,-1.0803434,3.8500698
ABC11-4932300O16.1,-4.6722016,5.4583745
RP11-157J13.1,-4.7347026,2.52638
RP11-964E11.3,-3.8924992,5.236271
ENSG00000283102,-5.3318467,4.8169227
LLNLR-245B6.1,5.888771,2.4038315
CTC-325H20.8,-1.3922716,3.8620327
ENSG00000283109,-1.8058408,3.3437688
ENSG00000283112,-2.813421,5.157306
MGC4859,-1.0745687,3.8150942
RP11-107E5.4,-1.1341218,2.1518779
ENSG00000283121,-1.7068313,1.8507674
RP11-299P2.2,-1.9346719,2.347577
RP3-488M23.3,-1.6096879,1.8136499
RP11-456N14.4,0.80810034,4.1278806
AC011380.9,-0.8937759,1.416296
RP11-85M22.1,-5.559526,5.275065
RP11-499P1.2,-2.2017884,6.2669387
RP11-208N14.5,0.5275992,3.2589002
RP11-1263C18.2,-2.5345783,3.7232962
RP11-347L15.1,-1.7751973,1.6432589
CTC-591M7.1,-0.7091568,2.9493937
RP11-472I20.3,-4.221834,4.1298327
RP11-297M9.2,-5.2303505,4.185792
RP11-844P9.6,-0.15352729,3.9593925
RP11-239A17.1,-5.958147,5.5439916
RP5-968D22.1,-5.5232697,4.0883365
AC007491.1,-5.3990536,3.0339606
ABC14-1188822O7.1,-3.7891953,5.192297
ENSG00000283260,-3.3341143,1.5876267
RP11-95M15.3,0.8842246,3.2743485
RP11-386E5.1,-5.796946,4.444319
ENSG00000283287,-3.5904973,1.8782037
RP11-681B3.4,2.2839808,2.3004458
RP11-109E12.5,-3.9157543,2.2907398
ENSG00000283315,-5.3128004,4.2319026
RP11-122G18.11,0.6061443,2.8140855
RP11-472I20.4,4.4074335,2.188134
RP11-569D9.6,-2.4356241,6.111683
XXBAC-BPGBPG55C20.4,2.032346,2.1714199
RP11-122G18.10,-1.5764517,2.40966
RP11-613D13.10,-0.5190821,3.8525732
RP11-274G22.1,2.7708616,3.6630104
RP11-499F19.3,-4.519521,4.3266654
RP11-153I24.5,2.3027093,4.074377
RP11-588H7.1,0.24939863,3.0412257
RP11-203E14.1,-4.8367896,4.3800297
AC005307.5,-2.117699,6.1410336
RP5-872K7.8,-2.9887865,3.385901
RP11-48C7.8,-5.2332554,4.168379
CTB-76P12.1,-3.6917334,4.7201123
RP11-413N10.3,1.4583625,3.1810834
RP11-118G23.3,-1.6535399,2.7728298
RP11-26L20.5,-4.774188,4.797766
RP11-63G10.4,3.2309399,3.2929862
RP11-53L24.2,-5.2491007,2.7691746
RP11-1I2.1,-4.955056,4.2994485
RP11-411G2.2,-4.8506265,3.6479154
CTC-445B21.1,-2.7895024,2.9748125
RP11-204E9.3,-5.3403187,3.4471984
RP5-958B11.2,-6.153068,5.7884145
RP11-465C12.1,-6.120641,5.9005256
RP11-180P8.1,2.2029443,3.0835958
RP11-52E20.1,-4.6664295,2.8481467
RP11-505D17.1,1.2299513,2.2430923
RP11-344J7.3,-4.442967,3.8851397
RP11-545M8.4,-3.771034,4.679219
RP1-111D6.5,-2.1784723,2.9526932
ENSG00000283624,-5.534428,3.3611398
RP11-151G14.2,-3.9674373,5.482882
RP11-361H10.7,-1.4981769,3.5268688
RP11-1037J10.1,-5.864714,4.060977
AC005301.9,4.819165,2.7235045
RP11-5O24.1,2.9654162,3.7635543
AC002407.3,-4.472783,6.3521256
RP11-265B7.1,-4.0601397,5.220963
RP5-958B11.1,-4.893187,5.130784
ENSG00000283651,-5.5227685,5.0435686
RP11-57A19.7,3.0913665,3.4919763
RP11-793J2.1,0.37877628,3.3673728
RP11-419I17.1,6.1370783,3.1238716
AC013271.5,-4.394648,4.5095615
RP11-434E6.5,-0.14122488,4.1585264
RP11-158M9.1,-2.8912635,4.2870994
RP11-122G18.12,3.236163,2.3064613
ENSG00000283730,-5.011334,3.74675
RP1-230G1.7,-1.0491283,1.3830968
RP5-981L23.7,-1.9317867,3.9944317
AC141930.3,-3.607834,4.943699
WI2-1959D15.3,-3.6446211,5.135957
ENSG00000283778,-4.7842927,5.101042
RP11-98F14.12,2.1916754,1.9564464
RP11-363K21.1,0.10686795,1.3374943
ENSG00000283841,-5.856037,3.56506
ENSG00000283843,-0.6290551,4.2140245
RP11-331G2.7,-0.05698285,2.483296
ENSG00000283895,-5.0835524,4.6842766
ENSG00000283896,-5.255354,5.108754
CTB-88F18.5,2.2361522,3.6995366
ENSG00000283901,-4.619774,4.396811
LLNLF-96A1.1,6.487098,2.9052305
ENSG00000283910,-4.608337,4.063631
RP11-479O17.12,-0.307897,3.5052004
RP11-219G17.9,-5.2542434,3.8933728
ENSG00000283917,-5.071747,5.342179
ENSG00000283925,-0.90672493,1.3919255
KB-1042C11.5,2.980849,1.823079
ENSG00000283962,-4.7255855,5.083032
RP5-848E13.4,-1.847268,3.4777498
RP11-495L19.1,-1.516318,3.1494503
RP11-42B7.1,-3.7899356,5.71611
AC079584.3,-0.4484624,1.6804323
RP11-470L19.7,-3.8870673,4.4679136
RP11-511P7.6,1.8997401,2.007915
RP11-284E5.1,4.7445,3.027186
KB-1995A5.5,3.3292236,2.1012907
ENSG00000284072,-4.968189,4.2456956
ENSG00000284075,-1.8037839,2.9479885
ENSG00000284115,-0.47808224,4.2831297
RP11-204M4.4,2.8828702,1.7876779
ENSG00000284131,-3.9178736,5.6751046
ENSG00000284136,-4.241703,2.8318722
ENSG00000284165,-5.011515,4.1244254
ENSG00000284189,-3.181113,1.8310775
RP11-470M1.2,4.6748013,3.1374323
ENSG00000284222,-0.6725416,4.2341194
AC007326.11,4.476244,2.8631198
ENSG00000284297,-2.1686966,4.4061613
ENSG00000284304,-4.7070956,5.1449413
RP11-96L14.9,-5.47946,4.9227695
ENSG00000284315,-4.0167713,4.524284
ENSG00000284318,-4.3756523,4.227558
ENSG00000284319,2.2115712,1.7107077
ENSG00000284322,-4.4056144,3.9789884
ENSG00000284323,-5.148581,3.6691108
ENSG00000284345,-4.9530673,5.352157
ENSG00000284358,-3.7192752,4.6114297
RP11-543B16.3,2.9995606,3.1941516
RP11-226B15.1,-1.2038441,3.1069515
ENSG00000284382,-5.8373027,3.5082383
RP11-528B10.5,-3.03668,3.8707688
ENSG00000284406,2.0395627,2.9395142
RP11-370B11.4,-0.013148891,3.495924
ENSG00000284423,-4.6715474,4.9737005
RP11-15H20.6,5.327437,2.7887638
LLNLR-263F3.1,0.46620616,4.1815505
ENSG00000284441,-4.7117343,4.0343366
ENSG00000284449,-0.44573215,3.8854334
RP11-625N16.1,-5.5028605,4.002724
ENSG00000284467,-5.0309587,5.0234017
ENSG00000284494,-4.777142,3.9370766
RP11-69H14.6,-4.7209816,2.4709551
RP3-377H17.3,-4.23755,2.9756572
RP13-968A2.1,3.7063801,3.5310774
RP11-340I6.13,1.9362166,3.7754958
ENSG00000284566,0.7400995,3.872609
ENSG00000284582,-1.9157056,4.760441
RP11-755H23.1,-3.174822,3.3836393
RP11-12C17.3,0.5436239,4.268145
RP3-465N24.7,4.049538,2.7883813
RP11-109E12.9,-4.5956545,5.3702707
RP11-556O5.7,4.566192,2.9164293
CTA-14H9.7,1.9313624,3.9248798
AC018682.8,-4.837126,4.60257
RP13-198D9.5,2.9002137,3.9695914
RP1-130E4.3,-4.408269,3.7217739
RP4-703E10.1,-5.5772963,3.8573222
RP11-196G4.2,0.553751,4.409578
RP11-379B18.8,5.5611315,3.428379
RP11-334L9.2,-4.961531,4.9006534
RP3-333H23.10,2.3782632,2.366334
RP11-726G1.2,4.736,2.1888685
RP11-181E22.4,0.3562868,3.261519
RP4-749H3.4,-3.7525818,5.572567
RP4-736L20.5,3.372708,3.1708117
RP4-798C17.7,1.4262933,2.3065004
RP11-567C20.4,-5.142743,3.8083055
RP4-796F18.3,-4.449643,4.2152166
ENSG00000284647,1.3537613,4.456095
RP3-406M12.1,1.8738744,3.2341495
CTD-2510L9.2,-0.005910611,3.4641387
RP11-658E23.1,-4.9405236,3.9434373
XXBAC-BPG171B11.8,0.31523067,4.2585382
RP3-465N24.8,-0.43223593,3.6094742
RP11-712C19.2,2.722458,3.6026201
RP1-58B11.3,-4.623584,4.18567
RP11-331G2.8,3.4259574,2.3666306
RP11-316F12.2,-3.287909,3.6925523
RP11-346C20.5,0.21581276,3.74099
RP11-179G8.2,-4.579126,3.391672
RP1-228H13.6,-4.2281704,3.445224
RP11-426C22.12,2.1840758,2.4118671
RP1-58B11.2,1.1857736,3.3174205
RP5-1166F10.2,-1.1208788,2.8293087
RP11-266K4.15,0.5208965,2.6926522
RP11-373M8.2,-5.53533,3.6682315
RP5-850O15.3,-4.101724,5.0123935
RP4-534N18.4,2.4088836,3.9809668
RP11-718D19.2,2.9491503,4.0992274
RP11-251B9.1,0.41271,4.5312
RP5-1090P18.1,5.4711065,2.199662
RP3-330O12.5,1.1880002,4.2044015
RP3-340N1.7,-5.1173663,2.8914583
CTA-215D11.5,2.0214946,3.8802817
RP1-118J21.27,2.1985068,1.8735993
RP4-614N24.3,-4.9397593,2.466574
RP11-131M11.4,2.3754377,3.3275828
RP11-158C6.4,4.3806057,3.5150185
RP5-1057J7.8,1.3094053,4.4555054
RP4-620F22.3,2.3520596,3.7425907
RP4-736L20.4,2.9549856,3.8168533
RP11-422P24.13,2.5658638,2.215116
RP4-603B14.2,-4.9067745,2.511136
RP4-749H3.3,-3.6682432,5.8483605
RP11-242F24.2,0.116874404,4.5772986
RP5-907A6.1,-4.873461,3.5671895
CTA-215D11.6,4.251487,3.0367186
RP11-566C13.2,-1.3135802,3.3990672
ENSG00000284750,-4.902369,4.6280107
ENSG00000284756,-4.7210975,2.3625214
ENSG00000284758,-0.17964599,5.3747587
ENSG00000284784,-2.6762605,4.6110644
ENSG00000284786,-4.9147253,4.400582
ENSG00000284801,1.8904544,2.5004697
ENSG00000284802,1.7910414,2.571964
CH17-66N5.1,-0.21130705,5.4231434
RP11-430G17.4,-1.8930126,3.4240763
RP11-275D4.1,-0.5872678,3.2254672
RP11-620A17.2,-6.0407443,5.778234
RP11-517H2.8,-0.9822999,1.6398053
XXBAC-BPG300A18.16,-3.7056286,2.024621
RP4-773A18.8,2.1047692,2.9333088
RP11-803F22.1,-5.9639273,5.807825
RP11-175P8.1,-0.38015047,2.877519
RP11-277G24.1,-6.0133095,5.684521
RP11-963H4.7,-3.379361,5.3758225
RP13-511M20.1,5.0969253,1.9009401
RP11-118B23.6,3.0443697,2.1211314
ENSG00000284888,-0.28408617,4.117116
ENSG00000284898,-1.3508034,4.3474755
ENSG00000284899,-5.033409,5.1387124
RP11-582H21.1,-1.634212,2.5053854
ENSG00000284910,-1.5791682,1.5698553
RP11-517H2.7,-1.3499199,2.1377776
ENSG00000284919,-4.20385,5.3481827
ENSG00000284921,-1.8373477,2.831011
RP11-24J23.3,-3.5300887,3.9898784
ENSG00000284929,-5.665071,4.0462704
RP1-240K6.4,-0.24061187,1.2828436
ENSG00000284943,-5.7526617,5.1509633
RP11-875O11.5,2.2607024,1.8712293
XXBAC-BPG300A18.15,-1.5381233,4.895177
ENSG00000284955,-5.78693,4.8611436
AF131216.8,0.5275471,4.421427
RP11-114N19.3,5.129579,3.4755843
RP11-272L14.3,2.8539915,2.966692
RP11-397E7.5,4.7033963,2.3769233
ENSG00000284973,-4.7072883,4.0717087
ENSG00000284974,-3.2755356,1.8972626
RP11-281A20.2,3.4395158,3.4508207
RP13-210D15.10,-0.61641985,2.6127691
RP11-114N1.1,-6.0376453,5.6871533
ENSG00000285002,-3.1505435,1.8970184
RP1-240K6.5,-0.21394254,1.3548862
RP11-542M13.5,-5.0642295,4.5195684
RP11-803D5.5,-0.8796734,4.357719
CH17-343M10.2,0.13964829,3.7721546
ENSG00000285039,-1.5540339,2.686384
RP11-542M13.6,-2.7843187,3.2614243
RP4-629B2.1,-4.765261,3.4404776
RP11-549K20.2,-4.996506,4.3339176
ENSG00000285061,-5.1893682,3.866635
ENSG00000285067,2.3018017,1.6736003
RP11-582H21.2,-3.901624,5.6590333
RP11-433N2.1,-5.730053,3.0796847
RP11-473C18.6,-1.7433848,2.5894814
RP5-964C11.1,-1.1658636,3.1349344
ENSG00000285089,-0.14817245,3.6610548
COL1A2-AS1,-2.8294106,4.68247
RP4-543J19.8,2.8188095,3.9045076
RP11-57G22.3,2.4070451,3.9695084
CTD-2308N23.3,-5.7284265,3.1876636
RP11-27J8.3,4.352995,2.4299886
ENSG00000285104,-5.085796,4.035331
RP11-419K12.2,2.7484312,2.4888153
ENSG00000285111,-4.982631,2.411888
RP11-473C18.7,-0.9949039,1.4407221
ENSG00000285127,-4.532969,4.3958087
LLNLR-231D4.1,-2.383436,5.235426
ENSG00000285139,-0.73815936,4.0359383
CTD-2308N23.5,-4.37036,3.7131124
ENSG00000285149,-1.6012647,1.5800499
AC140134.2,-0.8204682,2.8743205
RP11-813C7.1,-3.3719544,3.5805464
ENSG00000285156,3.247316,4.4671483
ENSG00000285157,0.5842179,4.421993
XXYAC-YR21IF11.3,2.4313097,3.9171143
RP11-542M13.4,-4.1171923,3.6082165
CTC-736O2.1,-0.10528808,1.5533979
RP11-325K2.1,-5.746611,5.3622866
ENSG00000285170,-1.9940183,2.539934
RP11-517I24.6,-5.106841,3.908474
RP3-445O10.1,-5.618301,4.660867
CH17-55D9.1,5.132088,2.665812
ENSG00000285187,-0.49883944,3.4820693
CTC-428H11.2,2.4894168,1.6421695
RP11-80O3.1,-5.0788836,3.1301415
ENSG00000285192,0.040381383,3.6168303
RP4-552O12.3,-5.6567125,3.6025925
RP11-974F13.3,-0.8405363,2.8043535
RP11-179A9.4,-2.7346356,4.853906
ENSG00000285208,-4.44263,5.256298
RP3-431P23.6,-3.8065755,5.0839005
ENSG00000285213,0.04208502,3.8818746
RP11-314C16.1,-5.8610044,5.300214
RP11-963H4.8,0.3231354,2.9173565
ENSG00000285224,-4.4768195,4.9931836
ENSG00000285227,-4.5577474,4.233515
ENSG00000285232,-4.9883537,2.520404
RP11-57I17.4,-4.9877305,4.9608183
ENSG00000285240,-1.8757111,2.463836
ENSG00000285247,-3.6014435,2.1412718
ENSG00000285260,-4.9388356,3.7819319
ENSG00000285261,0.51692444,3.7004626
ENSG00000285263,-2.0043125,2.5261536
ENSG00000285266,-6.3669276,4.5831456
ENSG00000285267,-1.7081138,3.950582
ENSG00000285276,-3.4782832,2.158438
TFAP2A-AS2,2.9575589,1.8176348
ENSG00000285279,4.117115,2.471706
RP11-139E24.1,3.2239869,3.7301838
ENSG00000285296,3.8614483,1.840667
ENSG00000285298,1.889583,2.1763318
RP11-790G19.3,-5.2756543,4.860672
ENSG00000285309,4.644842,2.2584987
XXBAC-B135H6.19,-3.3154263,1.611915
ENSG00000285324,-3.2056937,2.9104023
RP4-604P14.2,-5.150957,4.338638
RP11-323F24.5,5.490873,2.7136075
RP11-496B10.6,-3.4032555,3.7534978
RP11-732A19.10,-3.325448,1.6150565
ENSG00000285340,3.2315228,3.0415065
ENSG00000285345,-5.717136,5.1822453
CTD-2308N23.4,-4.7660823,4.187027
RP11-549D18.1,-4.8881855,4.370812
ENSG00000285355,1.0617985,4.608567
ENSG00000285359,-2.7847626,2.8069954
RP11-275B14.1,-3.1849854,4.4744406
RP11-437L7.2,2.6843987,4.6419926
RP11-118B23.7,1.8338954,2.8176384
ENSG00000285392,0.68873334,2.9873629
ICI-14BB7.1,-4.7434807,3.430333
RP11-520E6.1,2.1366863,3.0527477
RP11-466L22.1,-5.0637956,3.7722757
RP5-1189D6.1,-1.5961342,2.579381
AP001055.8,1.0636932,1.6745565
ENSG00000285423,-4.8986073,3.058531
RP11-274H24.2,3.5351655,3.4645636
RP11-178C10.4,-3.6212611,3.534911
RP11-63A11.2,-0.8997288,2.9872985
ENSG00000285457,-0.56494236,1.6386058
ENSG00000285459,-3.5776484,2.017513
RP11-468E2.12,-1.2367724,4.335292
RP11-520E6.2,-4.198516,3.8590684
RP11-373O10.1,-5.9777737,4.485347
RP5-1067M6.6,3.2256064,3.6031923
RP1-111C20.3,3.082129,3.104454
ENSG00000285499,-2.0154266,2.5371554
ENSG00000285510,-5.9820824,5.7000494
ENSG00000285511,-2.1289496,1.9051735
ENSG00000285512,-0.21172835,3.3842256
RP11-87O6.1,-4.006889,5.0705447
ENSG00000285515,0.014297585,3.8030891
ENSG00000285517,5.480769,2.8860521
RP4-816G1.2,-1.2839676,1.8907845
RP11-30C22.1,-3.4491224,2.955197
RP11-141H1.1,-6.084296,5.8684945
RP11-212H11.5,-5.3773174,4.482284
RP11-429A20.5,-5.8355336,3.302451
RP11-774B15.1,-0.65108216,2.8908608
RP11-84O12.5,-2.0940435,2.7256505
RP11-899L11.4,1.5007395,4.391618
RP11-113P9.1,-0.5159091,3.0163386
RP11-305E17.8,1.5872056,3.0483816
RP11-358F13.1,-1.810376,1.6691679
RP11-316M20.3,-0.35057664,1.5063001
RP11-264M12.5,-5.484699,3.3653195
RP4-613B23.6,-3.5996408,4.1733146
RP11-411P18.4,-5.2127776,3.1206446
RP11-756K11.1,2.645878,3.3901787
RP11-89D3.1,-3.8547418,3.6629543
RP11-3N2.15,1.2505766,4.0240493
RP11-452G18.4,-4.0105066,3.9133186
RP11-737H13.1,-3.2726607,2.6597648
RP11-51B6.1,-5.0093145,3.307057
CTC-782O7.3,-5.9071555,5.506838
RP11-49C20.1,-0.94698346,3.0143037
RP1-257A15.2,0.43465167,2.9784608
RP5-977L1.2,-3.173177,2.7670965
RP11-323N23.2,-5.5588017,2.9930274
RP11-455G2.1,-1.9409018,2.1827016
RP11-642M2.4,2.4999788,2.3826294
CTD-3065B20.4,1.9107383,3.7170465
RP11-164A10.7,0.22022423,2.9685426
RP11-113D6.15,-0.6183013,2.938421
RP11-366M4.20,1.8907226,3.8511174
RP3-495O10.5,1.5806681,3.6170154
XXBAC-BPG254B15.11,4.5738735,1.7013396
RP11-382N13.7,-0.79886186,3.6051583
RP11-187P2.1,-1.4937032,2.6238873
RP11-427E2.1,3.093509,3.316618
RP11-66D17.14,-2.0300655,4.500127
RP11-457M11.8,2.5051463,2.5530252
RP11-19D22.1,4.7607284,3.5647848
RP11-196O2.2,-6.0122237,5.7465286
RP11-835E18.6,-5.3475785,3.0924938
RP11-558B7.1,1.0603466,4.0097446
RP3-416J7.6,-2.8220315,3.5280795
RP11-326E22.2,-1.7987382,3.3740191
RP11-793G16.4,-5.2293344,4.9713335
RP11-371C18.3,-0.009586544,2.6220922
RP11-87P3.1,2.7287896,3.682215
CTD-2192J16.28,-3.3220916,1.8013948
RP11-359N5.2,-4.4275393,3.5051808
RP1-92C4.4,-5.368882,3.3880289
RP11-506P9.1,1.2699556,3.8200037
RP11-576O3.1,-2.8727028,2.6047406
CTB-130E24.1,-5.4196177,3.6825545
RP11-217D23.1,-0.10797197,3.0063155
RP11-97L4.1,-4.787816,4.9727025
RP11-636N17.3,-4.8755374,3.4458313
CTD-2576N18.2,-3.0910988,2.7925797
RP5-1022I14.2,4.4787183,2.8421278
CTD-2651B20.9,-0.20807818,3.2124822
RP11-324P13.1,-4.8204613,3.1001077
ABC12-46663800M24.1,0.48000935,2.9686215
RP11-427I6.5,3.5322456,2.3185337
RP11-564K10.1,2.0585437,3.0955029
RP1-33B19.1,-1.2055091,2.5197933
RP11-426M1.3,-0.89881545,2.593705
CTC-269P20.2,-3.922706,2.802593
RP11-1058B24.1,-5.9102416,5.593429
RP11-431H16.3,5.085665,1.9341615
RP11-157L10.2,-5.034554,3.7329412
RP11-444A22.2,-4.7142777,3.7034101
RP5-1140G11.1,-0.5334258,2.5673437
CTC-391G2.2,-5.1842365,3.013861
RP11-449F7.4,0.54243106,3.3552566
RP11-267K7.1,-5.0391126,2.4521914
RP11-49C20.2,-5.281846,3.0668619
CTD-2266L18.2,-0.953522,1.4360585
AL449214.1,-4.5858426,4.1309867
RP11-141M1.5,0.11307447,2.8207524
RP4-797M17.2,-0.6188809,3.5184348
WI2-2349K14.1,-5.5808525,3.9003234
RP11-685B14.4,-3.8431823,5.803411
RP11-21K20.4,1.6158192,3.42638
RP11-1212A22.9,2.8854258,1.8840871
RP11-253D19.3,3.146854,3.6393063
RP11-119P22.2,-4.2238007,3.6278505
RP11-90P5.10,3.043639,3.1549153
CTD-2216L14.1,3.3063812,3.3176045
RP11-172F7.1,4.6127396,3.2967184
RP11-384L19.1,1.0002735,4.212618
RP11-187K14.1,1.4123485,3.5530841
RP11-544G4.1,-5.595248,3.2161684
RP1-258E1.2,-1.6254017,2.3743565
RP11-469N6.4,-4.851967,4.200934
RP11-266C7.11,-4.7438526,3.254448
RP11-49A19.1,-4.933426,4.4232016
CTD-2544D21.2,3.958117,3.3580823
RP5-934G17.7,4.3880496,2.1006513
XXBAC-BPG248L24.14,-4.863784,3.7020838
CTD-2582D11.2,-4.708736,3.4409516
RP11-7O11.8,2.4024053,1.5932374
RP11-19J3.7,1.5349529,2.7849078
RP11-139D23.7,3.323336,3.3603814
RP11-537D2.1,0.96877956,4.533892
RP11-474N24.7,0.9629119,4.200056
RP11-608O8.3,-4.914408,3.546722
RP11-810P12.8,0.62959856,3.9049697
CTD-2117H17.2,3.7917392,3.601137
RP11-639B1.2,-5.3057537,3.4627469
RP11-825M14.1,-1.3852895,2.7470562
RP11-94P2.1,3.121028,3.496781
RP11-589M4.5,2.537234,3.6601517
RP4-799O8.1,-5.5254617,4.191062
RP11-565O12.1,2.9731026,3.4174042
RP11-707O23.6,-0.5881285,3.567852
RP11-51J9.7,4.4460974,2.9119937
RP4-725G10.5,-1.8549756,2.879616
RP11-393E10.1,1.9594826,3.457399
RP11-569D9.7,2.845741,3.2678914
RP11-179A20.1,-6.0106273,5.6882124
RP11-675P19.1,-2.693623,2.63484
RP11-431N8.1,3.3954017,2.622159
RP11-336K24.14,-0.11373941,4.0385814
RP11-692P14.1,2.8158357,2.7828171
RP11-395N17.3,0.06620061,3.65649
RP11-325K19.7,-4.7020087,5.047826
ENSG00000285682,1.6496067,3.5064027
RP11-149P24.2,-4.068614,5.2276745
RP11-263K14.1,-3.75536,5.2836213
RP11-155D18.16,-4.8163037,2.47057
RP11-169L18.2,-1.6825424,2.5010493
RP11-404K5.5,-4.5833364,6.1745977
RP1-166D18.1,-3.5052147,3.3579042
RP11-793H13.14,-1.2413687,2.5829778
RP11-475M20.2,4.1794786,1.9060478
RP11-274H24.3,1.8881408,3.1228347
RP11-25O3.2,-0.23728493,3.0049965
RP11-144G7.4,-0.08832753,2.8561406
RP4-662B22.2,-3.2251348,4.6500845
RP11-365J7.1,-4.0688114,5.485334
CTD-2536I1.4,-5.424927,3.2716134
RP11-84A14.8,-1.1617262,2.6433692
CH17-264B6.6,3.3787088,1.9822018
XXBAC-BPGBPG34I8.3,-5.825902,3.0771568
RP11-388A16.2,1.7858282,3.2092867
RP11-698N11.6,-5.1396823,4.4645367
RP11-105G5.2,2.559618,3.3104112
CTA-343C1.1,0.59380907,4.3689413
RP13-126P21.3,-3.2542138,4.2344317
RP11-529K1.5,0.85087806,3.592716
RP11-168L22.3,-5.4148536,3.5040386
RP11-81G4.1,-4.2478456,4.5315323
RP11-105F10.2,0.6325407,3.0616796
CTB-136N17.1,-5.8582125,3.8190703
RP1-23O21.2,-3.1839306,2.750795
RP11-489C13.2,-0.95961934,3.062013
RP11-328D5.5,-5.146841,2.9415555
ABC10-44372100G24.1,-4.6575294,5.16317
RP11-287J11.1,-5.410816,3.006894
RP5-1111F22.1,4.755297,1.878601
RP3-495O10.4,-5.0157046,3.8866796
RP11-76P17.3,-6.095036,3.296154
RP5-994D16.13,4.8558197,2.114386
RP11-907B8.2,2.0577662,3.8961153
RP1-167A14.3,3.2252781,2.7653232
RP11-322M13.1,-1.7511314,2.4274542
RP11-242C24.4,-2.1349897,2.2185793
RP4-696F19.1,-3.2474427,2.7422585
RP11-394O4.7,-1.219555,3.160906
RP11-24O17.1,0.6261616,4.125707
RP11-202D18.3,-3.4190285,2.6566317
RP11-698N11.5,0.5685112,4.1172447
RP5-847G17.1,-4.7820053,3.8679297
RP11-661D17.1,1.1398612,4.1482096
RP11-799O21.4,-5.984115,5.597198
RP11-115D10.1,3.9839475,3.2048416
RP11-286O18.2,-0.63601947,3.757395
RP11-674P19.3,-1.0104127,2.5899487
RP11-129O7.3,1.3428092,4.231022
RP11-313M3.2,-4.92689,5.313108
RP11-257N21.1,-5.5638294,3.1702862
RP11-111G13.1,1.6043856,3.2468464
RP11-706O15.1,6.1234508,2.7215405
RP11-26J3.5,-0.80353224,2.7168186
RP1-290I10.10,-4.6649823,4.8805494
XXBAC-BPG170G13.34,0.5336036,2.4891214
RP11-421M1.9,3.0237305,3.3793123
RP11-473M10.4,-4.9303923,2.41508
RP11-136C24.4,-1.6574762,3.895344
RP11-27G22.2,-0.2778031,4.2721105
RP11-273B20.5,-2.0658586,3.4313164
RP11-69L16.8,-1.4891449,4.920383
RP11-223E19.3,-5.669609,3.451431
RP11-629D22.1,-5.27712,2.9067109
RP11-275A6.1,3.8830616,3.4742208
RP11-784B9.1,-3.9007428,3.1680481
RP11-338F23.1,-5.349742,4.216324
RP11-1289C17.1,-5.3038445,4.997019
RP11-74C3.2,-4.972234,3.013744
CTB-123J14.1,-5.094311,3.3313615
RP11-542E6.4,-3.9938083,5.154394
ENSG00000285787,-5.9285645,5.5929856
RP11-852E15.2,-4.453676,3.5266888
RP11-123H22.2,-5.9443626,5.657163
RP11-309E23.3,-4.376895,4.265511
RP11-505K9.6,0.81904244,4.5125284
ENSG00000285793,5.4913297,2.0667868
RP11-465L10.14,5.8619356,3.0687308
RP11-518I13.2,-1.6089925,2.6301968
RP11-639B1.3,-4.852613,3.589242
RP11-297L17.7,-5.3204465,5.0089946
RP3-425P12.6,-1.1324887,2.6006176
RP1-150O5.4,0.4725469,3.1235921
RP11-324H6.8,4.814438,2.0930839
CTD-2292N2.1,3.2543824,2.4521768
RP11-420M1.3,-0.6122064,4.3258348
RP11-534K14.4,-4.5910697,2.8211074
RP11-54O15.4,-4.2984877,3.581499
RP11-535A15.2,-6.065544,3.8712046
RP11-77G23.6,0.7224114,4.3452177
RP11-428M15.1,-5.462097,3.1654844
RP11-465B22.9,2.4102342,3.2969263
RP11-822P4.2,3.8854723,2.1837146
CTD-2025J6.2,-5.2612863,3.4147673
RP11-316I2.2,-4.453755,5.2757044
RP11-305F14.1,1.6005902,3.867675
RP11-452C13.2,-0.8118003,2.6966991
RP11-663N22.2,-4.675236,5.3804684
RP11-305E6.5,-5.445386,3.8116763
RP11-353P15.2,-4.9498873,3.6671367
ENSG00000285828,0.30187094,2.9344273
RP11-294J22.8,-0.249298,3.6321483
RP11-545M17.4,3.6253276,3.0100005
CTD-2143A15.1,3.7293394,3.5030546
RP11-149P14.2,-4.011918,2.1750755
RP11-498F10.1,-6.1590204,5.3529167
RP11-665E10.6,-5.468509,4.9447303
RP11-274J15.4,-1.4837649,3.2484386
RP11-542F9.2,-2.1372004,6.263582
RP11-550P23.6,1.0190363,4.2782655
RP5-914M6.2,0.36188072,3.6358662
CTD-2564P9.4,-5.463897,3.7492807
RP11-799O21.5,-5.1181984,4.229497
RP11-348J12.6,-3.732194,4.5444736
RP4-768P8.2,3.1268427,3.2835865
RP11-254F19.5,1.4159403,3.2548316
XXBAC-BPGBPG34I8.4,-0.83880955,2.9104877
RP11-567P19.2,-1.2433183,2.238904
RP11-118B23.9,3.0963345,2.5237303
RP11-188P8.4,-0.42037934,3.6951678
RP4-798A10.8,0.36823565,3.7284126
LL22NC03-69F4.1,-5.227805,3.6104631
RP11-551M15.5,-2.9001951,3.6239781
RP11-355B11.3,1.9892646,3.7064536
RP1-230L10.2,-5.816562,3.6580348
RP11-80K21.4,-1.8773102,4.5717983
CTD-2304L4.1,-1.6699398,2.918297
RP11-279L11.2,0.4475921,4.642146
RP11-16B9.3,1.8637444,2.6534493
CMB9-4J8.1,2.989146,1.9491364
CTC-563A5.5,0.4115861,2.7979357
RP11-49N14.10,4.6905727,3.1267557
RP11-77I22.5,2.921098,3.2744486
RP11-314J18.11,0.35197136,4.080991
RP11-83M8.1,2.4503565,2.1890464
RP1-163O16.1,-1.3386064,4.7341504
ENSG00000285874,-4.484626,4.190145
RP11-115H11.1,-5.9064193,5.6149726
RP11-401F2.5,3.529107,3.4618227
RP11-2I22.1,-4.105967,3.0697489
RP11-342K2.2,-0.43473032,2.536507
CTD-2530N21.6,0.3546448,3.176198
CTD-2337L2.1,-4.342665,3.1374152
RP11-354M13.1,-3.1258755,3.404665
AL022345.12,-1.6994088,6.178212
RP11-667E17.3,0.44351977,3.9682667
CH17-264B6.5,3.636191,2.7607505
RP1-137D17.3,2.2813225,4.063126
RP3-431A14.7,-3.5522876,2.962214
RP11-350J20.17,0.40670165,3.8112886
RP11-219J21.3,-4.918648,2.6516116
RP11-538D15.1,0.64352316,4.492662
ENSG00000285893,3.0301151,3.3213255
RP11-134C1.2,-5.878551,5.6348915
RP11-655C2.4,-0.7197777,2.3125052
GS1-542M4.5,-5.470979,3.8639796
RP11-414K7.1,2.2149825,3.1398365
RP6-113J7.2,-0.8535869,2.804873
RP11-147B14.1,-3.5782666,3.2490761
RP11-25J23.4,-5.9860897,5.5386653
ENSG00000285903,-1.268687,2.1972048
RP4-592P3.1,1.9064982,3.1053305
RP11-622I12.1,3.2690997,2.150624
RP11-260L6.2,3.276556,3.4305549
RP11-404G16.8,-3.3696854,3.1579728
RP11-811I7.2,-0.9990829,2.3268993
RP5-990P15.4,-5.0384254,2.3643968
RP11-513M16.9,-5.1208,4.0966763
RP11-20O22.1,-5.2639017,2.9697776
RP11-405M12.5,-5.981401,3.8562803
ENSG00000285916,-2.622836,4.3772817
RP3-495K2.5,-4.8354735,3.7417586
RP11-679B19.3,-2.3313944,3.8241374
RP11-696L21.4,3.9316902,3.4167256
RP11-822I2.1,-1.7815305,2.486848
RP4-672J20.3,-1.9724402,3.3201232
RP11-256E16.3,-0.655561,2.904245
ENSG00000285924,-3.1567845,2.8472552
RP11-429J10.1,0.067656696,3.0614355
CTA-271G13.2,-6.3682585,4.596549
RP11-386I14.5,2.2725043,2.8320458
RP11-570F6.2,-5.3994803,3.1518404
RP11-159D12.12,-3.795175,5.2877345
RP11-293K20.5,-0.09390462,4.2039533
RP11-167J8.5,-1.5704124,5.2107053
RP11-640I2.2,4.4659367,3.7075162
RP11-496O3.3,1.6528088,2.7930696
RP11-182E21.1,-3.3056493,3.1926587
RP11-213B3.1,-5.929574,5.6144323
RP11-19F9.2,-3.1619797,2.9642985
RP11-165C17.1,-3.736468,3.49756
ABC14-1188822O7.2,-4.18525,5.2262797
RP11-1000B6.9,0.3346941,2.9359317
ENSG00000285949,-4.620555,4.4353585
ENSG00000285951,0.5395675,4.360224
RP11-127I20.9,-2.3124926,3.8899589
RP11-117D22.3,-0.8609601,1.6430477
RP11-436O19__A.6,-0.19289307,3.6529574
RP11-439C15.9,-0.48404494,5.228818
RP11-319F12.3,2.829475,2.2574937
RP1-224A6.11,-5.269365,4.603524
CTA-351O6.1,-5.116422,3.7295883
RP11-173O8.2,-5.4389443,3.5312197
RP1-288M22.3,-4.786357,4.1790977
GS1-56H18.2,-4.2950172,4.171307
ENSG00000285965,-6.0765595,3.3085716
RP11-7F17.10,2.0470524,3.9282753
CTA-246H3.13,-5.9628797,5.489474
RP11-95M5.2,-5.662702,5.212067
RP11-715J22.8,-0.9396071,4.264729
RP11-26L21.1,-5.1975403,2.8351152
RP11-105F10.1,2.9001043,3.0392096
RP11-652P10.2,1.2123196,4.2747717
RP11-523C15.1,-3.4728649,2.844188
RP11-407G23.8,5.0900517,2.1447785
RP11-217L21.1,-3.1252446,2.579282
RP11-333H8.1,-4.984715,3.6628597
ENSG00000285983,-3.202785,2.7776701
RP11-62F14.1,-4.9658923,4.136973
RP11-301F14.1,0.7558952,4.361583
RP11-799O21.3,-4.9370694,2.9322193
RP11-1134I14.9,-2.483368,2.5611134
RP11-418K9.3,-3.7584028,2.8719883
RP11-495F22.1,2.8589637,3.6038287
ENSG00000285995,-3.6895275,2.9717636
ENSG00000285996,2.8139071,2.8714538
ENSG00000285997,-4.4169927,5.014764
ENSG00000285998,-6.0257034,3.9197183
ENSG00000285999,2.3322437,2.5835087
ENSG00000286000,1.9383795,3.8357236
ENSG00000286002,-4.2812467,3.990729
ENSG00000286003,-4.9292545,3.386107
ENSG00000286004,3.4542978,2.4300199
ENSG00000286006,-4.844344,4.407488
ENSG00000286008,-3.3910193,3.9273617
ENSG00000286009,-0.97981006,3.9282968
ENSG00000286010,1.4372351,2.3043
ENSG00000286011,3.0120254,2.3379314
ENSG00000286013,-3.4070637,4.8514805
ENSG00000286016,-4.417014,4.7278085
ENSG00000286017,-0.44350508,3.8108451
ENSG00000286018,3.3473356,2.3227367
ENSG00000286020,-1.8877627,2.4751258
ENSG00000286023,-5.401583,4.849084
ENSG00000286024,1.3616602,2.6745782
ENSG00000286026,-5.222415,4.428366
ENSG00000286031,0.40564522,3.4775805
ENSG00000286033,2.9581687,2.8982303
ENSG00000286034,-4.2030997,4.667176
ENSG00000286035,3.6588778,2.993377
ENSG00000286036,-0.9870588,2.859372
ENSG00000286037,2.9441373,2.3938537
ENSG00000286039,1.1191624,3.2223375
ENSG00000286040,-4.7646556,2.8745954
ENSG00000286041,-4.9502153,4.175564
ENSG00000286043,-4.1308722,4.8129206
ENSG00000286044,3.7868176,3.7147696
ENSG00000286045,4.2214785,2.684327
ENSG00000286046,-5.5001144,5.1573243
ENSG00000286047,-5.937821,3.9218645
ENSG00000286048,-2.7046897,4.9721794
ENSG00000286049,-4.544074,4.5805473
ENSG00000286050,-1.0552152,3.9601493
ENSG00000286052,-0.90352523,3.4442973
ENSG00000286055,-1.7772679,1.832489
ENSG00000286056,-1.7642758,3.9144359
ENSG00000286058,1.415446,2.4010432
ENSG00000286059,-3.8605409,5.4821444
ENSG00000286060,-2.389756,4.511647
ENSG00000286062,-3.6495419,3.7790592
ENSG00000286063,-3.9469726,4.7527966
ENSG00000286066,-1.3795149,2.5737917
ENSG00000286067,4.9101257,2.132682
ENSG00000286068,-3.5789185,2.8756301
ENSG00000286069,1.7668079,3.7615604
ENSG00000286071,4.2458653,3.33762
ENSG00000286072,3.9413083,3.494347
ENSG00000286074,-1.7178494,2.7903461
ENSG00000286076,-1.0194391,1.4647957
ENSG00000286077,-0.8161657,4.1670675
ENSG00000286078,1.173321,2.360918
ENSG00000286080,-1.5080009,4.9574513
ENSG00000286081,0.71668136,3.120711
ENSG00000286082,-4.8613577,3.9012086
ENSG00000286083,-4.8617816,2.541359
ENSG00000286084,2.5263445,3.8545346
ENSG00000286085,0.8478922,4.203872
ENSG00000286086,1.69214,2.576198
ENSG00000286087,-3.6177082,5.3054953
ENSG00000286089,-1.4499503,1.745887
ENSG00000286090,-4.96493,2.998719
ENSG00000286092,-0.55747235,2.8020697
ENSG00000286093,0.71123445,4.287002
ENSG00000286097,-5.487752,4.1004844
ENSG00000286099,0.537374,3.5612996
ENSG00000286100,3.9330003,3.4740646
ENSG00000286101,-3.7265031,5.6941457
ENSG00000286103,-3.1675553,5.1226497
ENSG00000286104,4.1083436,1.6963172
ENSG00000286107,-3.3734295,1.6956407
ENSG00000286108,1.7802674,3.8725965
ENSG00000286109,-0.10868192,3.1734884
ENSG00000286110,-3.2022898,3.4127257
ENSG00000286111,-5.0901856,3.3237224
ENSG00000286113,-2.0908139,3.498905
ENSG00000286115,-2.3588457,4.839031
ENSG00000286116,2.2857037,2.6851976
ENSG00000286117,-3.6727335,5.6170006
ENSG00000286118,3.330732,3.522359
ENSG00000286119,-0.62303275,2.8391242
ENSG00000286121,-4.670629,3.714458
ENSG00000286123,-2.600776,4.376599
ENSG00000286124,-3.5667531,4.849559
ENSG00000286125,5.5115123,3.3009164
ENSG00000286126,-4.0048385,4.34238
ENSG00000286127,-5.521405,3.6379764
ENSG00000286128,-0.10192719,2.899056
ENSG00000286129,5.4540734,2.129853
ENSG00000286130,1.4849547,4.154805
ENSG00000286133,-6.0399585,5.887611
ENSG00000286134,-1.6461308,4.5591087
ENSG00000286136,1.914158,2.5164883
ENSG00000286138,3.1742406,2.9143865
ENSG00000286141,3.7149396,3.4560552
ENSG00000286142,-1.8417733,3.0548563
ENSG00000286144,-4.377657,5.8194337
ENSG00000286145,2.408599,2.9437368
ENSG00000286147,6.1704454,3.15532
ENSG00000286150,-4.026687,4.805283
ENSG00000286152,-5.7528157,5.27598
ENSG00000286153,2.1935015,2.8542805
ENSG00000286154,-1.7778633,2.4934647
ENSG00000286157,-4.252499,3.1230428
ENSG00000286158,2.4208057,2.0982616
ENSG00000286159,-0.15071505,1.5958143
ENSG00000286160,-5.337312,3.7575758
ENSG00000286161,1.8877914,2.1673021
ENSG00000286162,4.1624365,1.7847431
ENSG00000286163,-3.3715668,2.7186437
ENSG00000286164,-4.688185,2.9438536
ENSG00000286166,-4.669094,4.8205404
ENSG00000286167,-3.4502573,2.7390184
ENSG00000286168,1.8907312,2.1658869
ENSG00000286170,-4.993954,3.8194444
ENSG00000286171,-1.6685394,2.4927504
ENSG00000286174,-4.8690457,4.009971
ENSG00000286176,-0.21264173,4.6243734
ENSG00000286177,4.4416127,2.0479286
ENSG00000286179,-4.2026515,3.7820566
ENSG00000286180,-0.8826245,4.2473307
ENSG00000286181,1.0852921,2.591772
ENSG00000286182,0.4960468,4.1215944
ENSG00000286183,-0.74909246,2.955047
ENSG00000286186,1.8333828,2.2827506
ENSG00000286187,-5.199769,2.7893252
ENSG00000286188,-4.746343,4.2787857
ENSG00000286189,-5.0465856,3.706365
ENSG00000286191,-3.7836988,5.575716
ENSG00000286194,0.85564774,2.4773624
ENSG00000286195,3.710688,3.7866921
ENSG00000286196,2.726754,3.584714
ENSG00000286197,-0.39234334,2.961531
ENSG00000286198,-0.57224697,3.42701
ENSG00000286199,-4.673869,4.425802
ENSG00000286201,1.585667,4.3744183
ENSG00000286202,-5.217401,4.447397
ENSG00000286204,-3.3831975,5.0136895
ENSG00000286205,1.8213754,3.502294
ENSG00000286206,-4.0546007,5.15791
ENSG00000286207,4.0558476,2.088546
ENSG00000286208,-4.4155993,5.3198185
ENSG00000286209,-5.319279,2.80712
ENSG00000286210,-5.0311184,4.3077326
ENSG00000286211,-5.322214,3.2456317
ENSG00000286212,-1.3087451,3.5026228
ENSG00000286213,-5.691143,3.4040215
ENSG00000286216,1.5528554,2.814622
ENSG00000286218,1.0958205,3.9166534
ENSG00000286222,-1.650238,2.741323
ENSG00000286223,3.0471132,3.3306413
ENSG00000286225,-3.8613453,3.8220735
ENSG00000286226,-2.2008758,2.9080107
ENSG00000286227,-4.606384,3.1543138
ENSG00000286229,-5.9851403,5.700255
ENSG00000286230,1.8034139,3.5670753
ENSG00000286232,-0.45469323,3.0389028
ENSG00000286233,-3.6633494,2.853026
ENSG00000286234,-0.88321626,4.3335395
ENSG00000286236,-0.7303165,1.2927402
ENSG00000286238,2.1904752,3.2671318
ENSG00000286240,0.62119836,3.9189124
ENSG00000286241,0.4692425,4.263323
ENSG00000286242,2.5645416,2.932854
ENSG00000286244,1.7972459,3.3721247
ENSG00000286245,-0.7137341,2.4421492
ENSG00000286246,-3.5394087,2.7771738
ENSG00000286247,-1.836234,2.8043017
ENSG00000286248,1.8794252,1.9334571
ENSG00000286249,1.3087021,4.2498374
ENSG00000286250,-4.831751,4.137667
ENSG00000286251,-4.889797,5.5506954
ENSG00000286253,-4.6474757,3.334011
ENSG00000286254,-4.997915,2.9264705
ENSG00000286256,-1.950945,1.8411396
ENSG00000286257,-0.48619187,4.1948833
ENSG00000286258,-4.601301,4.528815
ENSG00000286259,-2.9740639,5.0254803
ENSG00000286260,-5.6249166,4.4254165
ENSG00000286262,-4.827508,4.3970757
ENSG00000286263,-4.7534113,2.9720557
ENSG00000286266,0.82746035,3.1974819
ENSG00000286269,4.3865576,3.6920214
ENSG00000286270,-5.468409,3.5078168
ENSG00000286271,0.33223823,2.79465
ENSG00000286272,2.7934554,4.649651
ENSG00000286273,-3.4707077,4.716895
ENSG00000286274,5.357586,3.4404707
ENSG00000286275,-3.7049766,4.7439847
ENSG00000286276,-0.03945942,1.9777372
ENSG00000286277,-3.7950103,5.180734
ENSG00000286278,-4.900453,2.771077
ENSG00000286279,-4.5311203,6.875001
ENSG00000286280,0.0065268236,2.836404
ENSG00000286281,-0.651731,2.7770073
ENSG00000286282,-0.7745961,2.8664875
ENSG00000286283,-3.8302724,4.651317
ENSG00000286284,-5.2214046,5.458462
ENSG00000286285,-0.62757236,1.6574339
ENSG00000286286,-3.1322265,3.490498
ENSG00000286287,-5.908273,5.270392
ENSG00000286288,4.802303,2.8927739
ENSG00000286289,-0.45159966,3.6561878
ENSG00000286290,-4.56805,6.282622
ENSG00000286291,0.6397653,4.1774955
ENSG00000286292,0.79136455,2.425412
ENSG00000286293,5.854745,3.3352473
ENSG00000286294,-4.786389,2.7722151
ENSG00000286295,0.4968168,4.2985005
ENSG00000286296,-4.9331007,3.6638951
ENSG00000286297,-6.039913,3.9122944
ENSG00000286298,-4.0231605,3.6585402
ENSG00000286299,1.7722194,2.7756057
ENSG00000286300,-3.8632848,3.2124631
ENSG00000286301,-4.958326,3.0476422
ENSG00000286302,1.5930624,3.5000138
ENSG00000286303,-4.7811875,4.497106
ENSG00000286304,-4.835044,3.63595
ENSG00000286305,3.3845332,2.5587168
ENSG00000286306,-2.3845785,2.2392044
ENSG00000286307,-0.65810084,2.2477376
ENSG00000286308,-4.6536527,4.4024634
ENSG00000286309,-5.9523144,3.9049773
ENSG00000286310,-0.723581,2.9934163
ENSG00000286311,0.77763546,3.0673232
ENSG00000286312,-0.38571152,3.1830761
ENSG00000286313,-0.36547795,1.692766
ENSG00000286314,3.1520646,4.2475758
ENSG00000286315,2.5042217,3.2351668
ENSG00000286316,-0.82372206,2.442276
ENSG00000286317,-5.464597,4.3306227
ENSG00000286318,-3.2962756,2.5932455
ENSG00000286319,-0.021291867,2.8563912
ENSG00000286320,1.5516928,3.8217788
ENSG00000286321,-5.123592,4.598578
ENSG00000286322,1.3591888,3.9644313
ENSG00000286323,-5.3852844,4.1074967
ENSG00000286324,1.6063551,3.0260572
ENSG00000286325,-4.373843,4.6292787
ENSG00000286326,-3.1546893,3.8075833
ENSG00000286327,2.5005362,3.0128489
ENSG00000286328,-5.2481,3.5109205
ENSG00000286329,1.4358535,4.181202
ENSG00000286330,0.5395229,1.6053368
ENSG00000286331,-0.7664157,4.1916914
ENSG00000286332,-3.6750062,4.849975
ENSG00000286333,-5.8196445,5.417786
ENSG00000286334,-0.8584597,2.5661273
ENSG00000286335,0.9688051,3.2822757
ENSG00000286337,1.1218997,3.1209526
ENSG00000286338,-4.4901233,2.9647205
ENSG00000286339,-1.1652461,3.0586932
ENSG00000286340,3.1646888,2.0752807
ENSG00000286341,2.0866358,4.1428256
ENSG00000286342,2.8722882,2.6251538
ENSG00000286343,-3.1711798,4.133097
ENSG00000286344,-4.767642,2.314615
ENSG00000286345,-5.474026,3.5367773
ENSG00000286346,-3.5015357,5.3403044
ENSG00000286347,-3.1068127,3.0166047
ENSG00000286348,-2.4626675,2.985674
ENSG00000286349,1.2898552,3.760478
ENSG00000286350,-3.8371127,5.724434
ENSG00000286351,-5.0030894,5.1323447
ENSG00000286352,-5.72743,3.8138847
ENSG00000286353,-3.0490797,3.2331893
ENSG00000286354,-4.9560843,2.6070924
ENSG00000286355,2.6561055,3.7461605
ENSG00000286356,-4.745575,2.847113
ENSG00000286357,-4.8263807,5.2817554
ENSG00000286358,4.199413,3.3063881
ENSG00000286359,-4.9829626,2.3241727
ENSG00000286360,3.0732725,2.6447258
ENSG00000286361,-6.0814505,3.2477088
ENSG00000286362,-1.135093,4.403431
ENSG00000286363,-3.4771512,2.8543992
ENSG00000286364,0.68919516,3.9754784
ENSG00000286365,-0.14903073,3.2066126
ENSG00000286366,3.8470023,2.9787154
ENSG00000286367,0.03591693,3.4881165
ENSG00000286368,-1.3705395,2.582191
ENSG00000286369,2.2422636,2.2875125
ENSG00000286370,-6.0272694,3.8949213
ENSG00000286371,-5.788061,3.4764624
ENSG00000286372,-3.5398133,2.7995694
ENSG00000286373,2.3662963,2.6701763
ENSG00000286374,-1.6506052,2.8104413
ENSG00000286375,-3.7265327,5.47167
ENSG00000286376,2.1792774,2.972724
ENSG00000286377,-5.2146163,3.3313758
ENSG00000286378,-0.1350972,3.1795552
ENSG00000286379,2.7466114,2.3195753
ENSG00000286380,-4.786508,5.580579
ENSG00000286381,2.132339,2.8479002
ENSG00000286382,-4.8905544,2.3704565
ENSG00000286383,1.0307871,4.2715826
ENSG00000286384,-3.700873,2.7923172
ENSG00000286385,-4.4849906,5.435837
ENSG00000286386,-4.9399657,2.3234465
ENSG00000286387,-5.675789,4.972349
ENSG00000286388,5.30384,2.02235
ENSG00000286389,2.3637738,2.423204
ENSG00000286390,-4.878461,3.892107
ENSG00000286391,-1.0407699,3.5302927
ENSG00000286393,-5.949432,5.67866
ENSG00000286394,-3.6424882,2.8164365
ENSG00000286395,-4.915088,3.755495
ENSG00000286397,-5.2154036,2.8989832
ENSG00000286398,-3.690593,6.014229
ENSG00000286399,-3.8738928,4.906864
ENSG00000286400,-0.34281102,3.600084
ENSG00000286401,1.8517901,2.7884064
ENSG00000286402,0.81157327,3.2098625
ENSG00000286403,4.2112947,2.7987652
ENSG00000286404,-2.1408215,2.8741019
ENSG00000286405,2.0022936,3.9167438
ENSG00000286407,-0.4439938,3.712707
ENSG00000286408,2.8597407,1.7564924
ENSG00000286409,-0.14032105,2.7876055
ENSG00000286410,-2.3559318,2.6676028
ENSG00000286411,-1.6893262,2.4540865
ENSG00000286412,4.4820304,3.610879
ENSG00000286413,-2.4029832,2.7037115
ENSG00000286414,-5.2805037,4.3689947
ENSG00000286415,2.2084625,3.8895984
ENSG00000286416,2.8148086,2.2632768
ENSG00000286417,-5.563217,5.189691
ENSG00000286418,-2.9719667,3.601847
ENSG00000286419,-4.337608,3.5715163
ENSG00000286420,-4.9914103,4.330971
ENSG00000286421,-5.3676424,4.557393
ENSG00000286422,-5.5252647,3.527675
ENSG00000286423,-1.0985341,3.537886
ENSG00000286424,1.7635953,3.5206077
ENSG00000286425,-4.9266753,3.8221428
ENSG00000286426,-0.9556283,3.0453634
ENSG00000286427,-0.20290574,3.5997026
ENSG00000286428,-3.7783227,3.444488
ENSG00000286429,-1.8573639,2.662296
ENSG00000286430,1.6012455,2.2584536
ENSG00000286431,5.01169,2.172132
ENSG00000286432,-5.237688,3.5674634
ENSG00000286433,-1.438001,4.339849
ENSG00000286434,-4.900449,3.8239229
ENSG00000286435,-4.60261,4.505571
ENSG00000286436,-4.704947,3.2740777
ENSG00000286437,-0.62115586,3.618435
ENSG00000286438,-4.3613453,3.0497973
ENSG00000286439,-4.087229,3.1962657
ENSG00000286440,-3.025381,3.6625
ENSG00000286441,-5.3854604,4.023823
ENSG00000286442,-6.0894523,5.8436165
ENSG00000286443,2.0850914,3.1576674
ENSG00000286444,2.2168887,1.6237499
ENSG00000286445,1.1206528,2.8351226
ENSG00000286446,-5.227512,2.8288527
ENSG00000286447,-2.0591757,4.3848186
ENSG00000286448,-2.181767,4.493944
ENSG00000286449,3.0306365,2.8672566
ENSG00000286450,4.44264,3.3598092
ENSG00000286451,-1.471936,5.107426
ENSG00000286452,-3.344816,3.5772636
ENSG00000286453,-5.4026923,3.6161504
ENSG00000286454,1.9885068,3.160459
ENSG00000286455,0.2515178,4.4318695
ENSG00000286456,4.05558,3.1645703
ENSG00000286457,-2.1495,2.584776
ENSG00000286458,-2.2635117,2.8358138
ENSG00000286459,-2.4626966,4.089554
ENSG00000286460,-2.5438833,3.895701
ENSG00000286461,-3.6638656,2.9491909
ENSG00000286462,-5.0996594,3.2594519
ENSG00000286463,-3.039824,2.849528
ENSG00000286464,-5.244264,4.70574
ENSG00000286465,-5.3003263,3.801967
ENSG00000286466,2.2691936,3.3138533
ENSG00000286467,2.1213315,3.2944472
ENSG00000286468,-5.5186954,3.9724312
ENSG00000286469,-5.3022084,3.520867
ENSG00000286470,2.9111218,3.6245646
ENSG00000286471,-4.062879,3.5811467
ENSG00000286472,5.2526817,3.4801922
ENSG00000286473,2.6388714,2.9161532
ENSG00000286474,-4.1565185,3.83423
ENSG00000286475,1.8946515,3.860382
ENSG00000286476,-5.9763045,3.3206906
ENSG00000286477,-5.9474607,3.3706672
ENSG00000286478,-1.6154492,2.614812
ENSG00000286479,-5.6182976,4.255709
ENSG00000286480,2.5113986,3.3101928
ENSG00000286481,-5.3810825,5.1322184
ENSG00000286482,3.3528433,2.3849711
ENSG00000286483,-0.6282291,3.489447
ENSG00000286484,-5.234404,2.9620788
ENSG00000286485,2.265309,2.5995777
ENSG00000286486,-5.962379,5.5611973
ENSG00000286487,-5.6383367,5.264945
ENSG00000286488,3.4832969,2.5481389
ENSG00000286489,-3.436184,4.1619034
ENSG00000286490,-4.39957,3.426998
ENSG00000286491,-2.5455651,4.1652946
ENSG00000286492,-3.7285683,4.571062
ENSG00000286493,-4.6326094,3.5792277
ENSG00000286494,-4.8819776,4.32272
ENSG00000286495,-6.033392,5.548296
ENSG00000286496,1.9385576,3.9098833
ENSG00000286497,-3.8401783,2.9453058
ENSG00000286498,-4.8532534,3.8014493
ENSG00000286499,-5.301088,3.1112216
ENSG00000286500,-3.7877514,5.5459566
ENSG00000286501,-5.3976774,3.212766
ENSG00000286502,-3.0004246,2.0313184
ENSG00000286503,-1.3729886,3.9780097
ENSG00000286504,2.5328062,2.4461873
ENSG00000286505,0.93464106,3.3948443
ENSG00000286507,-6.119053,5.853733
ENSG00000286508,-3.4576323,4.6962676
ENSG00000286509,-4.666101,4.4161286
ENSG00000286510,-3.6859558,5.8852344
ENSG00000286511,2.354083,2.4985886
ENSG00000286512,1.0449843,2.9154198
ENSG00000286513,-5.0112205,4.136144
ENSG00000286514,-1.2718284,2.7955322
ENSG00000286515,-4.6339273,3.6010525
ENSG00000286516,-5.0032883,4.2371616
ENSG00000286517,-5.4440727,4.9806657
ENSG00000286518,-5.1417108,3.4127927
ENSG00000286519,0.35604194,3.7114215
ENSG00000286520,-0.45628613,3.0709796
ENSG00000286521,-4.768271,2.9572842
ENSG00000286523,5.5828876,3.4376874
ENSG00000286524,-0.56512874,2.7641287
ENSG00000286525,-3.679118,3.2473657
ENSG00000286526,-4.670643,3.5485756
ENSG00000286527,-1.7661784,4.506622
ENSG00000286528,-4.1803384,4.0589733
ENSG00000286529,3.8526947,2.8155708
ENSG00000286530,-4.9831715,5.64556
ENSG00000286531,-6.0935464,3.8777425
ENSG00000286533,-5.3052573,4.6946206
ENSG00000286534,-1.2050011,3.6225545
ENSG00000286535,2.8797193,2.4616342
ENSG00000286536,-1.3856115,4.205724
ENSG00000286537,-4.768896,3.5418587
ENSG00000286538,0.8690666,4.257188
ENSG00000286539,2.7788792,3.3521786
ENSG00000286540,-4.6155667,6.6329255
ENSG00000286541,-4.877053,3.7914972
ENSG00000286542,0.2520231,2.934379
ENSG00000286543,2.1065524,3.342506
ENSG00000286544,-0.25223535,2.937678
ENSG00000286545,4.0674853,2.3894484
ENSG00000286546,-0.9416876,2.650042
ENSG00000286547,-4.722682,4.239404
ENSG00000286548,4.186151,3.3398197
ENSG00000286549,0.60364836,2.963822
ENSG00000286550,0.7139756,3.0631595
ENSG00000286551,1.4143682,3.6593933
ENSG00000286552,1.1404477,3.2653964
ENSG00000286553,-1.9320638,2.8174381
ENSG00000286554,-5.691376,3.9336028
ENSG00000286555,3.4530318,1.8382844
ENSG00000286556,-4.958654,3.8034356
ENSG00000286557,-5.079436,2.9074922
ENSG00000286558,-3.157704,2.659823
ENSG00000286559,-1.704369,2.8305523
ENSG00000286560,-3.8008585,5.162076
ENSG00000286561,2.0633595,4.041018
ENSG00000286562,-2.833092,4.1961865
ENSG00000286563,-1.0299722,4.092017
ENSG00000286564,-5.4131756,3.0882237
ENSG00000286565,2.4318247,3.9124765
ENSG00000286566,-5.596831,3.7678702
ENSG00000286567,-4.7191195,4.367438
ENSG00000286568,-5.401501,3.8780723
ENSG00000286569,-5.1293325,3.1156592
ENSG00000286570,-5.0498934,4.1162095
ENSG00000286571,0.17224549,2.8043783
ENSG00000286572,1.1974361,4.3862777
ENSG00000286573,-3.7407546,3.058913
ENSG00000286574,-4.597634,3.9649167
ENSG00000286575,-1.3144993,4.031017
ENSG00000286576,-1.473475,2.731649
ENSG00000286577,-5.780442,3.934581
ENSG00000286578,-5.0396605,2.4404263
ENSG00000286579,-0.12370784,3.118379
ENSG00000286580,-2.0818694,3.0647988
ENSG00000286581,-3.1807919,3.6665344
ENSG00000286582,0.43970096,4.7039185
ENSG00000286584,2.3791592,2.4743676
ENSG00000286585,2.7506504,2.4051034
ENSG00000286586,-4.5734706,4.476378
ENSG00000286587,-4.580295,4.9454627
ENSG00000286588,2.2008038,2.8236341
ENSG00000286589,-2.664507,6.075394
ENSG00000286590,-1.2127669,3.0776367
ENSG00000286591,-0.114188,2.9354582
ENSG00000286593,-1.7181346,3.2599974
ENSG00000286594,-4.446564,4.754717
ENSG00000286595,-4.615926,6.17548
ENSG00000286596,0.89103335,3.1557205
ENSG00000286597,-3.9084668,2.822501
ENSG00000286598,-3.9672399,3.8707533
ENSG00000286599,4.0669594,2.3970501
ENSG00000286600,-3.4997137,3.5479898
ENSG00000286602,-0.5779114,3.817741
ENSG00000286603,-4.860323,3.7242258
ENSG00000286604,-4.7813854,3.7378306
ENSG00000286605,-1.5063249,2.9005742
ENSG00000286606,0.30531237,3.4985805
ENSG00000286607,0.673772,4.2639294
ENSG00000286608,-0.16415408,2.9967465
ENSG00000286609,-4.9782495,3.6864908
ENSG00000286610,-3.8054395,2.992905
ENSG00000286611,-4.4453025,3.922226
ENSG00000286612,-5.1148314,4.8797793
ENSG00000286613,-0.013130296,3.5310767
ENSG00000286615,0.8195217,3.0813978
ENSG00000286616,5.427073,3.4534333
ENSG00000286617,-5.558992,4.5953584
ENSG00000286618,-3.7353678,3.7595878
ENSG00000286619,4.9008765,2.672108
ENSG00000286621,2.6520345,2.917728
ENSG00000286622,2.611361,3.7143874
ENSG00000286623,0.80142635,3.387982
ENSG00000286624,-5.4384866,3.254535
ENSG00000286625,2.3376143,3.8771465
ENSG00000286626,-0.12835263,4.186249
ENSG00000286627,-0.4955718,2.586269
ENSG00000286628,-5.2981343,4.341331
ENSG00000286629,-0.64711356,2.442097
ENSG00000286630,-1.360327,3.2942173
ENSG00000286631,1.6077465,3.3896852
ENSG00000286632,-2.6537776,3.7188644
ENSG00000286633,-2.0533845,6.324776
ENSG00000286634,2.2499967,3.2701707
ENSG00000286635,-3.3369124,2.6086721
ENSG00000286636,-3.219231,4.392684
ENSG00000286637,1.7797611,3.4157376
ENSG00000286638,1.9652412,2.7041903
ENSG00000286639,-3.9621584,3.65408
ENSG00000286641,1.144675,4.3236413
ENSG00000286642,-3.2597954,2.9029326
ENSG00000286643,-3.6023047,2.936279
ENSG00000286644,-1.432793,1.6905855
ENSG00000286645,-3.5142505,3.0230076
ENSG00000286647,3.5537415,3.386257
ENSG00000286648,-3.433308,2.6461895
ENSG00000286649,-2.5140007,2.7477896
ENSG00000286650,-0.2131849,3.9950633
ENSG00000286652,2.0145335,3.2483695
ENSG00000286653,-2.8117764,3.529352
ENSG00000286654,0.5307929,3.3819208
ENSG00000286655,-1.0411032,2.6801753
ENSG00000286656,3.347995,2.2444978
ENSG00000286657,-0.88999194,3.1938035
ENSG00000286658,-2.6683083,2.882205
ENSG00000286659,-0.4605143,4.2321386
ENSG00000286660,-4.8519883,4.362448
ENSG00000286661,2.836123,3.037915
ENSG00000286662,1.9085748,3.9748855
ENSG00000286663,-1.9723618,2.4995914
ENSG00000286664,-6.0388656,3.1960802
ENSG00000286665,-4.2053485,2.3213668
ENSG00000286666,3.0542324,3.281483
ENSG00000286667,2.801886,2.4190583
ENSG00000286668,-0.67879856,3.1633594
ENSG00000286669,-0.089681834,3.9179204
ENSG00000286670,-4.7454314,4.2803135
ENSG00000286671,-0.7143318,3.467658
ENSG00000286672,1.9282242,2.9617102
ENSG00000286673,5.5529027,3.4530632
ENSG00000286674,-3.942565,3.7288392
ENSG00000286675,1.8171436,3.8898652
ENSG00000286677,2.9522715,3.770327
ENSG00000286678,-1.5240521,3.1654463
ENSG00000286679,4.533059,3.4806466
ENSG00000286680,-4.923098,4.1320405
ENSG00000286681,4.366446,2.4930582
ENSG00000286682,-3.748666,4.937045
ENSG00000286683,-4.8302326,2.6705623
ENSG00000286684,-4.8533463,4.258586
ENSG00000286685,-3.3554459,2.9352133
ENSG00000286686,-0.5059366,2.8329217
ENSG00000286687,-5.344544,3.5963225
ENSG00000286688,1.4192766,2.6161048
ENSG00000286689,4.0694895,3.5183017
ENSG00000286690,-3.8851466,3.468588
ENSG00000286691,-5.9302197,5.6009645
ENSG00000286692,-5.0222216,4.444141
ENSG00000286693,-3.569842,2.864277
ENSG00000286694,3.9896486,3.48211
ENSG00000286695,-0.95757294,2.9660852
ENSG00000286696,-0.0088256635,2.8084319
ENSG00000286697,-5.029683,3.9489584
ENSG00000286698,-5.972077,5.767883
ENSG00000286700,-4.3856173,4.7287397
ENSG00000286701,-4.788009,5.4633718
ENSG00000286702,3.0126314,3.5476196
ENSG00000286703,-0.1151131,3.2561855
ENSG00000286705,1.2469842,2.9899156
ENSG00000286706,-1.2308886,2.6812537
ENSG00000286707,3.2125552,2.3135977
ENSG00000286708,1.6658211,3.4797504
ENSG00000286709,-5.5073185,3.5535147
ENSG00000286710,0.29556406,3.3590493
ENSG00000286711,-5.016178,4.1258416
ENSG00000286712,-0.25744006,2.709223
ENSG00000286713,1.4537688,4.2465463
ENSG00000286714,-3.6920633,5.9427457
ENSG00000286715,-2.1032467,2.54744
ENSG00000286716,-4.013385,3.29935
ENSG00000286717,-5.860801,5.156311
ENSG00000286718,-1.9312795,4.3551145
ENSG00000286719,-4.8592377,3.8641796
ENSG00000286720,-4.779529,2.896976
ENSG00000286721,2.0694828,3.7767591
ENSG00000286722,3.32759,2.8021455
ENSG00000286723,-0.7838738,2.4788816
ENSG00000286724,4.47799,2.7175179
ENSG00000286725,-4.1215496,4.6016836
ENSG00000286726,-1.8608435,2.408846
ENSG00000286727,-4.9437847,3.3715918
ENSG00000286728,-1.6213231,3.9605987
ENSG00000286729,-0.14415665,4.106029
ENSG00000286730,2.6918473,3.4043121
ENSG00000286731,-5.706127,5.3792977
ENSG00000286732,-0.42545438,4.1476
ENSG00000286733,2.7553797,3.2583578
ENSG00000286734,-5.781024,5.038893
ENSG00000286735,-1.7171026,3.0512347
ENSG00000286736,-2.8250477,3.936423
ENSG00000286737,-4.2886524,2.6922197
ENSG00000286738,-5.2751455,4.136307
ENSG00000286739,4.373151,3.103397
ENSG00000286740,-3.8865466,3.4782422
ENSG00000286741,2.6722016,3.3803186
ENSG00000286742,2.991349,3.1640334
ENSG00000286743,-0.9618422,3.7945542
ENSG00000286745,-5.9468985,5.559124
ENSG00000286746,6.048032,3.2206204
ENSG00000286747,-1.3761735,4.013758
ENSG00000286748,-5.916435,5.4795065
ENSG00000286749,-0.2800457,2.9453058
ENSG00000286750,-3.5226574,5.4237385
ENSG00000286751,-4.7297616,2.8086483
ENSG00000286752,-1.0993646,2.5535383
ENSG00000286753,2.6513386,1.9527262
ENSG00000286754,-5.4908166,4.5872087
ENSG00000286755,-2.2425933,5.944178
ENSG00000286756,-4.0653,3.6955783
ENSG00000286757,3.1118357,2.5781791
ENSG00000286758,-5.881,4.4027424
ENSG00000286759,-4.6946087,4.2840066
ENSG00000286760,4.6970224,2.9898794
ENSG00000286761,-5.202757,3.7048073
ENSG00000286762,0.09912762,3.045708
ENSG00000286763,2.0644329,3.8459425
ENSG00000286764,1.7866298,3.8505523
ENSG00000286765,-3.720342,4.1950064
ENSG00000286766,-5.649054,3.5184782
ENSG00000286767,0.5257186,3.058265
ENSG00000286769,-4.763491,5.702575
ENSG00000286770,-4.9024987,2.3272924
ENSG00000286771,-0.80337036,2.4006956
ENSG00000286772,-5.477832,3.7854114
ENSG00000286773,1.6744338,3.6549869
ENSG00000286774,-4.89635,2.4774284
ENSG00000286775,-5.174888,4.224263
ENSG00000286776,-3.5123494,2.7908216
ENSG00000286777,-4.8256702,2.4971504
ENSG00000286778,-4.764206,3.9302347
ENSG00000286779,-5.0098042,4.0962305
ENSG00000286780,-4.650424,3.3970256
ENSG00000286781,-5.7928386,3.4086063
ENSG00000286782,3.3118715,3.4851294
ENSG00000286784,1.9466429,3.8435073
ENSG00000286786,3.6722841,2.5587504
ENSG00000286787,2.9739416,2.379435
ENSG00000286788,-0.79527545,3.2109995
ENSG00000286789,2.447674,3.1541815
ENSG00000286790,-3.6910498,6.0068545
ENSG00000286791,-4.921035,4.497957
ENSG00000286792,-5.4692883,3.9582577
ENSG00000286794,-3.0021927,3.78163
ENSG00000286795,-1.2015767,2.669584
ENSG00000286796,-0.62195605,1.4061496
ENSG00000286797,3.3391669,4.314376
ENSG00000286798,-4.9135213,4.0156612
ENSG00000286799,-2.2139547,4.2131686
ENSG00000286800,-3.901657,3.8742948
ENSG00000286801,-5.354439,3.6419673
ENSG00000286802,3.5967693,3.4422758
ENSG00000286803,-1.5424261,2.7722075
ENSG00000286804,0.2565169,4.0974402
ENSG00000286805,-0.24164353,3.242245
ENSG00000286806,0.8108156,4.337848
ENSG00000286807,-0.3697734,2.9437606
ENSG00000286808,4.3649325,2.39381
ENSG00000286809,-0.45058292,1.4398091
ENSG00000286810,0.8448755,2.6382036
ENSG00000286811,-3.7714977,4.736455
ENSG00000286812,-2.471235,2.680192
ENSG00000286813,2.1155012,2.6633391
ENSG00000286814,1.1041989,4.225609
ENSG00000286815,-5.2652187,3.220586
ENSG00000286816,-4.803096,4.398753
ENSG00000286817,0.2555649,3.0004094
ENSG00000286818,-5.484095,5.4321103
ENSG00000286819,1.4211313,2.742411
ENSG00000286820,-3.9212809,3.8001685
ENSG00000286821,-3.9510365,2.8295224
ENSG00000286822,-4.7343693,3.305562
ENSG00000286823,-5.4087777,3.203199
ENSG00000286824,-3.1218371,3.6996276
ENSG00000286825,0.12670171,3.113196
ENSG00000286826,2.4318545,3.2937396
ENSG00000286827,5.5831366,3.4275982
ENSG00000286828,5.1371,3.4911187
ENSG00000286829,0.8209332,4.315818
ENSG00000286830,2.2978554,3.1646755
ENSG00000286831,3.6946824,3.3469992
ENSG00000286832,-2.3072097,2.8281064
ENSG00000286833,4.946018,3.5363877
ENSG00000286834,6.3392777,3.0687513
ENSG00000286835,2.3814154,2.049946
ENSG00000286836,-5.7357244,3.1727273
ENSG00000286837,3.2437768,2.5620568
ENSG00000286838,-6.1040664,3.8687196
ENSG00000286839,-1.2535304,2.7719607
ENSG00000286840,-4.917999,3.7817788
ENSG00000286841,-5.2769866,3.1439867
ENSG00000286842,-4.6418433,3.3094807
ENSG00000286843,-3.426593,3.1387448
ENSG00000286844,-2.9700294,4.7295046
ENSG00000286845,-5.062504,2.9570117
ENSG00000286846,2.524413,2.895011
ENSG00000286847,-1.082383,4.033818
ENSG00000286848,-1.422445,1.9870809
ENSG00000286849,1.3865603,4.2472954
ENSG00000286850,-2.870178,2.6204677
ENSG00000286851,-4.902487,2.3435571
ENSG00000286852,-5.832741,3.8364348
ENSG00000286853,-5.0391088,4.0268292
ENSG00000286854,-4.9598,2.6364555
ENSG00000286855,-3.2530873,2.6456854
ENSG00000286856,-3.666123,6.002895
ENSG00000286857,-5.385956,3.995791
ENSG00000286858,1.3601724,3.2662458
ENSG00000286860,-1.4531496,2.684095
ENSG00000286861,3.8126254,3.1584105
ENSG00000286862,-5.410159,3.46503
ENSG00000286863,2.0595136,3.7621894
ENSG00000286864,2.7183733,3.3041515
ENSG00000286865,-2.9361181,3.035385
ENSG00000286866,-1.8681309,2.7277632
ENSG00000286867,1.4986708,4.360068
ENSG00000286868,-1.6342419,3.2215867
ENSG00000286869,-5.1320896,3.265313
ENSG00000286870,-6.030274,3.846421
ENSG00000286871,-4.9810963,4.525648
ENSG00000286872,1.9738771,2.94325
ENSG00000286873,2.7494404,1.9925247
ENSG00000286874,-1.4087368,4.6272163
ENSG00000286875,-3.9183517,4.5241942
ENSG00000286876,-3.9957285,3.195749
ENSG00000286877,-2.4480114,3.252649
ENSG00000286878,-3.6834335,5.4314327
ENSG00000286879,0.5264752,3.1375098
ENSG00000286880,-0.17215694,3.2833464
ENSG00000286881,-1.5730307,4.577386
ENSG00000286882,-3.0142324,2.060391
ENSG00000286883,3.7264318,1.7065213
ENSG00000286884,-5.917745,3.3254616
ENSG00000286885,2.0656555,2.802652
ENSG00000286886,-1.4325821,3.4629683
ENSG00000286887,1.1483986,4.051468
ENSG00000286888,1.8197126,3.9985757
ENSG00000286889,-5.8172426,5.5110927
ENSG00000286890,3.3527842,3.434138
ENSG00000286891,0.72541803,2.9311771
ENSG00000286892,3.7067912,2.704071
ENSG00000286893,-5.066905,4.0123625
ENSG00000286894,-1.0722774,2.6752594
ENSG00000286895,2.3586276,2.6365128
ENSG00000286896,2.382123,3.7449718
ENSG00000286897,-5.3429546,4.0590982
ENSG00000286898,-4.7077847,2.4894516
ENSG00000286899,-0.7351385,2.5515761
ENSG00000286900,-2.5291345,4.004395
ENSG00000286901,-3.7758195,2.0451622
ENSG00000286902,-4.9000835,4.1474004
ENSG00000286903,-5.0968337,3.2845263
ENSG00000286904,2.3846061,3.2153552
ENSG00000286906,-4.779989,4.1903224
ENSG00000286907,-1.0584397,2.6147506
ENSG00000286908,-4.849408,3.952957
ENSG00000286909,2.7443461,2.131753
ENSG00000286910,-5.44049,4.0897264
ENSG00000286911,-2.376542,4.0976357
ENSG00000286912,1.8729781,2.747299
ENSG00000286913,-2.6375635,4.824137
ENSG00000286914,-5.3847413,4.2932444
ENSG00000286915,-1.8287574,2.2897124
ENSG00000286917,-6.0392537,5.1667953
ENSG00000286918,4.8471212,3.5885203
ENSG00000286919,0.6771616,2.9979305
ENSG00000286921,2.3631017,2.527006
ENSG00000286922,-1.7530391,2.2091742
ENSG00000286923,0.7247199,4.150103
ENSG00000286924,-3.952223,5.18523
ENSG00000286926,-2.0414312,2.4244432
ENSG00000286927,4.679998,3.6128333
ENSG00000286928,1.2834947,4.300257
ENSG00000286929,-5.0613728,4.3541536
ENSG00000286931,2.6080616,1.8804592
ENSG00000286932,-3.407665,2.6865313
ENSG00000286933,3.1195085,3.8096035
ENSG00000286934,-3.2246108,2.8036926
ENSG00000286935,-4.72295,2.9461663
ENSG00000286936,-4.803837,3.476635
ENSG00000286937,-4.0985336,3.4442906
ENSG00000286938,-0.6673514,4.3401523
ENSG00000286939,-3.2478464,4.5076227
ENSG00000286940,3.4287782,2.1818914
ENSG00000286941,-0.5227813,3.384451
ENSG00000286942,0.55085915,2.4527647
ENSG00000286943,1.7751011,3.222975
ENSG00000286944,1.2240887,4.240415
ENSG00000286945,-4.7474346,4.4302173
ENSG00000286946,-3.3428056,2.6864781
ENSG00000286947,-0.7739424,2.9122179
ENSG00000286948,-2.8284507,3.8264284
ENSG00000286949,-6.047622,5.759598
ENSG00000286950,2.2628381,1.5691835
ENSG00000286951,-0.7593922,2.6038463
ENSG00000286952,-0.50175446,3.7548733
ENSG00000286953,-4.491127,3.038039
ENSG00000286954,-1.0299313,2.8454528
ENSG00000286955,-5.2649827,3.6297143
ENSG00000286956,-3.4147735,2.9008327
ENSG00000286957,-0.5457782,3.4767232
ENSG00000286958,-4.929764,3.9258904
ENSG00000286959,-4.7628717,5.398008
ENSG00000286960,-5.041508,3.87223
ENSG00000286961,-2.9081583,3.4411855
ENSG00000286962,-3.8336391,4.0519447
ENSG00000286963,-4.9664893,2.5270708
ENSG00000286964,3.472479,1.7674676
ENSG00000286965,-1.2844924,2.6012156
ENSG00000286966,-4.572163,6.8289347
ENSG00000286967,-5.5309863,3.5328994
ENSG00000286969,-1.445651,2.9225354
ENSG00000286970,1.9686134,2.8496704
ENSG00000286971,-2.766964,3.6859877
ENSG00000286972,-4.4877744,4.003323
ENSG00000286973,-5.4699936,5.053736
ENSG00000286974,3.0611463,2.356585
ENSG00000286975,-0.8190052,3.6675718
ENSG00000286976,0.36231297,4.0014424
ENSG00000286977,3.7052128,2.4104118
ENSG00000286978,-4.803906,3.8994987
ENSG00000286979,-1.3567045,2.676661
ENSG00000286980,-4.780405,3.7162168
ENSG00000286981,-1.1795135,3.4617655
ENSG00000286982,-1.1926419,1.645483
ENSG00000286983,2.1287,3.3468826
ENSG00000286984,-0.84194756,3.7286744
ENSG00000286985,-3.6804738,3.78085
ENSG00000286986,-3.9932277,4.2171736
ENSG00000286987,-4.8161516,3.8761063
ENSG00000286988,-4.66348,5.4353676
ENSG00000286989,2.5908475,1.8835926
ENSG00000286990,2.5891287,2.7566264
ENSG00000286991,-6.0305305,5.8414536
ENSG00000286992,-5.417733,3.9910872
ENSG00000286993,-1.5867945,1.9774042
ENSG00000286994,-1.0473771,2.5095887
ENSG00000286995,-5.2587967,3.4117508
ENSG00000286997,2.5186973,3.1912975
ENSG00000286998,-3.0733845,2.7596629
ENSG00000286999,-0.64896363,1.3773987
ENSG00000287000,3.3612103,3.4511304
ENSG00000287001,3.3867922,2.821218
ENSG00000287003,-1.7029963,3.2991436
ENSG00000287004,-5.1880145,3.8070323
ENSG00000287005,1.964776,2.8469858
ENSG00000287006,-4.621493,4.4159827
ENSG00000287007,-4.7878113,3.6489487
ENSG00000287008,0.2653749,3.1127903
ENSG00000287009,1.9957576,1.9985281
ENSG00000287010,-5.790118,4.9952517
ENSG00000287011,1.5644431,3.4022942
ENSG00000287012,1.3904274,3.0478094
ENSG00000287013,-0.86836356,2.6545196
ENSG00000287014,4.192851,3.6053224
ENSG00000287015,-3.990323,3.1218202
ENSG00000287016,3.0262904,3.1639936
ENSG00000287017,-4.8173423,3.9232419
ENSG00000287018,-5.601673,3.522556
ENSG00000287019,-4.9682555,2.3594425
ENSG00000287020,-4.886636,3.9264219
ENSG00000287021,0.99071944,3.2128286
ENSG00000287022,2.0490017,2.7779822
ENSG00000287023,-2.780565,4.9061065
ENSG00000287024,0.60295224,3.1055295
ENSG00000287025,-3.5905442,2.7593548
ENSG00000287026,-2.1589942,2.1313534
ENSG00000287027,-5.1098375,4.110605
ENSG00000287028,-4.7127657,4.1935143
ENSG00000287029,-0.6146518,3.6768699
ENSG00000287030,-1.445791,3.5660295
ENSG00000287031,-1.8239528,4.4439945
ENSG00000287032,3.1356928,3.3834312
ENSG00000287033,-0.33476397,3.371589
ENSG00000287034,-5.5311255,3.5737019
ENSG00000287035,-1.4705942,4.8968296
ENSG00000287037,-2.0270889,6.3592515
ENSG00000287038,-2.4116545,4.0953817
ENSG00000287039,0.69771814,4.2326417
ENSG00000287040,0.98570585,4.361338
ENSG00000287041,1.9874811,4.0758233
ENSG00000287042,0.571918,3.283069
ENSG00000287043,-3.4850569,3.1678615
ENSG00000287044,4.075725,3.3863153
ENSG00000287045,1.9675901,3.7778509
ENSG00000287046,-4.867216,4.1721106
ENSG00000287047,-3.463191,3.7466202
ENSG00000287048,-4.311013,5.251264
ENSG00000287049,0.6393504,2.8514204
ENSG00000287050,-4.752704,5.0511284
ENSG00000287051,4.0420365,3.3714664
ENSG00000287052,-2.0852733,2.9740596
ENSG00000287053,-5.896334,3.6310806
ENSG00000287054,2.0966249,3.041595
ENSG00000287055,2.3793447,2.4341362
ENSG00000287056,-4.668719,4.556268
ENSG00000287057,-1.364308,2.5640938
ENSG00000287058,-4.740384,2.5933003
ENSG00000287059,1.6114135,2.9343023
ENSG00000287060,-0.5331031,2.8463054
ENSG00000287061,1.016577,2.7913032
ENSG00000287062,-2.869931,2.60252
ENSG00000287063,3.6003516,3.1104136
ENSG00000287064,3.5033245,1.7896185
ENSG00000287065,-2.3275597,6.208454
ENSG00000287066,-2.9327343,2.640639
ENSG00000287068,-3.3077896,3.8483653
ENSG00000287069,2.2763653,3.2647126
ENSG00000287070,-1.5801134,2.0635948
ENSG00000287072,-2.1122804,2.6886961
ENSG00000287073,-4.9748087,2.39005
ENSG00000287074,3.8184755,3.2461936
ENSG00000287075,-1.4577725,2.8580327
ENSG00000287076,-3.6181016,3.894805
ENSG00000287077,3.0387895,3.3386567
ENSG00000287078,0.037964564,3.6701016
ENSG00000287079,1.1823636,4.1172986
ENSG00000287081,-2.9475415,2.6222332
ENSG00000287082,-4.7637725,4.6230316
ENSG00000287083,-4.0756145,3.7243588
ENSG00000287084,0.6621251,4.1312776
ENSG00000287085,1.7485878,3.7469642
ENSG00000287086,4.1216345,1.7821025
ENSG00000287087,1.7141887,3.4748576
ENSG00000287088,-1.6199454,4.2281275
ENSG00000287089,-2.4153092,4.1131363
ENSG00000287090,-3.352115,5.388082
ENSG00000287091,1.6119357,2.0871987
ENSG00000287092,-2.1759505,2.233896
ENSG00000287093,-1.4659324,3.7600353
ENSG00000287094,-2.3620868,2.8003871
ENSG00000287095,0.6180944,1.8720869
ENSG00000287096,0.63254935,4.7687993
ENSG00000287097,0.3544434,2.7444503
ENSG00000287098,-5.632019,3.9828825
ENSG00000287099,-0.5830539,2.4185228
ENSG00000287100,2.0064306,2.7039378
ENSG00000287101,-5.901341,5.5993657
ENSG00000287102,-4.432915,3.8911133
ENSG00000287103,-5.580155,3.306506
ENSG00000287104,4.286605,1.7886741
ENSG00000287105,1.3168547,3.7312288
ENSG00000287106,-1.1537776,2.6891036
ENSG00000287107,-4.9640117,2.3993144
ENSG00000287108,2.2314212,3.4672093
ENSG00000287109,2.8529139,3.5540068
ENSG00000287112,3.443769,2.6125636
ENSG00000287113,-2.809943,4.4288964
ENSG00000287114,-2.9415448,5.008933
ENSG00000287117,0.21404256,3.1168828
ENSG00000287118,0.47735354,4.2852206
ENSG00000287119,-1.6574473,1.5770895
ENSG00000287120,-1.3239496,2.7016037
ENSG00000287121,-3.1638455,2.8532357
ENSG00000287122,-0.97165006,4.475527
ENSG00000287123,-5.9933796,3.0674598
ENSG00000287124,-1.0583586,2.3463762
ENSG00000287125,1.8589101,2.3418474
ENSG00000287126,5.4456677,2.4589314
ENSG00000287127,-3.264824,3.4238424
ENSG00000287128,-1.8637584,2.919876
ENSG00000287129,-2.1416044,3.0489643
ENSG00000287130,0.254358,3.049193
ENSG00000287131,-0.9118886,1.3576562
ENSG00000287132,-4.765576,3.9441872
ENSG00000287133,1.197147,3.0495656
ENSG00000287134,3.1648226,3.3033051
ENSG00000287135,-3.5396159,3.4226575
ENSG00000287136,-3.3197067,5.004073
ENSG00000287137,-5.556713,3.5100176
ENSG00000287138,-5.524959,3.958532
ENSG00000287139,-2.5263658,2.9178052
ENSG00000287140,0.9436678,4.372575
ENSG00000287141,-1.117569,2.6251552
ENSG00000287142,-3.2059438,4.9845624
ENSG00000287143,-3.3749611,4.5604763
ENSG00000287144,-2.0915387,2.789601
ENSG00000287145,-5.3224077,3.656752
ENSG00000287146,-0.6727242,3.8248346
ENSG00000287147,-5.2716613,4.656632
ENSG00000287149,-3.3017511,3.029561
ENSG00000287150,-5.87417,4.4985547
ENSG00000287152,-6.0120425,3.8267474
ENSG00000287153,-3.4905539,2.6683385
ENSG00000287154,-4.9276814,4.0041404
ENSG00000287155,-5.5473194,3.5804007
ENSG00000287156,-0.586661,4.3153286
ENSG00000287157,-2.3935862,2.8598795
ENSG00000287158,3.3830903,3.2199538
ENSG00000287159,-3.336572,2.6507561
ENSG00000287160,6.1460147,3.1669896
ENSG00000287161,-5.448468,5.4690595
ENSG00000287162,-5.1730957,3.6156201
ENSG00000287163,-4.848923,3.6305168
ENSG00000287164,-2.3042703,6.1723566
ENSG00000287165,-2.5953553,3.980131
ENSG00000287166,0.4385137,3.4696898
ENSG00000287167,-3.5575175,5.2193375
ENSG00000287168,4.0815725,1.8179286
ENSG00000287169,-1.5936996,2.7817163
ENSG00000287170,3.9265664,3.503098
ENSG00000287171,1.6814833,3.8943748
ENSG00000287172,-0.47401756,2.9368136
ENSG00000287173,-5.33728,3.5054286
ENSG00000287174,-5.0491166,3.1403675
ENSG00000287175,-1.5588738,2.3941598
ENSG00000287176,0.39596337,3.066405
ENSG00000287177,4.1044645,3.5088332
ENSG00000287178,-5.88697,5.3007526
ENSG00000287179,-4.7781034,4.1836104
ENSG00000287180,-0.66901344,2.5149443
ENSG00000287181,2.158547,3.2050607
ENSG00000287182,0.86310387,4.149843
ENSG00000287183,-5.0955567,4.162455
ENSG00000287184,-3.80332,4.15627
ENSG00000287185,2.6887784,2.4573226
ENSG00000287186,-5.6770797,5.1913013
ENSG00000287187,-4.895483,2.8120232
ENSG00000287188,0.98466295,2.7045627
ENSG00000287189,3.74034,3.1508489
ENSG00000287190,3.4394922,3.0166447
ENSG00000287191,-1.0448613,2.4723804
ENSG00000287192,0.94542474,4.1124516
ENSG00000287193,1.421642,4.28421
ENSG00000287195,0.23554693,1.9853209
ENSG00000287196,-4.493796,4.0663943
ENSG00000287197,1.4096134,3.2895517
ENSG00000287198,-5.1143584,3.3978713
ENSG00000287199,-5.009279,3.6658704
ENSG00000287200,2.9723115,2.1811905
ENSG00000287201,-0.60181135,1.9111841
ENSG00000287202,4.0009856,2.16918
ENSG00000287203,-5.0184174,3.3465986
ENSG00000287204,-5.107657,2.850614
ENSG00000287205,-4.759107,3.6206665
ENSG00000287206,-4.70692,3.749819
ENSG00000287207,-0.15208767,3.983552
ENSG00000287208,-5.936276,5.6761084
ENSG00000287209,-3.3870435,3.5146878
ENSG00000287210,-5.008145,3.698214
ENSG00000287211,-4.732182,5.4244876
ENSG00000287212,-5.01845,4.291989
ENSG00000287213,-1.821879,4.284737
ENSG00000287214,3.4340897,3.4277008
ENSG00000287215,-2.7567468,3.852121
ENSG00000287216,-0.38399103,1.5666538
ENSG00000287217,-5.9969163,4.437748
ENSG00000287218,0.8634132,1.9398874
ENSG00000287219,-4.8121037,3.0060608
ENSG00000287220,-3.522898,2.9686823
ENSG00000287221,1.9856167,3.3002605
ENSG00000287222,5.1068077,2.0422523
ENSG00000287223,2.5553558,3.65477
ENSG00000287224,-1.8372743,2.97438
ENSG00000287225,-2.8411608,3.543952
ENSG00000287226,0.92220986,4.483829
ENSG00000287227,-1.1489446,2.9359548
ENSG00000287228,-4.853044,4.8657947
ENSG00000287229,-1.514358,3.2674623
ENSG00000287230,-5.689298,3.288427
ENSG00000287231,-6.0068545,5.6409063
ENSG00000287232,-2.1638725,4.3073034
ENSG00000287233,0.5777096,4.3129196
ENSG00000287234,-0.7240113,4.411856
ENSG00000287235,-3.507951,4.8069863
ENSG00000287236,2.2545187,3.7058308
ENSG00000287237,-1.3701127,1.8212034
ENSG00000287238,4.1204567,2.8798184
ENSG00000287239,-5.0948925,3.7536418
ENSG00000287240,-4.89371,2.4689898
ENSG00000287241,-0.49509335,2.8785596
ENSG00000287242,0.536712,3.1205738
ENSG00000287243,-2.4525125,3.8352845
ENSG00000287244,-4.2812057,2.7494404
ENSG00000287245,2.4270222,3.8565397
ENSG00000287246,-5.267354,3.036601
ENSG00000287247,-5.357754,3.73238
ENSG00000287248,0.38828823,3.4618301
ENSG00000287249,3.0050418,3.5996916
ENSG00000287250,-0.6978938,3.9889019
ENSG00000287251,-4.951488,3.900074
ENSG00000287252,1.1404341,1.7075766
ENSG00000287253,-4.7585235,4.3277855
ENSG00000287254,-5.405058,2.7588809
ENSG00000287255,-0.4029068,1.3098078
ENSG00000287256,-4.7459216,3.9633942
ENSG00000287257,-0.44830927,2.5709362
ENSG00000287258,4.506573,3.5291774
ENSG00000287259,-0.0457123,3.0975442
ENSG00000287260,2.7723265,3.5303645
ENSG00000287262,3.3365934,3.3370156
ENSG00000287263,4.696175,2.0590022
ENSG00000287264,1.4685924,2.989306
ENSG00000287265,3.361581,2.3158615
ENSG00000287266,-5.639919,4.072912
ENSG00000287267,-4.763271,3.62937
ENSG00000287268,-3.9065886,3.0242114
ENSG00000287269,-0.37937427,2.480855
ENSG00000287270,-3.5781863,4.499175
ENSG00000287271,2.0924916,4.1856604
ENSG00000287272,-5.1989183,3.072884
ENSG00000287273,-4.3549814,4.159417
ENSG00000287274,-2.416605,2.7917395
ENSG00000287275,3.6294491,2.73088
ENSG00000287277,6.116317,3.1626554
ENSG00000287278,0.69559413,4.2681236
ENSG00000287279,-6.4419394,4.6247625
ENSG00000287280,-5.93703,5.4994206
ENSG00000287281,1.415721,3.0835779
ENSG00000287282,-6.45229,4.6232758
ENSG00000287283,-3.2824018,2.7615435
ENSG00000287284,-0.90093535,2.8320131
ENSG00000287285,-5.1922393,3.634324
ENSG00000287286,3.547549,3.708122
ENSG00000287287,0.17640562,2.7841685
ENSG00000287288,-4.1117263,2.560333
ENSG00000287289,1.5730625,3.2760525
ENSG00000287290,-5.573609,3.1713612
ENSG00000287291,-5.929824,5.1847525
ENSG00000287292,2.2093883,3.3188534
ENSG00000287293,-5.2164273,3.9183464
ENSG00000287294,-4.5610304,4.593767
ENSG00000287295,-4.8167334,3.990336
ENSG00000287296,-0.6132837,4.164099
ENSG00000287297,-6.108424,3.8451002
ENSG00000287298,-4.665691,3.9324112
ENSG00000287299,4.727113,2.9798021
ENSG00000287300,1.1937394,3.2366035
ENSG00000287301,-5.0294023,3.508712
ENSG00000287302,-1.7600703,4.008395
ENSG00000287303,1.007915,4.0744023
ENSG00000287304,-3.7847126,4.49687
ENSG00000287305,-4.857068,4.293852
ENSG00000287306,5.7306795,3.3935394
ENSG00000287307,1.5247537,3.9951248
ENSG00000287308,-5.956364,4.4844575
ENSG00000287309,2.0639534,4.223994
ENSG00000287310,2.1226528,3.5649548
ENSG00000287311,0.7706358,4.338056
ENSG00000287312,1.4988515,3.1536582
ENSG00000287313,2.8492503,3.393016
ENSG00000287314,-5.8735075,3.6595218
ENSG00000287315,3.4899895,1.7751578
ENSG00000287316,-5.8285108,5.5436788
ENSG00000287317,-4.7574983,2.987269
ENSG00000287318,-1.5732633,2.8080335
ENSG00000287319,3.2382596,3.140362
ENSG00000287320,0.6389462,4.287543
ENSG00000287321,-4.6909375,4.30942
ENSG00000287322,0.7762226,3.367339
ENSG00000287323,0.82558674,2.8382819
ENSG00000287324,-4.492597,4.4945874
ENSG00000287325,-1.5614662,2.870131
ENSG00000287326,-3.3232074,4.785755
ENSG00000287327,-4.783818,4.308584
ENSG00000287329,-0.57983196,3.4295874
ENSG00000287330,-0.8725967,2.5209208
ENSG00000287331,-3.8045688,4.9724503
ENSG00000287332,-3.7547374,3.6359634
ENSG00000287333,-4.963314,2.3496385
ENSG00000287334,-4.8567996,3.0448394
ENSG00000287335,3.2852345,2.2551239
ENSG00000287336,-3.1859772,2.5614707
ENSG00000287337,-0.97749245,4.3299155
ENSG00000287338,3.2373946,3.3743982
ENSG00000287339,-4.873531,4.879169
ENSG00000287340,-3.4410975,2.7118397
ENSG00000287341,-0.17185697,5.3922195
ENSG00000287342,-0.3912837,3.7517574
ENSG00000287343,-3.3809805,2.7309773
ENSG00000287344,-5.200755,3.0251012
ENSG00000287345,-4.839029,4.966741
ENSG00000287346,2.3298686,2.4583228
ENSG00000287347,-5.4430585,3.8224645
ENSG00000287348,-1.8444483,2.6627822
ENSG00000287349,-5.5218444,5.124869
ENSG00000287350,-6.0123177,5.5415945
ENSG00000287351,-0.48588103,2.5240355
ENSG00000287352,-4.1415524,5.2461925
ENSG00000287354,-4.171235,4.4105144
ENSG00000287355,-1.4909209,2.350845
ENSG00000287356,3.0707462,1.8146892
ENSG00000287357,2.3024924,3.8836136
ENSG00000287358,-2.6948488,3.746974
ENSG00000287359,-5.3162885,4.628961
ENSG00000287360,0.26781908,3.0126739
ENSG00000287361,-1.5987448,2.670797
ENSG00000287362,2.1731431,3.3256884
ENSG00000287364,1.3065357,3.6354868
ENSG00000287365,-1.8857546,2.6679533
ENSG00000287366,-5.335807,3.7360172
ENSG00000287367,-0.48984712,2.0379708
ENSG00000287368,-4.7723393,2.910565
ENSG00000287369,-2.9564426,4.6030097
ENSG00000287370,0.75236875,2.99432
ENSG00000287371,-4.176075,4.341901
ENSG00000287372,1.3852127,3.4834502
ENSG00000287373,3.389332,3.3346891
ENSG00000287374,0.65250665,3.944888
ENSG00000287375,-5.123325,2.5188825
ENSG00000287376,-4.6139197,3.7827313
ENSG00000287377,0.43270528,2.1863184
ENSG00000287378,-1.4711697,2.9197078
ENSG00000287379,-6.0161495,5.6416516
ENSG00000287380,4.4929667,3.557657
ENSG00000287381,-3.7287288,3.5774722
ENSG00000287382,1.2074907,1.9417847
ENSG00000287383,3.2420633,3.6284058
ENSG00000287384,-3.549647,4.5173874
ENSG00000287385,1.5357155,2.3132863
ENSG00000287386,-5.6631155,3.8435209
ENSG00000287387,3.9345407,2.9774637
ENSG00000287389,1.4284394,4.363735
ENSG00000287390,-6.014368,5.708041
ENSG00000287391,2.21263,3.2238717
ENSG00000287392,-4.6354337,6.048711
ENSG00000287393,-5.3506994,3.2244408
ENSG00000287394,-3.101175,5.194382
ENSG00000287395,-4.8098354,3.980009
ENSG00000287396,-5.5489073,5.1714306
ENSG00000287397,-3.5464675,2.8263624
ENSG00000287398,-5.0278463,4.345977
ENSG00000287399,1.2396208,2.9629006
ENSG00000287400,3.2171035,3.5108254
ENSG00000287401,-0.9383371,4.201189
ENSG00000287402,-0.9396686,4.027009
ENSG00000287403,-0.8123695,2.8200011
ENSG00000287404,-5.770476,3.6943316
ENSG00000287405,-0.028475793,2.6793647
ENSG00000287406,-5.9112997,3.2728767
ENSG00000287407,-3.3842018,4.115916
ENSG00000287408,2.9971921,3.3488042
ENSG00000287409,-5.3589997,4.284429
ENSG00000287410,-5.7260237,3.159001
ENSG00000287411,-0.9395203,3.5041735
ENSG00000287412,-4.656476,4.1385226
ENSG00000287413,1.8333074,4.0118213
ENSG00000287414,0.18088987,3.4379225
ENSG00000287415,-4.056215,3.9077275
ENSG00000287416,-1.0228473,2.8181465
ENSG00000287417,3.218865,3.7049115
ENSG00000287418,-5.0366373,2.4661489
ENSG00000287419,0.7282679,2.931706
ENSG00000287420,-1.2318791,1.6638176
ENSG00000287421,-0.79614836,2.814993
ENSG00000287422,1.0846287,4.1614895
ENSG00000287423,-5.091287,3.8566973
ENSG00000287424,3.5832365,3.4929826
ENSG00000287425,1.7634593,3.5990214
ENSG00000287426,-5.9234843,5.6829815
ENSG00000287427,-2.5674055,2.945499
ENSG00000287428,0.5442445,4.3439918
ENSG00000287429,-1.3546019,3.0831587
ENSG00000287430,-0.94603163,3.8666174
ENSG00000287432,-5.0961533,3.379307
ENSG00000287433,-5.259171,3.4961393
ENSG00000287434,0.29723737,3.3623233
ENSG00000287435,-3.8688724,5.2735176
ENSG00000287436,2.8568347,1.7914805
ENSG00000287437,2.4391975,3.413215
ENSG00000287438,-5.4057817,3.7117023
ENSG00000287439,4.5412126,3.564922
ENSG00000287440,-4.410347,4.4642615
ENSG00000287441,-5.2387595,4.8322954
ENSG00000287442,-5.5206404,4.370873
ENSG00000287443,-4.0977416,4.737841
ENSG00000287444,-5.717749,3.3919516
ENSG00000287445,0.014887367,3.6923614
ENSG00000287446,-4.19186,3.0911956
ENSG00000287447,-0.624558,2.473428
ENSG00000287448,-5.1546383,5.235175
ENSG00000287449,-5.051919,3.4320703
ENSG00000287451,-5.779755,5.385712
ENSG00000287452,4.233238,3.3309379
ENSG00000287453,-0.27438644,2.9296377
ENSG00000287454,3.2328312,3.587128
ENSG00000287455,-5.84643,3.9451313
ENSG00000287456,-0.47218558,3.1164672
ENSG00000287457,-4.578791,4.8834815
ENSG00000287458,1.4832869,3.0902681
ENSG00000287459,-4.7754397,3.9342172
ENSG00000287460,2.2611465,3.2289634
ENSG00000287462,-0.7059109,2.608453
ENSG00000287463,3.274055,3.537411
ENSG00000287464,-4.524233,4.3519034
ENSG00000287465,-4.52073,3.9501815
ENSG00000287466,-0.68681407,2.543477
ENSG00000287467,0.45649737,2.4855053
ENSG00000287468,-4.921566,4.142118
ENSG00000287469,2.022063,4.2746506
ENSG00000287470,-3.5317352,4.6839566
ENSG00000287471,-3.3867924,5.019155
ENSG00000287472,-4.9645214,4.154888
ENSG00000287473,-4.543991,3.418849
ENSG00000287474,3.9411523,3.686426
ENSG00000287475,3.188734,3.5646253
ENSG00000287476,-5.961545,5.4927936
ENSG00000287477,-1.282276,4.4536195
ENSG00000287478,-5.953874,4.7128386
ENSG00000287479,-1.825955,3.515569
ENSG00000287480,3.3350403,3.3571775
ENSG00000287481,-3.8524182,5.1267796
ENSG00000287482,-4.7122555,4.8502164
ENSG00000287483,0.7139726,3.2647305
ENSG00000287484,-4.801369,3.2798312
ENSG00000287485,-5.0593925,2.9690073
ENSG00000287486,-3.3417583,5.322268
ENSG00000287488,-5.2169476,4.13041
ENSG00000287489,-1.7074491,2.4879425
ENSG00000287490,-1.5600497,4.0347943
ENSG00000287491,-5.886041,5.571849
ENSG00000287492,-4.6388783,6.3174396
ENSG00000287493,0.7538528,3.0849755
ENSG00000287494,-1.2446213,1.8643478
ENSG00000287495,0.49500442,3.239728
ENSG00000287496,1.5302836,2.637117
ENSG00000287497,-4.834697,4.474772
ENSG00000287498,-3.6150336,2.7744439
ENSG00000287499,-0.96687496,2.745215
ENSG00000287500,-3.692023,5.041833
ENSG00000287501,-4.702484,3.745799
ENSG00000287502,-0.43930018,3.891895
ENSG00000287503,-1.5919557,2.650022
ENSG00000287504,-1.6691817,3.0641124
ENSG00000287505,-4.945459,3.7552993
ENSG00000287506,-2.9077933,4.324327
ENSG00000287507,-0.76427245,3.6282392
ENSG00000287508,-1.9728957,2.6461709
ENSG00000287509,-2.0874336,2.9146214
ENSG00000287510,-0.8777189,1.6660004
ENSG00000287511,-1.4841464,4.8469787
ENSG00000287512,0.10849944,2.960561
ENSG00000287513,-0.48882005,4.2780933
ENSG00000287514,-2.2256162,6.212137
ENSG00000287516,5.325409,3.2753236
ENSG00000287517,-4.884847,2.585774
ENSG00000287518,-0.2845032,2.7570822
ENSG00000287519,1.4716052,4.140054
ENSG00000287520,-5.402598,3.2122366
ENSG00000287521,-5.062161,3.8067112
ENSG00000287522,-0.21453339,3.4903018
ENSG00000287523,-5.975646,5.1593413
ENSG00000287524,-0.20353661,2.713929
ENSG00000287525,-2.0735774,2.8026092
ENSG00000287526,-5.055616,3.608728
ENSG00000287527,-2.5375836,4.386844
ENSG00000287528,-2.0866792,4.3666024
ENSG00000287529,-4.931342,5.23743
ENSG00000287530,1.0632358,4.2535625
ENSG00000287531,-6.057129,3.2435918
ENSG00000287532,-1.9084432,2.6980095
ENSG00000287533,-4.852959,4.180768
ENSG00000287534,-1.1355227,3.9975064
ENSG00000287535,-3.5198932,3.7320192
ENSG00000287536,-3.522435,2.7879388
ENSG00000287537,-3.029459,3.5736635
ENSG00000287538,-5.853561,5.6966767
ENSG00000287539,2.3269644,2.3430226
ENSG00000287540,-4.2183285,3.7539792
ENSG00000287543,2.3295856,2.3285952
ENSG00000287544,0.7405544,4.0634384
ENSG00000287545,-4.5003624,3.6901548
ENSG00000287546,-5.7079396,3.759513
ENSG00000287547,-3.3417814,5.023321
ENSG00000287548,-1.5243553,4.449177
ENSG00000287549,0.96977806,4.2584906
ENSG00000287550,2.2764442,3.8016157
ENSG00000287551,-4.6786346,3.2638507
ENSG00000287552,-5.1622233,3.6577106
ENSG00000287553,1.7808784,2.158397
ENSG00000287554,0.018898541,2.9050972
ENSG00000287555,3.0742805,3.2176476
ENSG00000287556,-5.4892116,3.1764667
ENSG00000287557,-5.114365,3.9290795
ENSG00000287558,4.9636593,3.4817703
ENSG00000287559,2.0719578,3.1520984
ENSG00000287560,-0.8746828,3.9030952
ENSG00000287561,-3.4418654,3.6345527
ENSG00000287562,5.1480536,2.6996217
ENSG00000287563,-4.4851027,4.0034037
ENSG00000287564,-0.79125416,3.960119
ENSG00000287565,3.8515286,3.4811735
ENSG00000287566,-2.508798,4.803507
ENSG00000287567,-3.6302586,2.072802
ENSG00000287568,-5.137406,3.3864658
ENSG00000287569,2.3723009,2.331802
ENSG00000287570,-3.4205315,3.416252
ENSG00000287571,-4.1389027,4.185981
ENSG00000287572,-4.7489996,4.2221437
ENSG00000287573,3.30058,3.5056994
ENSG00000287574,3.0316713,2.1738608
ENSG00000287575,-2.2540421,4.7783403
ENSG00000287576,4.292637,2.9186878
ENSG00000287577,-3.4709933,3.9829443
ENSG00000287578,-3.0133536,3.4031508
ENSG00000287579,-5.2371273,3.301577
ENSG00000287580,2.332391,3.066758
ENSG00000287581,-0.8419727,2.583609
ENSG00000287582,0.6195703,4.3078446
ENSG00000287583,-3.0736759,3.320862
ENSG00000287584,1.4679083,2.9272218
ENSG00000287586,0.7560452,4.1704597
ENSG00000287587,-4.9085374,3.9564726
ENSG00000287588,-4.825779,2.7411432
ENSG00000287589,0.94311184,3.2075799
ENSG00000287590,-5.4797106,3.739584
ENSG00000287591,4.1232877,3.1932817
ENSG00000287592,-1.9688591,5.178027
ENSG00000287593,0.75160736,2.8607175
ENSG00000287594,-2.860871,4.465732
ENSG00000287595,-0.60051703,1.6761073
ENSG00000287596,-5.4518085,5.0462723
ENSG00000287597,-0.7769008,3.0849657
ENSG00000287598,-4.998091,4.193294
ENSG00000287599,-4.823413,4.58542
ENSG00000287600,1.0791502,2.9766266
ENSG00000287601,-0.36340016,3.5511813
ENSG00000287602,1.7613696,3.1482997
ENSG00000287603,1.9198672,3.7425816
ENSG00000287604,-3.7097569,2.9533556
ENSG00000287605,-5.5581365,3.3153234
ENSG00000287608,3.511795,3.6874418
ENSG00000287609,3.2051728,3.8942294
ENSG00000287610,-5.004462,4.278779
ENSG00000287611,4.609239,3.5388732
ENSG00000287612,-5.261882,5.0916376
ENSG00000287613,-1.0671694,2.3509154
ENSG00000287614,-4.6718006,5.3856444
ENSG00000287615,-3.9911468,3.4204445
ENSG00000287616,-3.5673735,3.114319
ENSG00000287617,-0.12182015,3.3676906
ENSG00000287618,-0.19888186,3.0165563
ENSG00000287619,2.0998144,3.1089573
ENSG00000287620,0.25760597,3.5986402
ENSG00000287621,0.51846105,4.2781634
ENSG00000287622,-5.90127,5.513557
ENSG00000287623,-2.8707433,2.6439774
ENSG00000287624,-1.3843406,2.3784738
ENSG00000287625,3.7816567,2.2654607
ENSG00000287626,0.7927328,2.8187492
ENSG00000287627,-3.9946818,5.5892105
ENSG00000287628,-5.684105,3.6895254
ENSG00000287629,1.8450382,3.6886017
ENSG00000287630,2.033811,3.1552725
ENSG00000287631,-4.5560627,6.30706
ENSG00000287632,-2.1412594,6.300749
ENSG00000287633,1.2961949,4.1304755
ENSG00000287634,-4.803428,3.628664
ENSG00000287635,-5.9213724,5.474305
ENSG00000287636,-4.742502,5.1497207
ENSG00000287637,0.6881017,3.323245
ENSG00000287639,-5.4181647,4.1987386
ENSG00000287640,-5.4130225,2.9941454
ENSG00000287641,-4.3914185,4.520484
ENSG00000287642,-0.30736277,4.0951715
ENSG00000287643,3.224749,4.17569
ENSG00000287644,1.703335,1.8025153
ENSG00000287645,-3.43775,2.7176983
ENSG00000287646,1.5880029,4.0698514
ENSG00000287647,-0.91112125,2.7125978
ENSG00000287648,-2.3939974,2.9173315
ENSG00000287649,-2.271691,2.595969
ENSG00000287650,1.3565415,3.6242733
ENSG00000287651,-5.626973,3.6903043
ENSG00000287652,-3.4427505,4.196585
ENSG00000287653,2.1547878,3.9735875
ENSG00000287654,-1.071867,4.183084
ENSG00000287655,-0.5344991,4.0062985
ENSG00000287656,-2.6289625,4.8794675
ENSG00000287657,-0.22892228,4.523428
ENSG00000287658,-0.6170894,3.0027356
ENSG00000287659,-5.330805,3.3835173
ENSG00000287660,-5.5618134,5.2117043
ENSG00000287661,-3.5868037,2.850833
ENSG00000287662,1.3437237,3.4545405
ENSG00000287663,-1.5098934,2.9721746
ENSG00000287664,1.7696301,2.391322
ENSG00000287665,1.8590609,3.4032369
ENSG00000287666,0.4830291,4.1539645
ENSG00000287667,3.193951,3.3351483
ENSG00000287668,-0.12129924,3.048502
ENSG00000287669,-5.315077,3.8937836
ENSG00000287670,2.1534004,2.220446
ENSG00000287671,4.5819826,3.5414543
ENSG00000287672,2.5682564,2.2348793
ENSG00000287673,-3.6533277,4.8289766
ENSG00000287674,-5.8921876,3.344936
ENSG00000287675,-4.410514,2.91046
ENSG00000287676,-0.45981562,3.5812795
ENSG00000287677,1.0053276,3.1321838
ENSG00000287678,0.13859266,2.8932188
ENSG00000287679,5.7098155,3.3755999
ENSG00000287680,-0.07113995,1.6880058
ENSG00000287681,-3.3672953,3.498443
ENSG00000287682,3.514633,3.3528
ENSG00000287683,-5.6365466,3.7090855
ENSG00000287684,2.8695118,3.8863196
ENSG00000287685,-5.7342596,3.3641927
ENSG00000287687,-5.006046,5.1591625
ENSG00000287688,2.4237638,2.1541755
ENSG00000287689,0.7492495,3.1837087
ENSG00000287690,-3.065487,2.6599164
ENSG00000287691,-0.0060299183,1.9148542
ENSG00000287692,2.4844537,3.4509182
ENSG00000287693,1.4234393,3.1874244
ENSG00000287695,2.7029426,3.364822
ENSG00000287696,-5.0672717,4.274274
ENSG00000287697,1.2233433,2.5932355
ENSG00000287698,-4.0864534,3.7130485
ENSG00000287699,-4.934537,2.6427438
ENSG00000287700,-3.507677,2.7569773
ENSG00000287701,-4.89892,3.5782356
ENSG00000287702,-2.094525,2.8210897
ENSG00000287703,-4.982987,2.85339
ENSG00000287704,-3.332979,2.9450758
ENSG00000287705,-2.9256883,3.7261667
ENSG00000287706,-0.76026934,2.7714117
ENSG00000287707,3.1927674,3.4384947
ENSG00000287708,-4.568517,2.8888779
ENSG00000287709,-3.2623596,5.9832993
ENSG00000287710,2.8697612,1.7285762
ENSG00000287712,-1.7344679,4.6786475
ENSG00000287713,-1.0562276,1.4614153
ENSG00000287714,1.8409725,3.6555223
ENSG00000287715,3.1323626,3.4059176
ENSG00000287717,-4.1812105,3.8393261
ENSG00000287718,-4.5217733,4.5046015
ENSG00000287719,3.8933363,2.9048593
ENSG00000287720,-1.9737058,3.5909073
ENSG00000287721,3.5994012,2.1049707
ENSG00000287722,-6.0325036,5.710231
ENSG00000287723,-0.15370329,3.5520926
ENSG00000287724,-1.7332988,2.7502031
ENSG00000287726,2.5878751,3.726258
ENSG00000287727,1.8703924,3.038403
ENSG00000287728,-5.4579854,3.2538483
ENSG00000287729,-0.25861138,4.014248
ENSG00000287730,-3.476954,4.8025575
ENSG00000287731,-2.3182726,4.0677986
ENSG00000287732,-4.9749928,3.7767167
ENSG00000287733,3.6511552,2.0976508
ENSG00000287734,-5.155357,3.2135885
ENSG00000287735,3.0581856,2.7551003
ENSG00000287736,0.2498472,1.4949169
ENSG00000287737,3.9049296,2.033141
ENSG00000287738,-0.38216463,2.9522994
ENSG00000287739,1.1514509,3.5020027
ENSG00000287740,-2.1684246,2.6724248
ENSG00000287741,-5.5870724,3.530998
ENSG00000287742,1.2440529,3.5986266
ENSG00000287743,-0.8750485,4.2357016
ENSG00000287744,-0.721191,2.6674867
ENSG00000287745,-3.3907096,3.5105557
ENSG00000287746,-5.572488,3.66075
ENSG00000287747,-1.8869244,2.4543712
ENSG00000287748,-4.812466,3.631459
ENSG00000287749,-4.130227,3.256073
ENSG00000287752,-6.0094457,5.6460032
ENSG00000287754,3.90301,3.5738735
ENSG00000287755,-4.9510007,3.5430832
ENSG00000287756,-0.3895118,2.7595067
ENSG00000287757,2.253513,2.9087965
ENSG00000287758,-5.9403744,5.273378
ENSG00000287759,1.7459364,3.2832198
ENSG00000287760,-0.25905615,3.971764
ENSG00000287761,-1.8255067,2.8432584
ENSG00000287762,-2.70135,2.77799
ENSG00000287763,-0.45958793,3.69598
ENSG00000287764,-0.2354683,4.553371
ENSG00000287765,-0.16462882,5.378625
ENSG00000287766,0.6921646,3.1723738
ENSG00000287767,-1.9434803,2.0715199
ENSG00000287768,-5.8944793,5.362354
ENSG00000287769,5.0584717,2.6920407
ENSG00000287771,-0.8970321,1.4251795
ENSG00000287772,2.624076,2.7099276
ENSG00000287773,-2.8877294,3.682704
ENSG00000287774,0.8099033,3.9342506
ENSG00000287775,-4.192502,3.725146
ENSG00000287776,1.1318014,4.26127
ENSG00000287777,-3.7558458,3.0066078
ENSG00000287778,2.6773138,4.3741903
ENSG00000287780,-0.85176396,4.3223705
ENSG00000287781,-5.073331,4.703191
ENSG00000287782,-4.735412,4.387207
ENSG00000287783,-3.0215466,3.5568058
ENSG00000287784,-5.205555,4.6619368
ENSG00000287785,-2.511412,3.254672
ENSG00000287786,-2.0100398,2.5320032
ENSG00000287787,0.47286424,3.5411189
ENSG00000287788,-3.2097619,4.7836056
ENSG00000287789,-1.0544534,2.3057775
ENSG00000287790,-5.0946918,3.4350834
ENSG00000287791,-3.8047419,3.8898375
ENSG00000287792,-5.3560224,3.0609663
ENSG00000287793,-4.9231296,3.392365
ENSG00000287795,1.1240859,4.296093
ENSG00000287796,2.2572343,3.3731234
ENSG00000287797,3.3640125,3.4785838
ENSG00000287798,-1.7166405,3.3778393
ENSG00000287799,-1.4622446,3.5678535
ENSG00000287801,-5.299461,3.16442
ENSG00000287802,-1.2315068,2.0270176
ENSG00000287803,-2.6676452,2.941479
ENSG00000287804,-0.59272534,4.3711877
ENSG00000287805,-4.335842,3.8032715
ENSG00000287806,-2.6807377,4.554531
ENSG00000287807,-1.4775207,2.8199482
ENSG00000287809,3.5668693,2.334093
ENSG00000287811,2.3370605,2.1861286
ENSG00000287812,-0.90789473,2.528863
ENSG00000287813,-3.1184485,2.6258655
ENSG00000287814,-3.319092,4.3004603
ENSG00000287815,1.8793781,2.6491737
ENSG00000287816,-2.525381,2.83726
ENSG00000287817,2.7040184,1.860509
ENSG00000287818,-4.019448,4.877933
ENSG00000287819,-3.5761092,2.8019004
ENSG00000287820,-3.0029764,3.3354902
ENSG00000287821,-4.423676,3.6638937
ENSG00000287822,-2.405954,2.6331804
ENSG00000287823,-0.73196274,1.6504215
ENSG00000287824,0.8225279,3.1530855
ENSG00000287825,4.760479,2.5824533
ENSG00000287826,4.027111,3.3533156
ENSG00000287827,-5.221036,3.3178704
ENSG00000287828,-3.141188,5.1094027
ENSG00000287829,1.1353046,4.227435
ENSG00000287830,1.8394288,4.001928
ENSG00000287831,-4.9716187,3.339442
ENSG00000287832,-5.233233,4.028627
ENSG00000287833,4.424308,3.6780882
ENSG00000287834,-5.600408,3.9434361
ENSG00000287835,-4.127238,3.6042018
ENSG00000287836,1.5491476,3.3982735
ENSG00000287837,3.7412136,2.102048
ENSG00000287838,-3.6836889,3.7766385
ENSG00000287839,4.760533,2.2302878
ENSG00000287840,-2.7963877,2.873603
ENSG00000287841,-5.0892763,3.2716613
ENSG00000287842,-3.1338904,2.718054
ENSG00000287843,-3.09099,4.289145
ENSG00000287844,-2.7721465,3.7441971
ENSG00000287845,1.0165604,4.2914248
ENSG00000287847,2.2280962,3.6824954
ENSG00000287848,-3.8277407,5.562969
ENSG00000287849,-5.064316,4.1368985
ENSG00000287850,-5.239502,2.8910577
ENSG00000287851,1.6960849,4.359249
ENSG00000287852,1.2905517,4.0168447
ENSG00000287853,3.4302545,2.2861803
ENSG00000287854,-5.365286,3.9774756
ENSG00000287855,2.7054887,2.9638367
ENSG00000287857,-0.36409277,2.5700755
ENSG00000287858,-3.1067073,4.2265115
ENSG00000287859,-0.7170183,3.693977
ENSG00000287860,4.13136,3.59489
ENSG00000287861,-4.644987,5.3267226
ENSG00000287862,0.7491521,3.1944914
ENSG00000287863,-4.1292453,3.602152
ENSG00000287864,-4.384041,4.2244606
ENSG00000287865,-1.4176615,4.6978445
ENSG00000287866,-3.4611661,2.756615
ENSG00000287867,3.5222578,3.4377341
ENSG00000287868,3.2932954,3.1344965
ENSG00000287869,-4.625552,3.6323535
ENSG00000287870,-0.51633954,2.9746115
ENSG00000287871,-4.921285,2.5708642
ENSG00000287872,2.1493745,3.3331113
ENSG00000287873,-4.473036,4.1734643
ENSG00000287874,-5.063551,4.1615143
ENSG00000287875,-1.2967312,2.5648587
ENSG00000287876,1.8744781,3.2679944
ENSG00000287877,-2.1471882,3.0136113
ENSG00000287878,3.5237038,2.2357175
ENSG00000287879,1.7643164,3.5562837
ENSG00000287880,-5.6395574,3.9145389
ENSG00000287881,-5.0014906,3.9528806
ENSG00000287882,-5.7782097,3.6748345
ENSG00000287883,-3.6688287,3.6096876
ENSG00000287884,2.5468092,2.5897102
ENSG00000287885,-4.0718765,4.9719024
ENSG00000287886,-0.8169258,4.0535755
ENSG00000287887,2.6045504,2.5839684
ENSG00000287888,-3.91105,2.6579185
ENSG00000287890,-1.5872061,3.0934656
ENSG00000287891,-3.7881,3.5819867
ENSG00000287892,1.8112035,3.0855675
ENSG00000287893,1.0390428,3.127084
ENSG00000287894,-2.159994,4.656852
ENSG00000287895,2.8656576,3.2654035
ENSG00000287896,2.138919,3.8229406
ENSG00000287897,-3.2479434,2.7432387
ENSG00000287898,-2.8623497,3.9438848
ENSG00000287899,0.9650011,4.4506197
ENSG00000287900,-2.7188015,3.7268515
ENSG00000287901,-1.4951941,2.9835684
ENSG00000287902,-4.272488,4.677239
ENSG00000287903,-4.624614,4.2790084
ENSG00000287904,-5.7905736,3.941276
ENSG00000287905,-4.679033,5.6736
ENSG00000287906,-1.7758107,5.2503204
ENSG00000287907,-4.5697374,2.7526011
ENSG00000287909,-4.935122,3.7050228
ENSG00000287910,1.8677818,2.4771054
ENSG00000287911,-3.521542,4.6835685
ENSG00000287912,-3.2167857,2.70259
ENSG00000287913,2.0354679,4.0173206
ENSG00000287914,-4.176472,4.728826
ENSG00000287915,-3.6160192,4.999812
ENSG00000287916,2.5513022,4.5662093
ENSG00000287917,3.7531164,2.1942444
ENSG00000287918,2.7037704,3.0442355
ENSG00000287919,-4.285091,3.8267
ENSG00000287920,3.6547446,3.0109158
ENSG00000287921,-1.4976006,4.9648566
ENSG00000287922,1.5920972,3.3643184
ENSG00000287923,-3.0044923,3.9570277
ENSG00000287925,-0.107971564,3.0739315
ENSG00000287926,-0.7392187,1.4211439
ENSG00000287927,-2.5300522,6.012655
ENSG00000287928,-3.8699472,5.875265
ENSG00000287929,-2.4571764,5.07197
ENSG00000287930,-2.528992,2.808947
ENSG00000287931,-5.5871754,4.4456725
ENSG00000287932,-0.6511167,2.460804
ENSG00000287933,5.7548294,3.3724625
ENSG00000287934,3.3362305,2.2975612
ENSG00000287935,1.651687,2.830053
ENSG00000287936,0.123597585,3.0708282
ENSG00000287937,0.5539958,3.346916
ENSG00000287938,-1.3460882,1.4486663
ENSG00000287939,-1.5587301,2.5343974
ENSG00000287940,-4.7363143,4.452769
ENSG00000287941,-5.1520257,4.3406944
ENSG00000287942,-4.803381,4.324618
ENSG00000287943,-5.979277,5.549532
ENSG00000287944,-6.3512683,4.614855
ENSG00000287945,1.9939792,3.7503307
ENSG00000287946,-4.104513,3.830577
ENSG00000287947,-5.989939,3.791687
ENSG00000287948,-6.021422,3.2294996
ENSG00000287949,0.2607816,3.0013926
ENSG00000287950,-0.7414697,2.3490064
ENSG00000287951,-4.507986,4.9870095
ENSG00000287952,-0.7624992,4.6155443
ENSG00000287953,-5.3223133,3.0777495
ENSG00000287954,-5.6447625,4.0644293
ENSG00000287955,-3.4645247,3.8517923
ENSG00000287956,-3.6878006,5.966113
ENSG00000287957,2.5917227,2.8715441
ENSG00000287958,-0.7570841,1.4013478
ENSG00000287959,-0.27293742,2.4952567
ENSG00000287960,2.2764258,2.7697885
ENSG00000287961,-1.1684027,4.1687107
ENSG00000287962,-6.058348,5.8122663
ENSG00000287963,3.8670917,3.3518763
ENSG00000287964,-5.3271914,2.7729106
ENSG00000287965,-0.78831416,2.745942
ENSG00000287966,2.6961193,1.8964717
ENSG00000287967,3.9423208,1.5574197
ENSG00000287968,-0.19795896,2.9208856
ENSG00000287969,-3.6031115,2.98276
ENSG00000287970,-3.597557,3.557377
ENSG00000287971,-4.5781336,3.6040258
ENSG00000287972,1.5547786,3.2571642
ENSG00000287973,-4.7275367,5.559125
ENSG00000287974,-1.1203693,2.865606
ENSG00000287975,0.6704504,4.2384357
ENSG00000287976,-4.9755864,3.5876431
ENSG00000287978,3.6450856,1.8179288
ENSG00000287979,3.7319891,2.5483513
ENSG00000287980,-5.977221,5.359205
ENSG00000287981,-5.2211456,3.313332
ENSG00000287982,-5.1162996,4.8190084
ENSG00000287983,1.3637764,4.083952
ENSG00000287984,-5.736865,3.843153
ENSG00000287985,-0.3224833,3.8382685
ENSG00000287986,1.3397292,3.9054835
ENSG00000287987,-5.037795,4.1329875
ENSG00000287989,-1.9091367,1.893353
ENSG00000287990,-3.0046327,2.6814253
ENSG00000287991,0.8649969,3.7250614
ENSG00000287992,-2.4424558,2.7608154
ENSG00000287993,-4.527593,3.6049504
ENSG00000287994,-5.7413306,4.8809333
ENSG00000287995,-3.5274336,4.608484
ENSG00000287996,-0.07622969,2.9114063
ENSG00000287997,-3.6190143,4.352944
ENSG00000287998,4.563408,3.5345247
ENSG00000287999,-4.2005525,3.122737
ENSG00000288001,-4.2363596,2.8503172
ENSG00000288002,-4.007555,3.3894408
ENSG00000288003,-0.5494201,2.6912527
ENSG00000288004,-4.5245185,5.087792
ENSG00000288005,-1.5209762,2.8477187
ENSG00000288006,-0.43118823,3.02636
ENSG00000288007,-1.3794725,4.41844
ENSG00000288008,-1.8797927,2.7336917
ENSG00000288009,1.8725458,2.837287
ENSG00000288010,3.4609005,2.9029415
ENSG00000288011,3.797543,3.263842
ENSG00000288012,3.0206141,1.5389023
ENSG00000288013,-3.2726116,3.993339
ENSG00000288015,-5.376069,3.295313
ENSG00000288016,3.3174243,3.2843409
ENSG00000288017,-4.7704225,4.2105145
ENSG00000288018,2.5227134,2.232578
ENSG00000288019,-5.561056,3.254726
ENSG00000288020,-4.780667,4.285543
ENSG00000288021,-1.0234714,3.4466095
ENSG00000288022,-2.8004687,4.640335
ENSG00000288023,-1.3544612,3.1674647
ENSG00000288024,-4.9331512,4.665243
ENSG00000288025,0.93354785,3.0370023
ENSG00000288026,-0.2796434,3.0081158
ENSG00000288028,1.6427606,3.4579961
ENSG00000288029,-3.6281796,4.0292716
ENSG00000288030,-6.059747,3.1377437
ENSG00000288032,-0.37780482,2.7397878
ENSG00000288033,2.6322384,2.5134242
ENSG00000288034,-4.3292584,3.5232368
ENSG00000288035,-5.567724,3.7312589
ENSG00000288036,-5.8751445,5.562368
ENSG00000288037,-4.7524524,4.3602676
ENSG00000288038,-3.4518716,4.435448
ENSG00000288039,-5.72873,4.875938
ENSG00000288040,3.0829608,2.2172685
ENSG00000288041,-4.689347,4.1032004
ENSG00000288042,-5.92247,5.479105
ENSG00000288043,-1.2535121,1.5563436
ENSG00000288044,-0.22117497,4.395968
ENSG00000288045,-0.12621294,3.8519893
ENSG00000288046,2.0859058,2.8501017
ENSG00000288047,-3.2127573,5.509508
ENSG00000288048,0.8039864,3.112251
ENSG00000288049,3.132453,3.9952714
ENSG00000288050,-0.66471463,2.4967248
ENSG00000288051,0.5630687,3.108107
ENSG00000288052,-5.1564956,3.0808418
ENSG00000288054,2.6590881,3.4799008
ENSG00000288055,-4.6437993,4.09495
ENSG00000288056,3.4262674,3.240258
ENSG00000288057,-5.623742,3.4031272
ENSG00000288058,-4.203835,2.377582
ENSG00000288059,-5.031807,4.210368
ENSG00000288060,-2.2156253,4.239196
ENSG00000288061,2.8335123,1.8411559
ENSG00000288062,-0.35838974,3.9131753
ENSG00000288063,-0.7259737,4.299573
ENSG00000288064,-1.5377465,1.8391963
ENSG00000288065,2.577274,2.502487
ENSG00000288066,5.556962,2.2760558
ENSG00000288067,3.8672163,3.5230544
ENSG00000288068,0.15481605,3.162026
ENSG00000288069,-3.7824366,2.970656
ENSG00000288070,-4.3673015,3.7749505
ENSG00000288071,-0.8634416,3.166374
ENSG00000288072,-5.018714,3.5639212
ENSG00000288073,-3.7575362,5.0571775
ENSG00000288074,-4.9144225,2.8455195
ENSG00000288075,5.182364,2.7320945
ENSG00000288076,-0.677005,2.479431
ENSG00000288077,-2.418226,2.9024017
ENSG00000288078,3.064243,3.4262865
ENSG00000288079,0.934342,3.2057765
ENSG00000288080,-2.2066853,2.7944508
ENSG00000288081,-6.087506,5.79336
ENSG00000288082,-0.94131136,1.4288343
ENSG00000288083,-4.697274,4.0557895
ENSG00000288084,1.7879064,3.8942509
ENSG00000288085,-1.6044874,2.8918862
ENSG00000288086,-5.0764,4.7551785
ENSG00000288087,1.5279436,3.9110377
ENSG00000288088,-4.9097443,3.696924
ENSG00000288089,0.14489894,2.8327663
ENSG00000288090,-3.506671,2.9830194
ENSG00000288091,4.478924,3.5243833
ENSG00000288092,-4.8211985,3.645873
ENSG00000288093,3.0470448,3.4184124
ENSG00000288094,-5.580626,3.8860521
ENSG00000288095,1.7707989,2.72173
ENSG00000288096,2.9617534,3.5581293
ENSG00000288097,-5.392077,3.2354786
ENSG00000288098,0.6824512,3.1076443
ENSG00000288099,0.48476171,3.3191097
ENSG00000288100,-3.3648298,5.7087364
ENSG00000288101,-4.9115057,3.740891
ENSG00000288102,-4.995832,3.2513726
ENSG00000288103,-2.2499685,3.2396903
ENSG00000288104,-1.1540082,2.6754913
ENSG00000288105,3.5827324,3.2630959
ENSG00000288106,0.068820395,3.4478266
ENSG00000288107,4.6316676,2.8093514
ENSG00000288108,-5.0138507,4.3127775
ENSG00000288109,-2.2352498,2.9601932
ENSG00000288110,-3.4800103,2.7096472
ENSG00000288111,-3.712131,4.934546
ENSG00000288115,1.1821312,4.143932
ENSG00000288116,-4.6298594,2.9553678
ENSG00000288125,-3.8087852,5.3991814
ENSG00000288129,-3.7113302,3.5355766
ENSG00000288135,-5.195161,4.6257205
ENSG00000288140,-6.0118585,5.607225
ENSG00000288150,0.4977143,4.303939
ENSG00000288151,-2.5518465,4.525648
ENSG00000288156,1.8313316,1.3667132
ENSG00000288162,-4.3345485,4.009535
ENSG00000288163,-5.1824393,3.9069455
ENSG00000288172,-4.4449763,3.2027888
ENSG00000288177,-1.4533485,4.1269326
ENSG00000288179,-5.0295877,4.865782
ENSG00000288182,-2.5418782,3.199249
ENSG00000288187,3.915888,1.628212
ENSG00000288209,-2.5229285,4.238172
ENSG00000288212,-0.02815519,2.8171968
ENSG00000288224,0.46813282,2.0126443
ENSG00000288231,-3.7047591,4.3944845
ENSG00000288234,-2.827818,5.3521056
ENSG00000288242,2.7799754,3.9036732
ENSG00000288244,1.5572737,2.5203555
ENSG00000288245,-5.196828,3.2344801
ENSG00000288246,-2.6424456,4.065093
ENSG00000288247,-3.8646264,4.2910414
ENSG00000288252,-5.044228,3.7699313
ENSG00000288253,2.3127897,2.8589315
ENSG00000288254,6.668193,3.0627594
ENSG00000288256,-4.234867,4.5012217
ENSG00000288267,-5.3463755,4.521174
ENSG00000288271,-0.6155975,4.0895967
ENSG00000288276,-1.1620071,3.540536
ENSG00000288277,-5.370323,2.6494305
ENSG00000288281,-2.0422714,3.4274557
ENSG00000288288,-2.1590867,6.275223
ENSG00000288296,-3.7518203,2.0294225
ENSG00000288300,-5.2456,4.034893
ENSG00000288302,-0.5538466,1.3653526
ENSG00000288304,1.5176821,2.494251
ENSG00000288311,-3.6579754,4.2139425
ENSG00000288321,-5.18766,3.3517427
ENSG00000288322,-3.9618123,4.005484
ENSG00000288334,-4.898853,2.6607847
ENSG00000288343,-0.9139656,3.7252855
ENSG00000288351,-4.829785,2.3463242
ENSG00000288356,-3.7160375,4.0543275
ENSG00000288365,-5.6129174,4.685929
ENSG00000288371,-3.7284946,2.438724
ENSG00000288372,-4.70284,5.160649
ENSG00000288379,-2.1063316,3.3455791
ENSG00000288383,3.1433165,1.8946457
ENSG00000288384,-2.773402,4.0873384
ENSG00000288398,5.39795,2.2582333
ENSG00000288403,-4.0043225,4.6622143
ENSG00000288404,-4.698935,2.7751477
ENSG00000288409,-2.6826634,5.010181
ENSG00000288414,-0.7890082,2.8820548
ENSG00000288420,-1.4521502,3.7531838
ENSG00000288425,-5.3779325,2.7923715
ENSG00000288433,-5.05739,4.27263
ENSG00000288441,-4.8916273,4.2308035
ENSG00000288444,6.6723747,3.0651906
ENSG00000288448,-3.9807982,2.6547508
ENSG00000288449,-2.2125933,3.2658405
ENSG00000288450,-3.4702954,3.8960295
ENSG00000288452,-1.5286036,1.8673306
ENSG00000288458,-2.8490329,3.712225
ENSG00000288459,-4.5565596,4.5275855
ENSG00000288467,3.9933376,3.5169115
ENSG00000288473,-0.12920395,3.675284
ENSG00000288494,-5.511101,4.867713
ENSG00000288496,-4.7090344,4.24258
ENSG00000288502,-3.6216433,3.4726868
ENSG00000288507,-5.969326,5.5411367
ENSG00000288510,-2.4839215,4.186803
ENSG00000288519,-4.124078,4.5158157
ENSG00000288522,-5.6137853,3.6634727
ENSG00000288523,-4.2352214,3.4962382
ENSG00000288524,-1.7702498,1.6503177
ENSG00000288526,-3.6749253,3.018108
ENSG00000288528,-2.0322332,1.9903978
ENSG00000288530,-3.6601105,5.510778
ENSG00000288531,3.742079,2.8331003
ENSG00000288532,-4.632685,3.8248575
ENSG00000288533,1.0079046,3.0866895
ENSG00000288535,-5.9470916,5.2712593
ENSG00000288536,-5.017661,3.511584
ENSG00000288537,-3.0868359,2.9437428
ENSG00000288538,3.4948728,1.9490677
ENSG00000288539,-2.254765,2.7148218
ENSG00000288540,-3.5895169,3.0506916
ENSG00000288542,0.9506003,2.5242193
ENSG00000288543,-2.767442,3.7632174
ENSG00000288545,-6.0609326,5.81101
ENSG00000288548,0.2123654,3.5029378
ENSG00000288549,-0.61834145,3.851372
ENSG00000288551,-0.42078385,2.9639788
ENSG00000288552,-1.1451744,3.1234825
ENSG00000288553,-5.9416466,5.41836
ENSG00000288554,-4.537727,4.405995
ENSG00000288555,-4.653598,3.9166093
ENSG00000288557,1.7536587,3.6082852
ENSG00000288559,4.231622,1.8114204
ENSG00000288560,-0.33165747,2.906714
ENSG00000288562,1.377557,4.212388
ENSG00000288563,-3.25437,3.3110158
ENSG00000288565,1.9955364,3.8083005
ENSG00000288566,-4.809931,3.9037764
ENSG00000288571,-0.33949783,2.951973
ENSG00000288573,2.7159595,1.8937815
ENSG00000288574,-3.0750525,3.3799887
ENSG00000288575,-4.414553,4.1981845
ENSG00000288576,-4.7608037,4.231167
ENSG00000288577,1.4551362,4.2765217
ENSG00000288578,-5.1881576,3.4117455
ENSG00000288580,1.9517739,3.172277
ENSG00000288581,-3.6164336,3.5588841
ENSG00000288582,-1.2726324,1.4287578
ENSG00000288583,-1.9193846,3.2334623
ENSG00000288584,-3.942944,3.2966945
ENSG00000288585,0.547645,3.4095762
ENSG00000288586,2.763461,1.8400795
ENSG00000288587,-0.6645678,3.7174876
ENSG00000288588,1.9045752,3.4674282
ENSG00000288589,0.41393515,3.144161
ENSG00000288595,-4.541503,6.8315783
ENSG00000288597,4.972327,2.8813748
ENSG00000288598,3.8769946,3.0049758
ENSG00000288600,-1.2155917,1.5498778
ENSG00000288605,-5.6845894,4.9859076
ENSG00000288606,-4.472179,4.324721
ENSG00000288610,-3.7619522,5.044317
ENSG00000288612,3.9695685,1.8529131
ENSG00000288615,-3.5926137,3.5408185
ENSG00000288618,-4.94248,4.2281976
ENSG00000288632,5.3500776,2.159186
ENSG00000288648,-4.026941,3.383858
ENSG00000288656,-3.5549479,1.8117381
ENSG00000288657,-2.9769847,3.49689
ENSG00000288659,-2.3631625,3.1361458
ENSG00000288662,-4.9054756,4.3611608
ENSG00000288663,5.733506,2.770041
ENSG00000288665,-4.872853,4.226427
ENSG00000288667,-4.8155646,3.8878992
ENSG00000288670,5.2410436,2.1939845
ENSG00000288679,3.3842185,3.2718396
ENSG00000288685,2.6696403,3.3532577
ENSG00000288691,-4.8193984,3.5462492
ENSG00000288692,0.59752184,4.304833
ENSG00000288696,-1.4784402,3.5864112
ENSG00000288700,-0.40364888,1.2323469
ENSG00000288703,3.0546637,4.5335274
ENSG00000288704,1.9748545,2.1221082
ENSG00000288707,-2.9444222,4.3225665
ENSG00000288713,-4.797296,4.4973354
ENSG00000288714,-1.009991,3.7691092
ENSG00000288717,-2.424218,4.490259
ENSG00000288718,-1.9418179,4.657145
ENSG00000288719,2.0678904,3.3655522
ENSG00000288720,2.519905,2.8233972
ENSG00000288723,-1.390158,3.717893
ENSG00000288724,-4.875803,3.8870516
ENSG00000288726,-5.867028,5.3256817
ENSG00000288727,-4.6472454,4.0573726
ENSG00000288728,2.427194,1.9132587
ENSG00000288729,-3.7570286,5.9012895
ENSG00000288730,-0.9952253,1.4861591
ENSG00000288731,-1.1017103,3.3825607
ENSG00000288732,-3.887501,5.2804804
ENSG00000288734,-3.9680252,5.7155437
ENSG00000288735,-0.6777689,3.6657856
ENSG00000288736,-1.356972,4.947157
ENSG00000288737,-1.2127038,2.5011775
ENSG00000288738,-1.2062094,1.7412735
ENSG00000288739,0.8963018,2.72402
ENSG00000288740,-1.4543748,1.7403159
ENSG00000288741,3.8684185,1.9610002
ENSG00000288742,-0.99808097,1.5576249
ENSG00000288743,2.4051738,1.8418425
ENSG00000288744,1.112872,2.6140208
ENSG00000288745,1.1792251,3.9684167
ENSG00000288746,2.8569791,1.9286559
ENSG00000288747,-4.888227,4.2174964
ENSG00000288748,1.6669713,2.6052582
ENSG00000288749,-4.6215835,6.724967
ENSG00000288750,1.0268986,4.3838577
ENSG00000288751,0.54942214,3.3661773
ENSG00000288752,3.963351,2.186534
ENSG00000288753,-1.5003191,4.947322
ENSG00000288754,0.24219523,3.8356576
ENSG00000288755,-2.6832445,2.872517
ENSG00000288756,3.9356925,3.1244648
ENSG00000288757,-0.7760514,1.4321456
ENSG00000288758,-1.9849051,6.421562
ENSG00000288759,3.0751882,2.397736
ENSG00000288760,-4.72826,3.771195
ENSG00000288761,-2.830137,4.8275275
ENSG00000288762,-1.5504303,4.9119306
ENSG00000288763,-4.4479747,3.9859257
ENSG00000288764,2.9357321,1.8112032
ENSG00000288765,-1.9430368,3.876956
ENSG00000288766,0.931786,3.010775
ENSG00000288767,-0.28283143,3.9908147
ENSG00000288768,-5.184023,4.195395
ENSG00000288769,-3.65546,4.6436973
ENSG00000288770,-0.7440757,4.0306697
ENSG00000288771,-0.32014328,1.4132978
ENSG00000288772,1.015627,2.7533948
ENSG00000288773,-3.5287614,5.6410193
ENSG00000288774,-4.677448,6.4759297
ENSG00000288775,-3.9714737,4.2207294
ENSG00000288776,-3.6817834,3.8109922
ENSG00000288777,0.7146958,4.367267
ENSG00000288778,-0.27504683,2.3497043
ENSG00000288779,-5.319391,4.58253
ENSG00000288780,-4.2471514,2.9463727
ENSG00000288781,-2.9789455,4.725222
ENSG00000288782,-0.49848124,2.2153676
ENSG00000288783,0.09267427,3.0489411
ENSG00000288785,-3.1172087,3.8570728
ENSG00000288786,-4.666956,4.227162
ENSG00000288787,-0.84400946,4.2606444
ENSG00000288788,-1.8677361,1.873294
ENSG00000288789,-4.4457016,5.4669795
ENSG00000288790,-1.9196006,6.4119086
ENSG00000288791,-3.3860412,4.6310425
ENSG00000288792,2.9026237,3.8164546
ENSG00000288793,2.1397147,4.7808166
ENSG00000288794,-1.057297,2.628431
ENSG00000288795,-0.21503176,5.375861
ENSG00000288797,0.9967818,2.4001482
ENSG00000288798,-4.6714573,4.9722686
ENSG00000288799,-3.5962217,4.1848845
ENSG00000288800,1.1808652,4.2194586
ENSG00000288801,-4.6004586,4.1585746
ENSG00000288802,-2.7657766,3.6357222
ENSG00000288803,-0.1250648,1.607021
ENSG00000288804,-1.2833422,2.0927367
ENSG00000288805,-5.1370144,3.9606845
ENSG00000288806,-1.8866489,6.335202
ENSG00000288807,-2.2433305,3.3082178
ENSG00000288808,-1.1112354,4.065333
ENSG00000288809,2.3534365,1.6348472
ENSG00000288810,-6.4187026,4.603915
ENSG00000288811,-1.913421,4.255241
ENSG00000288812,-3.262271,3.6532087
ENSG00000288813,-1.4913197,1.707201
ENSG00000288814,-2.1103706,4.652404
ENSG00000288815,0.88223165,4.0395684
ENSG00000288816,-4.462203,4.741398
ENSG00000288817,0.24944808,2.5062
ENSG00000288818,2.8444917,2.1014123
ENSG00000288819,-0.6023726,1.4013673
ENSG00000288820,3.3256693,1.8246617
ENSG00000288821,-1.3587133,2.7010372
ENSG00000288822,-4.639966,6.4899435
ENSG00000288823,3.7393856,1.6846317
ENSG00000288826,3.3892655,2.069803
ENSG00000288827,3.8757699,1.9245802
ENSG00000288828,-3.5561836,3.0759337
ENSG00000288829,2.9569445,2.3967094
ENSG00000288830,-3.7427437,2.925397
ENSG00000288831,-3.0197935,3.8176904
ENSG00000288832,-0.87732035,3.9132864
ENSG00000288833,2.8988695,1.6997632
ENSG00000288834,-1.536495,2.0689662
ENSG00000288835,-4.0013266,4.1099315
ENSG00000288836,-0.76371706,1.279989
ENSG00000288837,-2.2722027,4.056411
ENSG00000288838,4.189976,1.969544
ENSG00000288839,3.0647101,3.162984
ENSG00000288840,-2.1049733,3.7781873
ENSG00000288842,-2.9457219,4.5755477
ENSG00000288843,-2.0659082,6.3108325
ENSG00000288844,-0.03304508,4.119847
ENSG00000288845,2.8875933,4.5537987
ENSG00000288846,-3.7359161,5.48014
ENSG00000288848,0.5371246,2.9414206
ENSG00000288849,5.144513,1.8780854
ENSG00000288850,1.0426797,3.232685
ENSG00000288851,5.327386,1.9984218
ENSG00000288852,4.122329,1.8737018
ENSG00000288853,-1.105707,1.4729004
ENSG00000288854,-3.5877655,3.7789655
ENSG00000288855,-1.1369236,2.391476
ENSG00000288856,1.7859887,2.1365728
ENSG00000288857,-2.5881674,6.0681715
ENSG00000288858,0.68689996,2.6661425
ENSG00000288860,-1.2180096,1.608263
ENSG00000288861,-0.7564818,1.4678918
ENSG00000288862,-3.443879,3.8224924
ENSG00000288863,2.7951107,4.2280703
ENSG00000288865,-1.977947,3.4006257
ENSG00000288866,1.1815975,2.9589388
ENSG00000288868,3.5763125,1.6972882
ENSG00000288869,-1.8697438,6.3831425
ENSG00000288871,4.027284,1.8076698
ENSG00000288872,-2.2287216,3.5613375
ENSG00000288873,3.691005,1.6594957
ENSG00000288874,1.7191554,3.8547072
ENSG00000288875,-0.56758475,1.4541641
ENSG00000288876,-1.904315,2.6177745
ENSG00000288877,1.9929433,2.2044158
ENSG00000288878,-1.683838,4.6070113
ENSG00000288879,-1.7667019,3.1292274
ENSG00000288880,4.42307,2.0554652
ENSG00000288881,-0.73378253,2.585311
ENSG00000288882,-1.9388988,6.3664303
ENSG00000288883,-3.5238237,3.5769503
ENSG00000288885,2.391701,1.9117675
ENSG00000288886,1.8807601,2.4997184
ENSG00000288887,-0.2708365,1.4018801
ENSG00000288888,2.1771414,3.0159574
ENSG00000288889,-3.3851924,4.089081
ENSG00000288890,1.9291385,2.7047317
ENSG00000288891,4.50066,1.9755216
ENSG00000288892,-4.8622355,4.1403346
ENSG00000288893,-2.638282,4.1874275
ENSG00000288895,-4.574148,6.8618927
ENSG00000288896,-1.2021729,1.8208373
ENSG00000288897,-2.886556,2.6090267
ENSG00000288898,-1.500267,4.9290123
ENSG00000288899,5.3898425,3.430438
ENSG00000288900,-0.7303497,1.6424037
ENSG00000288901,-1.3418751,1.6842343
ENSG00000288902,-3.956062,3.178674
ENSG00000288903,-4.9355116,2.6270893
ENSG00000288904,2.8725083,2.2826412
ENSG00000288905,3.5253215,1.5890455
ENSG00000288906,2.9567764,1.8971183
ENSG00000288907,1.1621587,2.5867836
ENSG00000288908,3.4095204,1.9401356
ENSG00000288909,3.6174786,1.8908795
ENSG00000288910,-1.5917687,2.6554182
ENSG00000288911,0.0243726,3.8736386
ENSG00000288912,-4.8195643,4.2614183
ENSG00000288913,2.792775,1.7401887
ENSG00000288915,-1.2949961,1.5770205
ENSG00000288916,-5.485164,3.5177543
ENSG00000288917,1.6194146,2.4405975
ENSG00000288918,2.2210639,4.839971
ENSG00000288919,2.5646064,1.9395466
ENSG00000288921,-6.30795,4.3651476
ENSG00000288922,-3.3805046,4.964628
ENSG00000288923,1.9613858,3.8090608
ENSG00000288924,5.1155143,2.0914254
ENSG00000288925,-1.7731739,1.9004817
ENSG00000288926,2.8191326,1.7318106
ENSG00000288927,1.134802,2.8620021
ENSG00000288928,3.3172717,3.1450486
ENSG00000288929,-0.8718977,2.5088887
ENSG00000288930,2.4751625,1.8284894
ENSG00000288931,-4.990538,4.340373
ENSG00000288932,-0.57234174,1.239596
ENSG00000288933,-1.5943785,6.1866217
ENSG00000288934,5.871185,2.8395052
ENSG00000288935,2.0204883,2.0921867
ENSG00000288936,-6.433723,4.6259565
ENSG00000288937,2.5241263,1.8251926
ENSG00000288938,-3.707699,5.766992
ENSG00000288939,-1.1757432,3.7451146
ENSG00000288940,-1.123227,4.433755
ENSG00000288941,-3.5231102,3.605628
ENSG00000288942,-1.3939369,4.6634994
ENSG00000288944,-5.0928416,4.701494
ENSG00000288945,1.6417179,2.7015562
ENSG00000288946,-3.7421925,3.7695417
ENSG00000288947,-0.400508,4.3457065
ENSG00000288948,1.7875443,3.853435
ENSG00000288949,-1.4632362,4.726316
ENSG00000288950,-4.8655024,4.0736814
ENSG00000288951,-4.136427,4.0214663
ENSG00000288952,-3.4758027,3.0997288
ENSG00000288953,4.637968,2.2553344
ENSG00000288954,-0.48148975,1.5531402
ENSG00000288955,-0.76273257,3.2192714
ENSG00000288956,1.0454785,1.5133793
ENSG00000288957,-3.5135343,3.5862725
ENSG00000288958,-0.6450236,4.8089805
ENSG00000288959,-3.228827,3.3554056
ENSG00000288960,-0.4423804,1.4721373
ENSG00000288961,2.8696826,2.029921
ENSG00000288962,-4.72204,4.2753143
ENSG00000288963,-1.2565401,4.056661
ENSG00000288964,-3.682083,4.1437755
ENSG00000288965,-1.7728825,2.051634
ENSG00000288966,2.1500251,4.7903004
ENSG00000288967,-0.15052451,3.0149777
ENSG00000288968,-5.1243873,5.4496017
ENSG00000288969,-2.1961908,2.859708
ENSG00000288970,-0.7785761,1.4114
ENSG00000288971,-1.0338465,4.2034955
ENSG00000288972,-2.2486944,3.1166003
ENSG00000288973,5.2467813,2.0593898
ENSG00000288974,-3.6624525,5.9828997
ENSG00000288975,-2.3419383,6.236924
ENSG00000288976,-3.9276524,3.7537565
ENSG00000288977,-5.046051,4.3900504
ENSG00000288978,-4.838533,3.6903954
ENSG00000288979,3.1542876,2.1261604
ENSG00000288980,-3.4050593,3.642415
ENSG00000288982,-1.2813634,3.9002082
ENSG00000288983,4.0180206,1.7480488
ENSG00000288984,2.8616316,2.475353
ENSG00000288985,-3.2092,4.3179765
ENSG00000288986,0.20643756,2.9583519
ENSG00000288987,-2.4250805,6.193873
ENSG00000288988,2.9424057,1.8951148
ENSG00000288989,2.1308136,1.9933914
ENSG00000288990,0.5276885,1.4775695
ENSG00000288991,-3.2393136,4.138014
ENSG00000288992,-2.1151865,2.509115
ENSG00000288993,-0.56066716,4.231718
ENSG00000288994,2.5702348,4.49127
ENSG00000288995,4.16368,3.4111638
ENSG00000288996,1.2894948,2.6048567
ENSG00000288997,-0.56236833,1.4538832
ENSG00000288998,-0.59869653,3.9531386
ENSG00000288999,2.9309342,1.6059484
ENSG00000289000,-2.3217082,4.2099333
ENSG00000289001,-0.008761185,3.788274
ENSG00000289002,-3.8006277,4.125311
ENSG00000289003,1.8629307,2.7210157
ENSG00000289004,2.5068073,1.8646154
ENSG00000289005,-0.14971967,3.9078689
ENSG00000289006,-3.5309381,1.9994996
ENSG00000289007,3.3251579,1.817464
ENSG00000289008,-2.9298255,3.7087634
ENSG00000289009,3.6943018,1.7834878
ENSG00000289010,-3.7669988,3.657027
ENSG00000289011,-0.8423472,2.7199323
ENSG00000289012,-4.121546,2.6672606
ENSG00000289013,2.2318764,4.7792735
ENSG00000289014,-0.23731017,3.1210635
ENSG00000289015,3.069503,1.9352214
ENSG00000289016,-5.1770806,3.7552469
ENSG00000289017,2.3521535,3.765599
ENSG00000289018,2.829883,1.8014078
ENSG00000289019,3.0152593,1.9540038
ENSG00000289020,-3.6836514,6.0327396
ENSG00000289021,2.8759925,1.669258
ENSG00000289023,-0.3434846,2.8588583
ENSG00000289024,-5.750826,5.3282886
ENSG00000289026,-4.5816765,6.2570953
ENSG00000289028,2.495124,1.9520953
ENSG00000289029,0.60255736,3.1038842
ENSG00000289030,-0.021068018,2.9464192
ENSG00000289031,1.8224282,2.5134366
ENSG00000289032,-0.19050382,4.151679
ENSG00000289033,-3.7484725,4.231783
ENSG00000289034,-0.4184769,3.7636442
ENSG00000289035,-3.7485516,3.6635292
ENSG00000289036,-4.71841,4.196449
ENSG00000289038,0.55667895,3.1561775
ENSG00000289039,-0.44952998,1.3162233
ENSG00000289040,-3.4163933,2.652026
ENSG00000289041,-0.1438844,3.971027
ENSG00000289042,3.4421163,2.564741
ENSG00000289043,2.5344965,1.8412985
ENSG00000289044,0.3263436,2.7142308
ENSG00000289045,2.6752872,2.338678
ENSG00000289046,2.1818907,2.2851207
ENSG00000289047,5.804621,2.3642113
ENSG00000289048,-1.7943126,5.2746625
ENSG00000289049,-4.654028,3.975172
ENSG00000289050,0.9157153,2.1377664
ENSG00000289052,-4.9934807,4.544881
ENSG00000289053,-1.7016758,1.9847927
ENSG00000289054,1.3993523,3.5299137
ENSG00000289055,-1.3709174,1.8495378
ENSG00000289056,3.5675528,1.7758459
ENSG00000289057,-3.6668236,3.6144266
ENSG00000289058,-2.9933631,3.3117585
ENSG00000289059,1.530577,3.9825249
ENSG00000289060,-3.4758892,4.599563
ENSG00000289061,-3.6399302,3.617722
ENSG00000289062,0.65378416,3.1513052
ENSG00000289063,-1.7952229,4.345049
ENSG00000289064,-6.4007697,4.5737405
ENSG00000289065,2.77999,1.608514
ENSG00000289066,-1.1367953,1.4249512
ENSG00000289067,2.4971864,2.2296333
ENSG00000289068,-4.525128,5.7200265
ENSG00000289069,-2.7277353,4.2066216
ENSG00000289070,-0.5356167,1.3920287
ENSG00000289071,-0.7257469,2.2719986
ENSG00000289072,-5.159626,4.054849
ENSG00000289073,2.0239856,1.6848742
ENSG00000289074,2.9642003,1.7401866
ENSG00000289075,-1.2709737,4.677216
ENSG00000289076,-1.4306632,4.2758026
ENSG00000289077,-1.5361081,4.9403715
ENSG00000289078,-4.669176,6.3477507
ENSG00000289079,-5.0217495,5.1014905
ENSG00000289080,0.9283044,1.989325
ENSG00000289081,-3.6224763,4.39155
ENSG00000289082,1.5355918,2.530688
ENSG00000289083,4.6186256,2.335427
ENSG00000289084,-5.6147513,5.154985
ENSG00000289085,2.6329074,3.717828
ENSG00000289086,-2.325491,4.924561
ENSG00000289087,-5.87641,5.2376895
ENSG00000289088,-0.4005968,4.091456
ENSG00000289089,2.1927118,4.7302513
ENSG00000289090,-4.092944,4.625744
ENSG00000289091,-1.7847044,6.292114
ENSG00000289092,4.753253,2.6996834
ENSG00000289093,-1.6957656,1.7258981
ENSG00000289094,3.1693304,2.4607553
ENSG00000289095,-3.063693,3.8661158
ENSG00000289096,-2.610023,4.3918533
ENSG00000289097,-1.8187976,4.5977793
ENSG00000289098,0.5776226,4.360182
ENSG00000289099,-1.8757602,2.4489744
ENSG00000289100,5.801639,2.9810665
ENSG00000289101,-5.058697,3.4590712
ENSG00000289102,4.526717,3.1164334
ENSG00000289103,0.6553125,2.9326804
ENSG00000289104,-4.827158,4.2314873
ENSG00000289105,-5.03437,4.1200604
ENSG00000289106,4.665484,1.7436527
ENSG00000289107,2.1833951,4.745464
ENSG00000289108,-5.619519,4.680941
ENSG00000289109,-1.09218,4.4164176
ENSG00000289110,-1.7902251,4.269236
ENSG00000289111,-3.96444,4.30729
ENSG00000289112,1.9957677,1.9688741
ENSG00000289113,-4.5774975,6.840575
ENSG00000289114,-1.8243014,4.480086
ENSG00000289115,-1.5994493,4.66851
ENSG00000289116,-4.859841,4.0772758
ENSG00000289117,-0.3717816,2.9451854
ENSG00000289118,-5.014092,3.177978
ENSG00000289119,-0.03949187,4.3135347
ENSG00000289120,-1.2841382,1.5514486
ENSG00000289121,1.2638125,2.7697954
ENSG00000289122,-2.457401,6.1192813
ENSG00000289123,0.14935482,4.0341415
ENSG00000289124,2.2156034,1.6282363
ENSG00000289125,-3.9181662,4.171493
ENSG00000289126,1.7919991,2.2149081
ENSG00000289127,-2.6083927,5.983446
ENSG00000289128,-3.4785702,3.2158377
ENSG00000289129,-1.3077859,1.445739
ENSG00000289130,-1.925691,6.432522
ENSG00000289131,-5.6352725,5.482708
ENSG00000289132,3.6076448,2.5199218
ENSG00000289134,2.425883,4.573738
ENSG00000289135,4.26482,1.7103214
ENSG00000289136,-1.6198487,3.4616225
ENSG00000289137,-0.38768378,1.4426665
ENSG00000289138,4.4691563,2.2943249
ENSG00000289139,-1.6381897,1.8428862
ENSG00000289140,-1.9232197,4.485128
ENSG00000289141,-1.7646374,4.270547
ENSG00000289142,-0.8635912,1.6634232
ENSG00000289143,-3.3202703,1.5865475
ENSG00000289144,-4.61324,6.1075773
ENSG00000289145,2.2184498,4.86854
ENSG00000289146,-4.861568,3.7690413
ENSG00000289147,-0.0893812,3.9678762
ENSG00000289148,-3.3541477,5.337916
ENSG00000289149,2.4150279,1.7679108
ENSG00000289150,-1.3529423,1.5606879
ENSG00000289151,1.5415101,2.419248
ENSG00000289152,-1.8886507,3.3358862
ENSG00000289153,-3.6873057,5.7868085
ENSG00000289154,4.023396,1.7376236
ENSG00000289155,2.721654,1.9697229
ENSG00000289156,-0.9813462,2.3275483
ENSG00000289157,-4.8701577,5.29559
ENSG00000289158,-4.5744705,6.348882
ENSG00000289159,-1.8487101,3.7308033
ENSG00000289160,-2.441755,2.8134415
ENSG00000289161,4.669948,1.9145367
ENSG00000289162,-3.0650828,4.4092236
ENSG00000289163,-4.825155,4.3156524
ENSG00000289164,2.0800488,3.293697
ENSG00000289165,-3.5005991,3.6684124
ENSG00000289166,-5.867842,5.175207
ENSG00000289167,-4.68734,3.9345176
ENSG00000289168,-0.5331564,3.0249069
ENSG00000289169,-1.4494193,1.6634781
ENSG00000289170,-2.1036415,2.0635493
ENSG00000289171,0.53315747,2.8890972
ENSG00000289172,-0.5869009,1.2502772
ENSG00000289173,-2.2557373,6.211379
ENSG00000289174,-5.1722636,4.349831
ENSG00000289175,-4.1720333,3.289493
ENSG00000289176,-1.8655477,6.3652463
ENSG00000289177,1.7323295,2.5506492
ENSG00000289178,-4.6752253,2.8537848
ENSG00000289179,-4.387725,3.931583
ENSG00000289180,-1.8677864,6.320697
ENSG00000289181,-3.6869056,4.2587833
ENSG00000289182,3.583194,2.1151345
ENSG00000289183,2.3541,2.0987847
ENSG00000289184,-4.2816896,3.373229
ENSG00000289185,-4.2505574,4.1672325
ENSG00000289186,-4.7909036,4.5287547
ENSG00000289187,2.3569896,4.7470884
ENSG00000289188,1.1552558,4.1893625
ENSG00000289189,-1.950153,4.8845515
ENSG00000289190,-0.3825323,4.210435
ENSG00000289191,-0.29172993,1.4168012
ENSG00000289192,-3.038984,3.1356483
ENSG00000289193,-4.6379323,3.9458556
ENSG00000289194,5.0583115,2.2552922
ENSG00000289195,-4.582725,6.7363844
ENSG00000289196,1.0638925,2.6556365
ENSG00000289197,-3.90085,4.580189
ENSG00000289198,-2.6268697,3.4387507
ENSG00000289199,-4.755503,5.265666
ENSG00000289200,-2.4059012,3.9078724
ENSG00000289201,1.4931037,3.5019162
ENSG00000289202,-0.8156171,4.1458983
ENSG00000289203,-4.7793183,3.4150321
ENSG00000289204,2.2177765,4.7948775
ENSG00000289205,-4.5593376,6.8732967
ENSG00000289206,0.19091861,1.9031137
ENSG00000289207,3.1601899,2.0376
ENSG00000289208,2.5565825,4.6424456
ENSG00000289209,0.77237904,4.272818
ENSG00000289210,2.0638378,2.6487072
ENSG00000289211,-5.001662,4.59708
ENSG00000289212,2.355713,2.6717684
ENSG00000289213,-0.20088644,4.0895743
ENSG00000289214,0.8629793,3.0346568
ENSG00000289215,2.2497566,4.840465
ENSG00000289216,-0.0030810083,3.9323947
ENSG00000289217,-3.888809,4.8333044
ENSG00000289218,-4.6810865,4.9215035
ENSG00000289219,-4.847457,4.250666
ENSG00000289220,-3.6829221,6.013957
ENSG00000289221,0.74235994,4.1698275
ENSG00000289222,2.6618621,2.028099
ENSG00000289223,2.6115203,1.8401548
ENSG00000289224,1.1221154,3.0801024
ENSG00000289225,-0.9332553,4.3245325
ENSG00000289226,2.5676725,1.7522932
ENSG00000289227,2.5585043,4.654674
ENSG00000289228,0.8891708,3.065243
ENSG00000289229,-1.4588293,4.203686
ENSG00000289230,-3.8002636,5.6936746
ENSG00000289231,-2.9002109,3.8053606
ENSG00000289232,-4.794423,4.4049935
ENSG00000289233,-4.7752886,3.0641387
ENSG00000289235,-0.049993206,3.5755653
ENSG00000289236,1.8685485,3.574943
ENSG00000289237,-1.7761097,2.7268574
ENSG00000289238,2.5717266,1.7513787
ENSG00000289239,-4.0049605,3.742992
ENSG00000289241,-3.6639297,3.9545176
ENSG00000289242,-1.7262546,1.7502822
ENSG00000289243,-5.088421,3.8712926
ENSG00000289244,0.22869472,3.4791882
ENSG00000289245,-1.9475698,4.0226364
ENSG00000289246,-1.2789189,1.6766217
ENSG00000289247,-4.0485544,4.840575
ENSG00000289248,-3.6762593,5.9981537
ENSG00000289249,-4.976535,3.718778
ENSG00000289250,0.16637287,3.9406245
ENSG00000289251,-0.62130624,1.2391219
ENSG00000289252,-4.6018624,3.96661
ENSG00000289253,1.2022966,2.5465825
ENSG00000289254,1.0627353,4.3737907
ENSG00000289255,-0.3374621,4.187545
ENSG00000289256,-2.6881437,3.9853232
ENSG00000289257,-1.8798025,4.453811
ENSG00000289259,-2.0095952,3.2398155
ENSG00000289260,2.4662728,1.8126694
ENSG00000289261,-0.7989512,4.4317513
ENSG00000289262,-4.617424,6.576467
ENSG00000289263,-1.4084158,1.6206118
ENSG00000289264,2.2364361,4.8301105
ENSG00000289265,-4.2532787,2.979282
ENSG00000289266,-4.8717465,4.2988214
ENSG00000289267,-1.9367583,3.236711
ENSG00000289268,4.63603,2.477185
ENSG00000289269,1.8935889,3.660379
ENSG00000289270,-2.2850754,2.6089869
ENSG00000289271,-2.1630356,6.2456136
ENSG00000289272,2.3737996,3.5261848
ENSG00000289273,1.3968114,1.336966
ENSG00000289274,-4.0357323,4.3370085
ENSG00000289275,-2.5820339,4.9561706
ENSG00000289276,-0.5814257,2.6178524
ENSG00000289277,0.7112206,3.406563
ENSG00000289278,-1.1890321,1.4747714
ENSG00000289279,1.524476,3.3045192
ENSG00000289280,-0.9116216,4.0738454
ENSG00000289283,2.5194645,4.581818
ENSG00000289284,-5.144596,4.0958776
ENSG00000289285,2.018502,2.1549766
ENSG00000289286,0.39582697,3.1556027
ENSG00000289287,-4.612103,6.721718
ENSG00000289288,0.91830146,3.1486044
ENSG00000289289,-4.7294745,6.212651
ENSG00000289290,-4.712798,4.242846
ENSG00000289291,3.61137,1.5571846
ENSG00000289292,-5.822736,5.3890553
ENSG00000289293,4.396377,1.8905468
ENSG00000289294,4.877909,2.012221
ENSG00000289295,4.3156967,2.4809086
ENSG00000289296,2.1091263,2.080559
ENSG00000289297,-1.0076561,4.263704
ENSG00000289298,-0.48621345,1.5818431
ENSG00000289299,-3.8667035,4.3617635
ENSG00000289300,-4.8257375,4.7903743
ENSG00000289301,-1.9373586,3.9812908
ENSG00000289302,-1.2358276,3.925506
ENSG00000289303,-0.29862404,3.6748528
ENSG00000289304,1.4129975,2.7738554
ENSG00000289305,-1.18954,4.4635644
ENSG00000289306,2.545514,3.7987263
ENSG00000289307,-0.26278028,4.15925
ENSG00000289308,3.3535557,3.8896093
ENSG00000289309,-1.608379,3.5499256
ENSG00000289310,2.4389377,4.6909175
ENSG00000289311,1.7137249,2.762244
ENSG00000289312,-2.1641102,3.4941773
ENSG00000289314,2.168276,4.8408933
ENSG00000289315,-1.8057969,2.0476813
ENSG00000289316,4.185642,1.864907
ENSG00000289317,-0.99588686,3.8134155
ENSG00000289318,3.9106288,1.6658168
ENSG00000289319,-1.4399004,4.295023
ENSG00000289320,-2.0536044,6.3898773
ENSG00000289321,-0.75943357,3.6499038
ENSG00000289322,-4.7667885,3.4754329
ENSG00000289323,2.1214495,4.753959
ENSG00000289324,-1.1680582,4.1669264
ENSG00000289326,-1.7451514,4.9436235
ENSG00000289327,-0.9667558,1.6442688
ENSG00000289328,2.2598968,4.7564707
ENSG00000289329,-0.76865786,3.918616
ENSG00000289330,-4.427338,4.053863
ENSG00000289331,0.6344024,1.9634163
ENSG00000289332,2.7538002,2.0737872
ENSG00000289333,-4.5436754,4.2402205
ENSG00000289334,2.2291076,1.936798
ENSG00000289335,-3.6672752,3.7157824
ENSG00000289336,-3.9447203,4.5879545
ENSG00000289337,-4.649916,6.5221524
ENSG00000289338,-3.7233143,3.86917
ENSG00000289339,1.6626546,1.6709259
ENSG00000289340,1.0039828,2.432091
ENSG00000289341,-1.0616394,1.8366835
ENSG00000289342,-5.3454514,3.9923885
ENSG00000289343,-3.328994,4.959307
ENSG00000289344,-3.8330278,3.9735022
ENSG00000289345,-3.6251628,4.139649
ENSG00000289347,2.3657856,1.9844942
ENSG00000289348,-4.595761,4.3155446
ENSG00000289349,-2.6245785,4.471744
ENSG00000289350,-2.1130245,6.3189216
ENSG00000289351,-0.59641033,1.2721405
ENSG00000289352,-3.6674192,5.7616324
ENSG00000289353,5.2230043,2.17165
ENSG00000289354,-2.955374,3.7416966
ENSG00000289355,-3.5820606,4.661022
ENSG00000289356,-5.380189,5.060495
ENSG00000289357,2.7095342,1.6827227
ENSG00000289358,-4.605625,6.555785
ENSG00000289359,-1.7448176,1.6133078
ENSG00000289361,2.3741066,2.6368988
ENSG00000289362,-4.8450994,4.1714807
ENSG00000289363,-1.4687206,2.739008
ENSG00000289364,-4.9344926,4.267716
ENSG00000289365,1.8944194,1.9488895
ENSG00000289366,-0.48130625,1.4546216
ENSG00000289367,-3.8619707,3.207686
ENSG00000289368,-3.7381072,5.7849894
ENSG00000289369,2.2468417,4.8532815
ENSG00000289370,3.4067929,2.0045853
ENSG00000289371,2.28282,4.836447
ENSG00000289372,3.1412568,2.1237445
ENSG00000289373,-1.3339623,3.5661805
ENSG00000289374,-4.620419,4.7710924
ENSG00000289375,0.021016479,3.810448
ENSG00000289376,-1.8293205,4.9323254
ENSG00000289377,-1.567178,1.8227491
ENSG00000289378,3.5027604,1.8343235
ENSG00000289379,-1.8208566,2.0180535
ENSG00000289380,1.9715797,3.8188002
ENSG00000289381,-0.44202054,1.6895859
ENSG00000289382,1.173254,2.0785053
ENSG00000289383,-3.4724336,3.4024966
ENSG00000289384,-1.9376706,6.261484
ENSG00000289385,-4.281828,4.0877576
ENSG00000289386,-4.0264773,5.0733523
ENSG00000289387,-5.583045,4.103578
ENSG00000289388,-0.0890765,3.8501196
ENSG00000289389,-1.9048033,2.0078912
ENSG00000289390,1.4252638,2.38257
ENSG00000289391,-0.97216195,1.514464
ENSG00000289392,-2.9814029,3.5404997
ENSG00000289393,2.962015,1.9246652
ENSG00000289394,-0.45836034,3.518231
ENSG00000289395,-1.3115091,2.1743886
ENSG00000289396,2.8224251,3.4030232
ENSG00000289397,2.8392947,3.6199515
ENSG00000289398,-0.1685054,1.4599428
ENSG00000289399,1.5220562,2.271141
ENSG00000289400,-1.9926434,6.396538
ENSG00000289401,2.132029,3.5414448
ENSG00000289402,-2.5392766,5.0848413
ENSG00000289403,-4.33551,4.086425
ENSG00000289404,-3.5464911,4.699294
ENSG00000289405,1.8107294,2.8889456
ENSG00000289406,0.010196543,1.60059
ENSG00000289407,2.4852972,1.7839055
ENSG00000289408,-5.257639,2.9962213
ENSG00000289409,-4.777836,2.7198718
ENSG00000289410,3.012307,2.3295465
ENSG00000289411,-4.3150387,3.9982471
ENSG00000289412,0.64909095,3.0723336
ENSG00000289413,-5.4539866,3.9619095
ENSG00000289414,-2.8402252,3.9642997
ENSG00000289415,-0.9970938,3.8735242
ENSG00000289416,-1.5247737,1.6662407
ENSG00000289417,-3.2992704,2.6210904
ENSG00000289418,-3.5972137,2.9041448
ENSG00000289419,1.9674113,3.2190547
ENSG00000289420,-4.983938,3.720715
ENSG00000289421,0.18542889,3.4328902
ENSG00000289422,-2.4847,6.091984
ENSG00000289423,-2.8787367,4.874306
ENSG00000289424,0.09533615,1.3502971
ENSG00000289425,1.3159118,3.941959
ENSG00000289426,-1.8028111,3.49276
ENSG00000289427,-5.2233696,3.9263883
ENSG00000289428,1.8310868,2.3674905
ENSG00000289429,1.5017079,2.8890545
ENSG00000289430,-2.2707655,2.8571682
ENSG00000289431,-4.1690083,3.9305954
ENSG00000289432,-4.2324634,5.333752
ENSG00000289433,-2.506427,3.4637878
ENSG00000289434,-0.98012674,1.421664
ENSG00000289435,-2.6574335,3.751977
ENSG00000289436,-2.2665234,4.148815
ENSG00000289437,2.3506477,3.7302873
ENSG00000289438,-2.7480226,3.7660453
ENSG00000289439,-0.43888846,1.5181496
ENSG00000289440,3.2399898,1.8987625
ENSG00000289441,-3.0219195,3.7974832
ENSG00000289442,-4.4488053,4.1782165
ENSG00000289443,4.521912,2.4661984
ENSG00000289444,5.0558214,2.0628452
ENSG00000289445,-3.547665,3.4909751
ENSG00000289446,0.86790365,3.0132189
ENSG00000289447,-1.0636429,4.0043535
ENSG00000289448,-3.5538418,4.3648586
ENSG00000289449,-2.315198,3.8719893
ENSG00000289450,-4.63407,3.9301586
ENSG00000289451,-5.2020917,3.389903
ENSG00000289452,-2.0333831,3.50231
ENSG00000289453,-0.121448226,3.8366048
ENSG00000289454,-4.1154017,4.329618
ENSG00000289455,0.7657532,3.367935
ENSG00000289456,-2.861446,4.367977
ENSG00000289457,0.15083405,2.388966
ENSG00000289458,-4.632728,6.7021017
ENSG00000289459,2.342614,2.425808
ENSG00000289460,-1.4907476,4.8261204
ENSG00000289461,-6.0183845,3.1283152
ENSG00000289462,-3.4038389,3.1288517
ENSG00000289463,2.8370233,4.2572875
ENSG00000289464,-5.239364,3.6507866
ENSG00000289465,-2.1112611,6.329377
ENSG00000289467,-4.4242578,3.7961032
ENSG00000289468,1.2729791,3.6674495
ENSG00000289469,2.577622,1.9120978
ENSG00000289470,-0.76635605,1.4751757
ENSG00000289471,-0.060337935,1.4712133
ENSG00000289472,-0.791875,2.4567945
ENSG00000289473,-3.0777366,3.1989315
ENSG00000289474,-0.12857725,2.4406207
ENSG00000289475,-4.152999,5.4290204
ENSG00000289476,1.0533844,4.253795
ENSG00000289477,-3.016163,3.5093873
ENSG00000289478,-0.9330503,1.622904
ENSG00000289479,4.675054,2.9134872
ENSG00000289480,2.2705019,2.7367833
ENSG00000289481,-1.6786464,4.267524
ENSG00000289482,-2.088982,3.3942475
ENSG00000289483,0.33654514,3.6184504
ENSG00000289484,-3.9327562,5.704859
ENSG00000289485,-1.0143255,1.503308
ENSG00000289486,3.893071,1.7132293
ENSG00000289487,-5.65832,3.693941
ENSG00000289488,-1.5921595,2.7374263
ENSG00000289489,-4.6478596,6.1517324
ENSG00000289492,-1.5195392,4.883406
ENSG00000289493,-3.5365126,3.5838666
ENSG00000289494,3.1458447,1.7433045
ENSG00000289495,-1.5101137,1.5258759
ENSG00000289496,2.6592872,2.4316525
ENSG00000289497,-3.4084885,5.4007154
ENSG00000289498,2.253664,4.840193
ENSG00000289499,0.65082836,2.7002869
ENSG00000289500,-3.6186547,5.9775
ENSG00000289501,-2.4625046,3.9677348
ENSG00000289502,2.2640321,2.2037313
ENSG00000289504,3.7301784,2.2418485
ENSG00000289505,-2.6471426,3.6625423
ENSG00000289506,-0.098489225,3.8433893
ENSG00000289507,3.1046019,2.7192986
ENSG00000289508,-4.6833954,6.1985598
ENSG00000289509,-4.7232413,5.0910616
ENSG00000289510,-3.3423443,1.9017593
ENSG00000289511,3.480712,2.698039
ENSG00000289512,1.1972625,3.2393937
ENSG00000289513,-2.1804593,5.1586056
ENSG00000289514,-1.2984767,1.4619997
ENSG00000289515,2.7308595,1.6543458
ENSG00000289516,2.3548453,2.339813
ENSG00000289518,-3.730881,4.1185665
ENSG00000289519,3.2676213,2.0859728
ENSG00000289520,3.4252138,2.183155
ENSG00000289521,-0.9807226,2.893373
ENSG00000289522,-0.741186,3.8666568
ENSG00000289523,3.1037505,3.4036999
ENSG00000289524,-4.1807566,4.507031
ENSG00000289525,-0.81966984,1.3253388
ENSG00000289526,-0.6951034,1.7933884
ENSG00000289527,-4.565494,6.8633976
ENSG00000289528,0.9787011,3.907699
ENSG00000289529,-3.7400088,2.8923328
ENSG00000289530,-4.385416,4.3332086
ENSG00000289531,-0.75527155,1.69716
ENSG00000289532,2.4422495,2.0305269
ENSG00000289533,-4.610217,6.728384
ENSG00000289534,2.294609,4.6839156
ENSG00000289535,-3.748834,5.4977384
ENSG00000289536,-1.7254914,1.5789775
ENSG00000289537,3.8455617,1.8290749
ENSG00000289538,-1.1541644,1.3914068
ENSG00000289539,-2.3652167,5.0031443
ENSG00000289540,-1.0443834,1.9451251
ENSG00000289541,-0.28524497,2.7560782
ENSG00000289543,-3.1449697,5.2928185
ENSG00000289544,-2.0051467,3.5260446
ENSG00000289545,-0.88821405,1.4936004
ENSG00000289546,-1.8510377,6.35436
ENSG00000289547,-3.5854259,4.6340075
ENSG00000289548,-2.0269136,6.345676
ENSG00000289550,2.4149892,4.1519446
ENSG00000289551,-1.8168856,3.002487
ENSG00000289552,1.6504064,2.594641
ENSG00000289553,-2.0806744,4.459273
ENSG00000289554,4.601955,2.6531076
ENSG00000289555,-1.2424388,4.502479
ENSG00000289556,-1.8280674,2.6318996
ENSG00000289557,-0.87176096,1.9600079
ENSG00000289558,2.4246478,2.0478902
ENSG00000289559,2.6120126,2.593434
ENSG00000289560,-2.9673958,4.6492023
ENSG00000289561,-0.013712025,1.8878837
ENSG00000289562,3.2877226,1.6184894
ENSG00000289563,-0.7696706,2.3312087
ENSG00000289564,-0.5899928,2.2580912
ENSG00000289566,-3.2279077,3.6001549
ENSG00000289567,-4.7912774,4.742583
ENSG00000289569,-4.797738,4.2003436
ENSG00000289570,-2.636855,5.978895
ENSG00000289571,-4.754337,3.7411568
ENSG00000289572,1.0257621,4.199306
ENSG00000289573,-1.7843431,1.8985521
ENSG00000289574,3.5996628,3.174279
ENSG00000289575,-0.6922675,4.3470044
ENSG00000289576,-0.69203055,1.4543496
ENSG00000289577,-4.6587067,4.378367
ENSG00000289578,-2.8294818,4.267706
ENSG00000289579,3.1572754,4.27549
ENSG00000289580,-4.598428,6.762671
ENSG00000289581,-1.7310617,2.7357674
ENSG00000289582,-1.1468595,1.5369831
ENSG00000289583,-4.093881,4.5778527
ENSG00000289584,0.6942965,2.2974477
ENSG00000289585,-0.007810171,4.0102315
ENSG00000289586,4.3745522,1.754866
ENSG00000289587,-2.0406237,6.3548408
ENSG00000289588,-3.9175532,3.9140627
ENSG00000289589,1.1308289,2.6970797
ENSG00000289590,-3.913388,3.585788
ENSG00000289591,-0.54050255,2.9386356
ENSG00000289592,-0.9655261,4.560023
ENSG00000289593,-2.485903,6.0530763
ENSG00000289594,0.19642922,3.5803711
ENSG00000289595,-3.6310053,5.9024067
ENSG00000289596,-2.0264902,2.2704387
ENSG00000289597,-4.316701,4.0899453
ENSG00000289598,-0.98954374,1.5550337
ENSG00000289599,-3.5891867,4.1498227
ENSG00000289600,1.0671495,2.6357903
ENSG00000289601,-1.9465841,6.328527
ENSG00000289602,1.2478793,2.8309603
ENSG00000289603,-1.5192617,1.7149725
ENSG00000289605,0.57494974,3.4158049
ENSG00000289606,2.8582873,4.2711234
ENSG00000289607,-3.5165718,5.9038887
ENSG00000289608,-1.211284,1.4779308
ENSG00000289609,2.9779131,1.7856723
ENSG00000289610,-1.8520247,3.0417325
ENSG00000289611,3.1205304,3.4942265
ENSG00000289612,-2.8146257,3.7939467
ENSG00000289613,3.793716,2.0602102
ENSG00000289614,4.638019,1.8743826
ENSG00000289615,-1.2708607,4.7895536
ENSG00000289616,-3.8136256,5.640834
ENSG00000289617,-2.51301,2.6716213
ENSG00000289618,-0.19647725,1.4721271
ENSG00000289619,-3.7325957,5.903171
ENSG00000289620,-1.0792087,1.671117
ENSG00000289621,-1.9254985,6.4258
ENSG00000289622,-5.591361,5.019567
ENSG00000289623,-3.3006685,4.245646
ENSG00000289624,-4.867888,4.475011
ENSG00000289625,-4.19187,4.1398892
ENSG00000289626,3.3596451,1.883018
ENSG00000289627,0.6348884,4.0413833
ENSG00000289628,-3.606192,3.0188427
ENSG00000289629,1.48841,3.6070862
ENSG00000289630,-4.420994,4.0579033
ENSG00000289631,-0.46964023,4.1823683
ENSG00000289632,2.236978,4.8250523
ENSG00000289633,-1.2629321,1.7277728
ENSG00000289634,-3.4023063,3.671263
ENSG00000289635,-0.5031983,4.138334
ENSG00000289636,-1.572626,1.6392437
ENSG00000289637,-0.6000476,3.8290389
ENSG00000289639,-0.46448508,3.6404617
ENSG00000289640,-3.978271,2.256634
ENSG00000289641,-4.930548,5.0321393
ENSG00000289642,1.0826958,3.8379452
ENSG00000289643,3.9203982,3.3316324
ENSG00000289644,-3.5037355,2.7623067
ENSG00000289688,5.855113,2.872855
ENSG00000289689,1.2234936,2.6022625
ENSG00000289691,2.0636334,1.5987221
ENSG00000289698,3.829725,2.3181767
ENSG00000289699,-4.035072,5.5504155
ENSG00000289702,-0.8090194,2.05413
ENSG00000289703,-2.7338216,3.0313532
ENSG00000289704,-0.11220257,2.8450956
ENSG00000289707,4.5106955,3.5934064
ENSG00000289709,-6.112341,5.9296193
ENSG00000289725,3.4174476,2.0634346
ENSG00000289726,0.54615295,3.583323
ENSG00000289727,4.222767,3.1824143
ENSG00000289728,-3.9094563,2.1813328
ENSG00000289733,-0.44573224,1.4475452
ENSG00000289734,-4.50221,2.4699728
ENSG00000289735,-4.5219545,3.0119805
ENSG00000289736,-5.651066,4.0001774
ENSG00000289738,-4.5706334,4.3445816
ENSG00000289739,-4.831471,2.903675
ENSG00000289741,-1.3914692,3.7464364
ENSG00000289744,4.318885,1.7296336
ENSG00000289745,0.22571975,3.6806643
ENSG00000289750,0.7527985,2.6121573
ENSG00000289754,4.2277737,1.7004998
ENSG00000289755,3.716891,1.7652066
ENSG00000289757,-3.5304813,1.9638661
ENSG00000289788,0.9976729,2.658137
ENSG00000289810,2.502147,1.922957
ENSG00000289814,2.11138,3.152567
ENSG00000289826,-0.039716005,3.0886588
ENSG00000289827,-0.53100353,3.9212136
ENSG00000289828,-5.404291,3.6018436
ENSG00000289829,0.037681326,3.7516859
ENSG00000289830,-5.56032,4.9693184
ENSG00000289831,-3.3256946,4.3355217
ENSG00000289832,-1.34642,4.064753
ENSG00000289833,-3.4365125,4.626152
ENSG00000289834,-4.6271563,4.314704
ENSG00000289835,-0.74733055,4.1072345
ENSG00000289836,-3.5417743,4.885953
ENSG00000289837,-0.16011381,5.3865952
ENSG00000289838,-3.3951964,5.153977
ENSG00000289839,-3.1461246,5.011481
ENSG00000289840,-2.5591822,4.6171694
ENSG00000289841,2.0319552,2.1396453
ENSG00000289842,-3.6942503,5.794493
ENSG00000289843,2.2437923,2.3061473
ENSG00000289844,-5.7594843,5.1937027
ENSG00000289845,0.85854095,3.1016176
ENSG00000289846,-0.92794895,2.7689319
ENSG00000289847,-3.5267582,5.4689403
ENSG00000289848,-2.270592,4.0699515
ENSG00000289849,-2.2951024,6.2498503
ENSG00000289850,-4.500265,5.975549
ENSG00000289851,-3.2410178,4.6061316
ENSG00000289852,-0.70588523,3.199984
ENSG00000289853,-6.016228,3.1486864
ENSG00000289854,-2.1404805,3.2982545
ENSG00000289855,0.9899736,4.286258
ENSG00000289856,-4.694243,3.6308527
ENSG00000289857,-3.5846906,5.8941193
ENSG00000289858,4.292236,1.6879649
ENSG00000289859,-3.736466,3.3877342
ENSG00000289860,-3.0036647,4.2107534
ENSG00000289861,-3.7835815,4.864076
ENSG00000289862,-1.6937356,4.649117
ENSG00000289863,-3.9555235,3.9619246
ENSG00000289864,-4.395556,4.16634
ENSG00000289865,-1.6355793,2.9561732
ENSG00000289866,-1.0714376,4.0430946
ENSG00000289867,-4.3944206,4.969726
ENSG00000289868,-0.40375897,4.0854163
ENSG00000289869,-4.5619135,5.1545243
ENSG00000289870,-3.4980347,4.3999677
ENSG00000289871,-4.196531,3.0503328
ENSG00000289872,-1.8813641,3.3650281
ENSG00000289873,-4.6953316,2.6080627
ENSG00000289874,-2.1072469,3.525261
ENSG00000289875,-1.7855312,4.1481185
ENSG00000289876,-5.7705493,5.726143
ENSG00000289877,-3.5842345,4.8524537
ENSG00000289878,-1.5702987,4.6572776
ENSG00000289879,-4.05913,5.197858
ENSG00000289880,-5.1418667,4.0815167
ENSG00000289881,0.01639459,3.6421857
ENSG00000289882,-4.091267,3.5360696
ENSG00000289883,0.3120481,2.4888217
ENSG00000289884,-3.2044194,4.7600317
ENSG00000289885,-0.9882499,4.208969
ENSG00000289886,-3.3858745,5.516345
ENSG00000289887,-1.4929956,1.4937184
ENSG00000289888,-1.3266718,1.7300278
ENSG00000289889,3.8365564,3.3677716
ENSG00000289890,2.5107992,1.931729
ENSG00000289891,2.1798992,1.5954108
ENSG00000289892,0.8650061,4.331578
ENSG00000289893,-5.8328466,5.3933783
ENSG00000289894,-4.561922,6.8739204
ENSG00000289895,-4.81695,4.371163
ENSG00000289896,-5.8087864,5.3616014
ENSG00000289897,-4.1880794,5.387401
ENSG00000289898,-2.076532,2.0651107
ENSG00000289899,-5.4831514,5.1806054
ENSG00000289900,-4.135059,2.5956626
ENSG00000289901,-3.952763,3.6032746
ENSG00000289902,-4.600143,6.661799
ENSG00000289903,-3.2839425,5.1222663
ENSG00000289904,-0.70518553,3.2201824
ENSG00000289905,-2.2017262,2.6922195
ENSG00000289907,-5.474044,4.0337577
ENSG00000289908,-1.2300088,1.784931
ENSG00000289909,-1.0067104,4.461331
ENSG00000289910,-1.9363922,1.6134424
ENSG00000289911,-3.0757966,5.5113673
ENSG00000289912,0.21655263,1.5129166
ENSG00000289913,3.5904663,1.799941
ENSG00000289914,-2.239758,2.755122
ENSG00000289915,-0.7397696,4.489996
ENSG00000289916,-3.7560673,4.702047
ENSG00000289917,-0.7442373,1.4715905
ENSG00000289918,-5.091667,4.490177
ENSG00000289919,-3.4645782,3.845926
ENSG00000289920,-4.8110394,4.8194346
ENSG00000289921,-4.6429024,4.0316544
ENSG00000289922,-3.664062,3.5343332
ENSG00000289923,-1.703308,2.4107883
ENSG00000289924,-0.7210885,4.3502116
ENSG00000289925,-3.6875718,3.61006
ENSG00000289926,2.2018473,2.4294274
ENSG00000289927,-1.0334092,1.4703184
ENSG00000289928,-1.9431046,3.256534
ENSG00000289929,0.30054295,3.3590667
ENSG00000289930,-1.2161213,1.7511953
ENSG00000289931,-6.481885,4.6432095
ENSG00000289932,-4.056499,3.697245
ENSG00000289933,-1.3828058,1.3598754
ENSG00000289934,-1.7783123,2.1722212
ENSG00000289935,1.0865958,2.7057137
ENSG00000289936,-1.9299309,2.0452416
ENSG00000289937,-3.8040073,5.921119
ENSG00000289938,-0.65335315,1.5107793
ENSG00000289939,-1.0458155,1.6276518
ENSG00000289940,-3.9905822,5.2930746
ENSG00000289941,-4.6708484,4.0906644
ENSG00000289942,-4.717486,4.329375
ENSG00000289943,-0.4007202,4.1213856
ENSG00000289944,-5.7599597,5.4847875
ENSG00000289945,-4.5098977,3.5723658
ENSG00000289946,2.5669653,2.8029497
ENSG00000289947,-0.90972793,1.4659364
ENSG00000289948,-1.1625284,1.6433355
ENSG00000289949,-6.0839667,3.3184395
ENSG00000289950,-3.3629925,3.7025898
ENSG00000289951,-5.1810675,4.7876577
ENSG00000289952,2.05766,1.9099598
ENSG00000289953,-4.2125707,4.21177
ENSG00000289954,-4.2097154,4.1059947
ENSG00000289955,2.3638856,3.8686042
ENSG00000289956,-0.46602675,3.698791
ENSG00000289957,-3.5642812,3.6155765
ENSG00000289958,-4.7785015,3.4666486
ENSG00000289959,-1.5224596,1.8386735
ENSG00000289960,1.8777556,2.2905478
ENSG00000289961,-3.044492,4.785221
ENSG00000289962,-1.5082735,1.8496023
ENSG00000289963,0.60563475,1.635456
ENSG00000289964,2.5546916,4.7126265
ENSG00000289965,0.3832656,4.5404015
ENSG00000289966,2.420063,2.945797
ENSG00000289967,-4.902419,3.2875257
ENSG00000289968,0.23596695,3.4514716
ENSG00000289969,-4.6931477,4.3467937
ENSG00000289970,-0.008668535,3.335248
ENSG00000289971,2.3516998,1.8904237
ENSG00000289972,-0.24795401,2.4360607
ENSG00000289973,2.8856432,3.7371693
ENSG00000289974,-1.8487874,2.064907
ENSG00000289975,2.5398872,1.8415289
ENSG00000289976,-0.64807516,1.554813
ENSG00000289977,-0.23948024,1.3864338
ENSG00000289978,0.87815547,4.3232064
ENSG00000289979,2.3242385,1.6530739
ENSG00000289980,-2.3827822,3.497404
ENSG00000289981,2.0391955,2.046486
ENSG00000289982,-1.7403398,4.1212263
ENSG00000289983,-0.47604454,4.173784
ENSG00000289984,-3.478133,4.713268
ENSG00000289985,2.4388287,2.1932888
ENSG00000289986,-5.826171,3.5616298
ENSG00000289987,1.2230892,1.8256794
ENSG00000289988,-4.707846,4.2356277
ENSG00000289989,-2.2881439,5.992315
ENSG00000289990,-2.6684601,4.1779156
ENSG00000289991,-1.162873,1.6480198
ENSG00000289992,-4.391496,3.7031517
ENSG00000289993,-2.043826,3.974843
ENSG00000289994,-4.5274925,4.2207055
ENSG00000289995,-5.2236676,4.430248
ENSG00000289996,-4.7071147,4.1448083
ENSG00000289997,-0.95416576,3.9880223
ENSG00000289998,-0.8265239,2.744006
ENSG00000289999,-1.9583083,2.6205826
ENSG00000290000,-5.809993,5.2654686
ENSG00000290001,-1.4979829,4.2592034
ENSG00000290002,0.7852353,2.566772
ENSG00000290003,2.1075938,4.673113
ENSG00000290004,-4.93832,3.7292333
ENSG00000290005,-4.0155873,3.3450048
ENSG00000290006,-4.7348223,3.1473413
ENSG00000290007,-3.65612,5.839741
ENSG00000290008,-2.2390087,3.5465796
ENSG00000290009,-1.6632692,4.3338265
ENSG00000290010,-1.4737998,1.4011406
ENSG00000290011,-2.505538,4.1113415
ENSG00000290012,-4.0303583,3.6156719
ENSG00000290013,-3.0270605,3.5416822
ENSG00000290014,-5.024701,4.953242
ENSG00000290015,1.1370181,2.572894
ENSG00000290016,-4.802106,4.1203413
ENSG00000290017,-0.81145054,1.5422316
ENSG00000290018,-0.115032695,5.3190637
ENSG00000290019,-1.751847,1.8411062
ENSG00000290020,-1.7504312,1.7733079
ENSG00000290021,1.2713214,1.7092252
ENSG00000290022,-1.5770271,2.5079854
ENSG00000290023,-1.7298889,4.115372
ENSG00000290024,-3.8137548,4.2295256
ENSG00000290025,-5.3355284,3.7540474
ENSG00000290026,0.22920135,2.7269151
ENSG00000290027,-1.218129,1.7339929
ENSG00000290028,-4.3791327,4.278325
ENSG00000290029,-3.8272114,3.946741
ENSG00000290030,-4.753392,5.382834
ENSG00000290031,0.7188881,4.1967845
ENSG00000290032,5.260116,2.0922604
ENSG00000290033,3.0202286,1.7868041
ENSG00000290034,-1.904086,6.3777013
ENSG00000290035,1.065732,4.4071193
ENSG00000290036,-0.8567021,2.2066326
ENSG00000290037,-3.471978,3.8079007
ENSG00000290038,-3.260334,1.7708617
ENSG00000290039,-1.6299399,3.1483722
ENSG00000290040,-0.93666816,2.485033
ENSG00000290041,1.0556456,2.2460063
ENSG00000290042,-1.720027,2.2248962
ENSG00000290043,1.538438,2.0211766
ENSG00000290044,-1.8889629,2.3131707
ENSG00000290045,2.226252,2.28616
ENSG00000290046,-0.71447676,4.3457
ENSG00000290047,0.36158273,3.090854
ENSG00000290048,2.829665,2.277249
ENSG00000290049,0.04352223,3.689782
ENSG00000290050,-1.4919069,1.678
ENSG00000290051,0.49239087,3.4497488
ENSG00000290052,-4.0160336,5.561091
ENSG00000290053,1.1941415,4.252549
ENSG00000290054,-1.3181624,1.5567174
ENSG00000290055,-2.5201807,2.485377
ENSG00000290056,-1.357398,1.7162023
ENSG00000290057,0.6121893,2.13329
ENSG00000290058,2.0281966,2.37984
ENSG00000290059,-1.6287655,1.9191236
ENSG00000290060,-3.8117526,3.7293942
ENSG00000290061,-4.3021097,4.03678
ENSG00000290062,-0.124101505,1.3888102
ENSG00000290063,-4.6521544,4.6857476
ENSG00000290064,-4.583593,6.8108587
ENSG00000290065,-1.7320544,4.368362
ENSG00000290066,-5.876561,5.5922327
ENSG00000290067,-1.0300992,1.5583222
ENSG00000290068,1.2877779,4.422385
ENSG00000290069,-1.0200454,4.577593
ENSG00000290070,1.4177017,4.4507027
ENSG00000290071,-4.514267,4.347762
ENSG00000290072,-1.9532373,3.8787057
ENSG00000290073,-4.562392,6.6695223
ENSG00000290074,3.0425909,2.45713
ENSG00000290075,-5.7593846,4.82139
ENSG00000290076,-0.9973851,2.6199436
ENSG00000290077,-2.2174642,2.34966
ENSG00000290078,-4.848039,4.763801
ENSG00000290079,-5.0767927,3.7205744
ENSG00000290080,-3.131594,4.26995
ENSG00000290081,-2.2781725,6.2175117
ENSG00000290082,4.1446,1.8256732
ENSG00000290083,-3.5659556,4.303508
ENSG00000290084,-0.6060929,1.4361029
ENSG00000290085,4.3621244,1.9272681
ENSG00000290086,0.22610047,3.4850051
ENSG00000290087,-0.8980861,1.4685866
ENSG00000290088,-3.7230215,4.6965537
ENSG00000290089,-1.7018613,6.2425814
ENSG00000290090,-1.699954,3.272203
ENSG00000290091,1.4638313,2.1706076
ENSG00000290092,-4.5753326,6.8450875
ENSG00000290093,-0.79210985,3.5116644
ENSG00000290094,1.017088,3.1953259
ENSG00000290095,1.7765354,3.0159748
ENSG00000290096,-1.8548481,4.4412065
ENSG00000290097,0.83757794,3.9558427
ENSG00000290098,3.2394338,3.3537598
ENSG00000290099,-0.1915253,1.4419451
ENSG00000290100,-1.4822812,2.0994294
ENSG00000290101,-3.1165006,5.657617
ENSG00000290102,-1.6943648,4.6453686
ENSG00000290103,-0.8433307,1.6581826
ENSG00000290104,-0.33158135,1.4615368
ENSG00000290105,-2.1035593,6.305078
ENSG00000290106,-5.659964,3.9389849
ENSG00000290107,-0.6609368,4.345058
ENSG00000290108,-1.6092156,1.5896915
ENSG00000290109,-0.23678987,1.4735627
ENSG00000290110,-0.012977992,3.7718866
ENSG00000290111,-1.2633547,2.0525544
ENSG00000290112,-3.8206384,4.6080236
ENSG00000290113,-4.5655513,4.99966
ENSG00000290114,2.996202,1.6981823
ENSG00000290115,-5.572729,5.1714573
ENSG00000290116,-0.9854694,1.6441636
ENSG00000290117,2.3779004,2.2364697
ENSG00000290118,-1.0155185,1.7259961
ENSG00000290119,-1.4272153,2.5042672
ENSG00000290121,1.1495159,2.466779
ENSG00000290122,-1.7955972,3.1920996
ENSG00000290123,0.78233385,4.2284226
ENSG00000290124,0.065113306,2.694117
ENSG00000290125,-4.712386,4.4631233
ENSG00000290126,3.231807,1.8233255
ENSG00000290127,-1.2482032,4.3528934
ENSG00000290166,-1.085119,3.0329337
ENTPD1-AS1,6.1443634,2.8015702
ENTPD3-AS1,5.150086,2.3544855
ENTPD4-DT,-0.20807503,3.5872083
EOGT-DT,4.0406437,2.2554712
EOLA1-DT,4.716522,2.0744236
EOLA2-DT,5.0251083,2.1013494
EP300-AS1,1.7173306,2.6388574
EPB41L1-AS1,1.2419119,4.0489736
EPB41L4A-AS1,6.161285,2.617489
EPB41L4A-DT,0.917158,2.8079162
EPC1-AS1,-1.0186857,2.4270477
EPCAM-DT,3.7305706,2.8670764
EPHA1-AS1,3.3932753,2.3511941
EPHA2-AS1,1.4757762,2.64884
EPHA5-AS1,-0.8127042,4.4283643
EPIC1,5.1300116,3.2590036
EPIST,-3.2203171,5.214596
EPM2A-DT,5.832679,3.2363522
EPN2-AS1,0.79888904,3.195418
EPS15-AS1,-0.59789085,3.7645433
ERBIN-DT,0.8524623,2.78507
ERC2-IT1,1.3897872,4.1387544
ERCC6L2-AS1,5.476983,2.6545854
ERCC8-AS1,-3.5888572,2.3261802
ERI3-IT1,0.37827483,3.122232
ERICD,3.1818361,1.6511235
ERICH2-DT,4.0498877,3.465782
ERICH3-AS1,-1.8501604,3.3273935
ERICH6-AS1,4.554963,2.8100178
ERLNC1,-3.7447977,5.7197475
ERRFI1-DT,2.07025,3.1866524
ERVE-1,2.689514,2.6003106
ERVH-1,-4.577032,6.830715
ERVK-28,-0.48354146,4.289847
ERVK13-1,5.905141,2.4304473
ERVK9-11,4.5600863,2.2246466
ESAM-AS1,2.7056513,2.3766844
ESRG,4.7812505,2.879821
ETNK1-DT,-3.6986952,3.750218
ETS1-AS1,-4.5282874,2.5286546
ETV5-AS1,-1.6714206,3.4368994
ETV7-AS1,-4.3998575,4.1487274
EVA1A-AS,2.5773084,3.3305702
EVX1-AS,-4.8419337,2.560141
EWSAT1,-0.59702176,4.164705
EXO5-DT,1.3105124,2.832176
EXOC3-AS1,4.6017013,1.6638722
EXOSC10-AS1,2.446179,1.6476814
EXTL3-AS1,4.408937,3.0317206
EZR-AS1,-2.013254,2.9580998
F10-AS1,-1.3130842,3.6212487
F11-AS1,1.8261378,3.200773
FABP6-AS1,1.4609265,3.4705632
FAF1-AS1,-0.8409933,2.6598768
FALEC,1.7251359,2.715392
FAM106A,5.041578,2.3823879
FAM106C,-3.2081144,1.6843582
FAM111A-DT,4.671202,1.8687651
FAM131B-AS1,-2.6893427,4.0062494
FAM131B-AS2,5.413699,1.9283439
FAM135A-AS1,-5.9667106,3.6032662
FAM138A,-0.44989073,2.674495
FAM138B,-4.7802567,5.6852036
FAM138C,-4.844177,5.7044697
FAM138D,-4.834333,5.779161
FAM138E,-4.840061,5.709886
FAM138F,-4.888675,5.663925
FAM13A-AS1,5.0158916,2.1544127
FAM13B-AS1,-0.9384211,3.7058425
FAM151B-DT,5.513968,2.5650177
FAM153B,5.3068705,3.1362455
FAM153CP,5.3613014,3.19043
FAM157C,5.3967166,2.2883155
FAM167A-AS1,-6.1012797,5.921543
FAM170B-AS1,-5.0655856,2.5967197
FAM174A-DT,-0.16786061,3.7033858
FAM181A-AS1,1.410487,4.202732
FAM182A,3.941968,2.818775
FAM182B,2.7454214,1.8778291
FAM193B-DT,0.15639083,3.7608485
FAM197Y6,-5.4680552,3.3645349
FAM197Y7,-5.154872,3.885668
FAM201A,3.3447485,1.6624091
FAM215A,2.252518,1.9386226
FAM215B,4.4149213,2.445664
FAM218A,2.6218987,2.0488155
FAM222A-AS1,-0.17736107,3.946344
FAM223A,0.7472623,2.1658823
FAM223B,0.75918233,2.1796796
FAM224A,-1.3708093,3.9793007
FAM224B,-1.2935591,4.076271
FAM225A,2.9814403,1.8061711
FAM225B,2.0029967,2.219563
FAM226B,1.9346976,2.150787
FAM230A,0.4960043,4.659593
FAM230B,-5.076727,2.5149317
FAM230C,-0.22481084,3.6758366
FAM230D,-4.9366927,2.366531
FAM230E,-0.69605833,4.2543344
FAM230F,-4.866592,2.2947826
FAM230G,-1.6764971,3.265711
FAM230H,-4.986329,2.3833082
FAM230I,-4.9296756,2.3194985
FAM230J,-5.006824,2.2676258
FAM240C,-3.3833375,1.6852119
FAM242A,-0.08915981,2.6497538
FAM242B,-4.8266644,3.5753772
FAM242C,-1.7528597,4.495927
FAM242D,-4.822861,3.2297318
FAM242E,-4.8030143,2.4170647
FAM242F,-3.800791,3.0255184
FAM245A,1.1442454,3.508756
FAM245B,1.2368768,4.393203
FAM247B,-4.7654486,3.9496791
FAM27C,5.506281,2.5636632
FAM27E3,4.11511,1.7494807
FAM27E5,-4.2668953,2.5760894
FAM30A,0.42785633,1.4101946
FAM3D-AS1,1.5877476,3.186941
FAM41AY1,-4.696608,4.313168
FAM41AY2,-4.6767097,4.2217855
FAM41C,0.6016055,2.6457918
FAM53B-AS1,-0.4241681,2.4520423
FAM66A,-2.4069207,3.9178333
FAM66B,4.0126586,2.0494466
FAM66C,4.1225767,2.2140796
FAM66D,3.9469938,2.0291793
FAM66E,-2.1585562,3.086726
FAM74A1,-4.262135,2.374317
FAM74A7,-4.4913373,4.341137
FAM78B-AS1,0.95117724,4.2542806
FAM83A-AS1,-3.3149579,4.8719587
FAM83C-AS1,-1.4192356,4.841524
FAM85B,0.47996622,2.6036022
FAM87A,0.52931297,2.9206047
FAM87B,2.1178591,2.8069265
FAM88B,4.2292266,1.6624603
FAM88C,4.113622,1.7350411
FAM88E,1.9069071,2.2630298
FAM88F,2.1571414,1.9146159
FAM95A,-0.7995653,4.473178
FAM99A,-3.7173495,6.011704
FAM99B,-3.6831765,5.9693403
FANK1-AS1,-5.6446686,3.7562993
FAR1-IT1,-0.496022,2.4525251
FARP1-AS1,-4.6319556,4.2918034
FARS2-AS1,-1.0669744,2.6375177
FARSA-AS1,-1.7126005,3.7939346
FBN1-DT,-0.67663527,4.287784
FBXL19-AS1,5.3678503,2.1679068
FBXO3-DT,-4.7114325,2.6279697
FBXO34-AS1,-1.18334,2.8502576
FBXO36-IT1,-4.1976204,3.3150387
FBXO38-DT,6.2170744,3.12326
FBXW7-AS1,-2.0511124,2.5639656
FCHO2-DT,0.22094557,3.763295
FENDRR,2.0320563,2.3713915
FER1L6-AS1,-4.7185445,3.056533
FER1L6-AS2,-5.8193164,5.4541025
FEZF1-AS1,-2.4079785,4.126804
FGD5-AS1,6.3863707,2.8781312
FGF10-AS1,-5.141193,4.092525
FGF12-AS1,-3.4843192,2.8635044
FGF12-AS2,-3.2257175,3.436115
FGF12-AS3,-3.430506,3.3304222
FGF13-AS1,-2.119688,4.3568716
FGF14-AS1,-3.4236155,2.657472
FGF14-AS2,2.7319105,1.9944446
FGF14-IT1,-3.3224208,2.6640701
FGGY-DT,2.200453,2.3902905
FHAD1-AS1,0.375937,4.101297
FHIP1A-DT,-1.8088142,5.0543065
FIBCD1-AS1,-4.3451858,4.6083317
FIGNL2-DT,-2.3786645,4.15511
FILNC1,-1.0793054,3.849422
FIRRE,5.305653,2.8949018
FKBP14-AS1,2.9878812,1.8665472
FKTN-AS1,-1.3525649,3.3977165
FLG-AS1,3.8931487,3.1499012
FLNB-AS1,3.5428329,1.8612243
FLNC-AS1,-3.0651093,3.9310753
FLRT2-AS1,2.7072983,4.1540413
FLVCR1-DT,5.095194,2.420085
FLVCR2-AS1,-3.3033268,1.5767576
FMNL1-AS1,3.5914116,1.8878126
FMNL1-DT,4.7396784,2.220821
FMR1-AS1,1.5767375,2.9083166
FMR1-IT1,0.8193618,4.2177367
FN1-DT,-3.1388545,4.634942
FNDC1-AS1,-4.016595,4.593367
FNDC1-IT1,-4.557948,4.4187536
FOCAD-AS1,-1.7795014,4.2332883
FOSL2-AS1,1.9926324,2.5906248
FOXC2-AS1,-2.9917822,4.645099
FOXCUT,-0.38049865,4.2718997
FOXD1-AS1,0.8254792,3.4192426
FOXD2-AS1,4.192852,1.757807
FOXD3-AS1,-4.571403,6.8502564
FOXF2-DT,-1.5807664,4.645911
FOXG1-AS1,0.15849178,3.4717596
FOXN3-AS1,4.052043,1.6708403
FOXN3-AS2,-1.0808986,2.2948866
FOXO6-AS1,-2.8272874,4.25251
FOXP1-AS1,1.2547655,4.097234
FOXP1-IT1,-0.3184149,2.4356225
FOXP4-AS1,2.2965243,1.9818404
FREM2-AS1,-4.727555,4.385985
FRG1-DT,4.3515587,3.1444614
FRGCA,-4.327077,4.5424557
FRMD3-AS1,3.3098948,3.213164
FRMD6-AS2,3.9567986,2.3884375
FRMPD3-AS1,-4.565155,4.1902695
FRMPD4-AS1,-3.706604,3.1361716
FRY-AS1,-0.21059045,2.8485854
FSIP2-AS1,1.4329501,3.164382
FSIP2-AS2,-2.4919956,4.1557016
FTCD-AS1,-3.6441648,5.8461533
FTX,6.402937,2.9959428
FUT8-AS1,2.8797238,1.7694637
FXYD6-AS1,2.1651168,2.7141378
FZD10-AS1,3.1044848,2.9023936
FZD4-DT,1.0342268,3.0594451
G2E3-AS1,0.7841682,3.8001497
GABARAPL1-AS1,-4.65696,4.398537
GABPB1-AS1,6.3774233,2.9504054
GABPB1-IT1,5.817352,2.3621168
GABRG3-AS1,-3.5754592,2.6520166
GACAT1,-5.0223184,3.9597187
GACAT2,-1.270583,4.7981296
GACAT3,0.85373425,4.2828054
GALNT16-AS1,-0.8579423,4.1418962
GALNT7-DT,5.304366,2.9165876
GAPDH-DT,-0.08090969,3.815321
GAPLINC,3.3001165,3.2447822
GAR1-DT,-2.111299,4.3898993
GARS1-DT,6.3423944,2.9527912
GAS1RR,1.6449184,2.65624
GAS5,6.431519,2.9263358
GAS5-AS1,2.9526265,2.2966735
GAS6-AS1,4.8180118,1.819906
GAS6-DT,3.5367858,2.7102275
GAS8-AS1,1.5325539,2.355146
GASAL1,3.7935987,1.7934973
GASK1B-AS1,3.437937,1.7906872
GATA2-AS1,4.1064124,1.6483309
GATA3-AS1,-3.4168932,4.9189386
GATA6-AS1,1.2048774,2.857921
GATD1-DT,5.2715936,2.3875995
GAU1,-0.1500203,3.7304535
GBX2-AS1,2.6804276,1.9324733
GCAWKR,2.845273,2.028547
GCC2-AS1,1.7625917,2.438341
GCSIR,2.0233245,3.2547317
GDF5-AS1,0.74637955,4.204212
GDNF-AS1,2.4096344,2.728718
GEMIN7-AS1,4.342491,2.1115217
GFOD1-AS1,-3.5980759,1.9555764
GHET1,3.72848,3.170964
GHRLOS,4.2236047,2.3078415
GIHCG,5.3815365,2.326392
GJD2-DT,1.7214074,3.3051152
GJD3-AS1,4.207654,1.6352015
GK-AS1,0.71140563,2.0215871
GK-IT1,-1.666732,2.0204527
GLCCI1-DT,-0.98419255,2.4749026
GLIDR,5.3208265,2.3776412
GLIPR1-AS1,3.4745052,2.0869887
GLIS2-AS1,-1.9998559,4.3919244
GLIS3-AS1,-4.342687,2.4392626
GLIS3-AS2,-5.521134,3.5091994
GLYCTK-AS1,1.8802072,2.4739428
GMDS-DT,5.7767396,2.9573712
GNA14-AS1,-4.432029,3.7250783
GNA15-DT,-0.6339979,1.8639061
GNAO1-AS1,-3.3410902,2.7304058
GNAO1-DT,4.9680257,3.4426212
GNAS-AS1,3.0527446,2.954598
GNB1-DT,2.2709646,1.9137409
GNG12-AS1,3.010026,2.3407483
GOLGA4-AS1,4.582448,1.9571953
GOLGA7B-DT,-4.6398892,4.3237314
GOLGA8M,2.4926934,2.3848295
GOLPH3-DT,4.488856,1.6934116
GORAB-AS1,2.191564,3.121323
GOSR2-DT,-1.4828712,4.902086
GOT1-DT,5.1165423,2.6104493
GP6-AS1,4.6448674,2.6853948
GPAT4-AS1,0.039070968,5.288035
GPC1-AS1,1.2860357,2.7979062
GPC5-AS1,-5.4805984,5.551031
GPC5-AS2,-3.561461,2.7609537
GPC5-IT1,-4.0847054,3.148991
GPC6-AS1,-3.588683,3.2796087
GPC6-AS2,-3.6568565,3.0720456
GPM6A-DT,-3.2524676,2.6227052
GPR155-DT,2.249209,1.9784156
GPR158-AS1,-5.663787,3.3888826
GPR176-DT,2.3095663,2.8806295
GPR50-AS1,-2.8334427,4.2942314
GPRACR,0.46184504,3.3271356
GPRC5D-AS1,3.8812654,1.783751
GRAMD1A-AS1,0.79748297,4.194398
GRAPLDR,0.63642484,1.8489395
GRASLND,4.4118896,3.1760027
GREB1L-DT,-2.8834147,4.3327136
GREM1-AS1,-3.0692103,4.741805
GRHL3-AS1,-3.4522278,4.542836
GRID1-AS1,-3.4009104,2.8415234
GRIK1-AS1,2.9384022,3.5983307
GRK3-AS1,-2.3441994,5.6584864
GRK5-IT1,-1.2580811,2.4779074
GRM3-AS1,-2.3184683,3.8492365
GRM5-AS1,-2.8154545,3.5847256
GRM7-AS1,-4.630659,3.978529
GRM7-AS2,-3.5601947,2.7704537
GRM7-AS3,-5.104427,3.3844092
GRM8-AS1,-3.9592373,2.889714
GRPEL2-AS1,-1.7459977,3.8750625
GRTP1-AS1,-1.4385897,4.8388944
GSEC,4.9434156,2.2280173
GSK3B-DT,5.199477,2.773407
GSN-AS1,3.9970965,2.3351629
GSTCD-AS1,-2.1538637,3.117489
GTF2I-AS1,4.0482726,2.9891722
GTF3C2-AS1,3.0366457,3.5314732
GTF3C2-AS2,5.836122,2.3994668
GTSCR1,-1.2790318,1.6566001
GTSE1-DT,2.878617,1.8141439
GUCY2C-AS1,-0.67064995,2.5941377
GUSBP11,5.669674,2.1393967
GYG2-AS1,-4.84855,4.202188
H1-10-AS1,4.365105,2.0756657
H19,4.472031,1.734554
H2AZ1-DT,2.8584642,2.2337763
H2AZ2-DT,-1.1336037,3.9117842
H3-3A-DT,2.0777996,2.770752
HAGLR,3.142805,1.8260027
HAGLROS,-0.849884,4.52339
HAND2-AS1,4.5905375,3.3093228
HAO2-IT1,-3.8719618,5.733246
HAR1A,0.11810986,1.9464216
HAR1B,1.274931,2.9118314
HAS2-AS1,1.4505601,2.782944
HAUS5-DT,-4.8350897,3.15737
HCCAT5,-4.168697,3.526204
HCCS-DT,3.8435588,2.9598026
HCFC1-AS1,-0.9739761,3.8206453
HCG11,5.528533,2.2588825
HCG14,-3.9094188,5.205783
HCG15,0.81082755,3.141696
HCG17,-2.2017834,3.9828126
HCG18,6.3587947,2.896626
HCG20,1.5557909,4.19903
HCG21,-5.3699594,3.9743762
HCG24,0.8225575,3.9705124
HCG25,4.878753,2.8471067
HCG27,3.4534087,1.9696411
HCG9,-0.9982908,3.2722821
HCP5,5.193491,2.2486231
HDAC11-AS1,-1.90804,4.633701
HDAC2-AS2,3.4770365,2.3183515
HDAC4-AS1,2.533141,1.8513554
HDAC9-AS1,-4.90913,3.518683
HDHD5-AS1,-0.20921485,4.021405
HEATR3-AS1,-0.71729994,4.526573
HEATR5A-DT,3.8215334,2.1041145
HEATR6-DT,2.1480846,2.4870012
HECW1-IT1,-3.464179,2.685779
HECW2-AS1,0.8575422,1.7592788
HEIH,5.5645695,2.1046453
HELLPAR,6.4108605,3.0035622
HELZ-AS1,-0.32986307,4.0753508
HERPUD2-AS1,5.8033595,2.3562026
HEXA-AS1,2.811836,2.069714
HEXD-IT1,4.044099,3.4751608
HEXIM2-AS1,4.5260096,2.1864727
HEY2-AS1,-0.5336891,4.254038
HHATL-AS1,-3.8680112,5.186244
HHIP-AS1,2.05127,2.4044726
HHLA3,5.0198703,1.8841666
HHLA3-AS1,-0.99074817,4.043386
HID1-AS1,0.70876557,3.84095
HIF1A-AS1,0.029938394,3.4823763
HIF1A-AS3,5.6848707,3.3690057
HILPDA-AS1,2.0168188,2.2675276
HIPK1-AS1,2.3387709,2.847571
HIVEP2-DT,3.3512871,2.4620728
HK2-DT,4.454959,1.7597617
HLA-DQB1-AS1,0.70943713,1.5170473
HLA-F-AS1,4.4142666,2.1859372
HLCS-AS1,4.5055423,3.120564
HLCS-IT1,-2.588734,2.7708924
HLTF-AS1,-0.79282403,4.5322447
HLX-AS1,-3.993715,4.578313
HM13-AS1,0.4663924,3.3776524
HM13-IT1,0.62913543,2.837626
HMBOX1-IT1,-4.7840137,3.7499247
HMGA1P4,0.67475533,2.5752642
HMGA2-AS1,3.3377173,3.153094
HMGN3-AS1,4.108417,1.6913722
HMMR-AS1,-1.5505822,4.148547
HNF1A-AS1,3.182999,3.4988143
HNF4A-AS1,-3.6178963,5.9812207
HNRNPD-DT,2.6363947,1.8361877
HNRNPK-AS1,3.8617144,2.0643365
HOMER3-AS1,1.4876046,2.4901752
HORMAD2-AS1,-3.6638453,6.032511
HOTAIR,-0.19446014,4.284413
HOTAIRM1,4.6589723,1.8657553
HOTTIP,-2.6281452,5.2763653
HOXA-AS2,2.8813155,1.8048706
HOXA-AS3,1.7636445,1.994444
HOXA10-AS,1.6631145,1.9096847
HOXA11-AS,1.7624246,1.9162059
HOXB-AS1,3.3652442,1.7420561
HOXB-AS2,-0.13698204,3.493696
HOXB-AS3,1.4676254,2.1523309
HOXB-AS4,-1.9831879,5.0891767
HOXC-AS1,-0.13997458,4.174505
HOXC-AS2,-0.03558601,4.1394444
HOXC-AS3,-0.24788684,4.3468604
HOXC13-AS,-0.22974466,4.3153434
HOXD-AS2,0.62821174,3.5656657
HPN-AS1,1.5968074,2.785811
HPS1-AS1,2.5124042,1.8067414
HPYR1,-0.9630056,2.8249059
HRG-AS1,4.4451995,3.4510567
HS1BP3-IT1,-3.5181272,5.917182
HS6ST2-AS1,-4.8040886,4.2941427
HSD11B1-AS1,-0.67149335,1.931312
HSD17B1-AS1,5.7034674,2.1731546
HSD17B3-AS1,-3.6745653,1.9264451
HSDL2-AS1,4.398162,3.2053132
HSPA12A-AS1,-4.482798,5.9041452
HSPA2-AS1,2.3623888,2.795246
HSPA5-DT,-1.9126264,4.4339976
HTR2A-AS1,-5.9198637,5.566719
HTR3E-AS1,-1.2233486,3.0487185
HTR5A-AS1,-0.23899439,3.1469254
HTT-AS,1.1246145,4.19447
HULC,5.492464,3.223895
HUNK-AS1,-4.386446,4.437728
HYI-AS1,-2.9314053,4.277713
HYMAI,-0.17997542,2.8216336
IATPR,0.16554944,1.5739977
IBA57-DT,0.05794959,3.3029506
ICA1-AS1,-0.9534351,4.5822735
ICAM4-AS1,1.7587771,2.1185944
ICMT-DT,3.4605641,2.6823878
ID2-AS1,3.9882324,1.635759
IDH1-AS1,2.482369,1.8054888
IDH2-DT,1.4308628,3.7637064
IDH3B-DT,-2.1033747,3.9021118
IDI2-AS1,4.5189433,1.9555997
IER3-AS1,3.4325829,2.2146723
IER5L-AS1,2.785735,2.0872588
IFNG-AS1,0.43490204,1.6204512
IFT74-AS1,-1.933736,4.3786902
IGBP1-AS1,0.8957071,4.06375
IGBP1-AS2,-3.5705373,1.904506
IGF2-AS,-2.506388,4.661299
IGF2BP2-AS1,1.2780068,3.285304
IGFBP7-AS1,-2.7908006,4.4263086
IGFL2-AS1,3.0773063,2.3833528
IGSF11-AS1,-3.552403,2.6268463
IGSF21-AS1,-3.6124997,2.9701924
IGSF22-AS1,0.023560733,3.3471885
IKBKB-DT,-0.066295475,3.7115867
IL10RB-DT,4.5795627,2.0292165
IL12A-AS1,3.3082788,3.5545754
IL1R1-AS1,-4.8909564,4.440991
IL20RB-AS1,-3.4240232,4.695119
IL21-AS1,-1.9015262,1.8640548
IL21R-AS1,2.1034744,2.4010024
IL6-AS1,-3.0152285,4.768339
IL6R-AS1,1.2547125,2.4448514
IL6ST-DT,2.8907843,3.0071828
ILF3-DT,5.953939,2.7241364
ILRUN-AS1,3.9529371,1.6552563
ILVBL-AS1,-0.5987303,4.0190487
INE1,4.2871704,2.1071508
INE2,-1.1879557,1.6419162
ING2-DT,3.106493,2.0973442
INHBA-AS1,1.8350793,3.7025576
INKA2-AS1,2.1295269,2.0363162
INO80-AS1,-4.0772524,4.1351447
INO80D-AS1,4.6140823,1.7770346
INSIG1-DT,4.513615,1.7518135
INSYN1-AS1,-2.4077778,3.989413
INTS6-AS1,4.92731,2.80182
INTS6L-AS1,-1.3760386,4.4451957
INTS9-AS1,1.7634429,2.9994364
IPO9-AS1,2.3985333,1.6980976
IQCA1-AS1,-4.3031125,4.4466476
IQCF5-AS1,-4.492487,2.4333928
IQCH-AS1,5.4794626,2.4944522
IQCJ-SCHIP1-AS1,-2.0795658,2.8298912
IQSEC3-AS1,-3.0110388,4.084724
IRAG1-AS1,-0.6157391,1.5883579
IRAIN,0.098725006,3.8880246
IRF1-AS1,5.284385,2.2279541
IRF2-DT,4.572213,2.0797677
IRS4-AS1,-2.547715,4.098803
IRX4-AS1,-2.983059,4.4669557
ISL1-DT,-0.3071492,3.8247328
ISM1-AS1,-4.520627,3.7828445
ITCH-AS1,-1.8979373,2.510305
ITCH-IT1,-4.4795575,4.1470428
ITFG1-AS1,-1.240902,3.786535
ITFG2-AS1,2.9096434,2.3028402
ITGA2-AS1,0.7564242,2.9945147
ITGA6-AS1,-1.7147028,6.201545
ITGA9-AS1,5.078063,2.9245389
ITGB1-DT,2.9940684,2.0093033
ITGB2-AS1,1.5036964,1.3754822
ITGB5-AS1,-2.3632374,2.8489146
ITGB8-AS1,2.3590417,1.8771157
ITIH4-AS1,-3.8736277,5.484497
ITPK1-AS1,0.2202958,2.5947583
ITPKB-AS1,-1.5535887,2.3476732
ITPKB-IT1,-0.33415696,1.414875
ITPR1-DT,2.7947917,1.9127978
ITPR2-AS1,-3.6743789,4.1706877
ITPRID2-DT,2.5872488,2.520683
ITPRIP-AS1,0.0044071064,2.5402353
JADRR,0.79107076,4.336132
JAKMIP2-AS1,2.136618,3.879672
JAKMIP3-AS1,-2.8905945,3.8738031
JARID2-AS1,0.3569775,2.4016063
JARID2-DT,2.4651713,1.8525968
JAZF1-AS1,0.46919313,3.2602746
JDP2-AS1,3.2010448,1.8055457
JMJD1C-AS1,2.623909,1.7744042
JPX,6.3625417,2.928744
JRKL-AS1,-1.6299316,3.7268946
JTB-DT,3.5337565,1.6689728
KANSL1-AS1,4.5426736,2.311371
KANSL1L-AS1,4.154185,2.844634
KAZN-AS1,-1.6008995,2.8587286
KBTBD11-AS1,2.3486521,3.5472555
KBTBD11-OT1,-3.3627415,5.1475177
KCNAB1-AS1,-4.2924166,3.754429
KCNAB1-AS2,-4.7997355,4.3263316
KCNC4-DT,-5.8772116,5.5241523
KCND3-AS1,-3.2813048,2.7604723
KCND3-IT1,-4.040872,3.4866273
KCNH1-IT1,-2.8451982,4.0674915
KCNH7-AS1,-3.3980129,2.690745
KCNIP1-AS1,-6.0473294,5.865663
KCNIP1-OT1,-1.8824002,3.0810971
KCNIP2-AS1,2.1556976,2.087468
KCNIP4-IT1,2.0094156,3.3204758
KCNJ2-AS1,1.6570251,2.1113636
KCNJ5-AS1,3.473466,1.6328583
KCNJ6-AS1,-5.241661,5.1393104
KCNK15-AS1,-0.15392725,4.0358977
KCNMA1-AS1,3.3104544,3.43949
KCNMA1-AS2,-3.8046072,3.2895749
KCNMA1-AS3,-2.9964437,2.6991062
KCNMB2-AS1,4.12958,3.5149527
KCNQ1-AS1,-6.0640073,5.7245693
KCNQ1DN,-4.282756,3.599793
KCNQ1OT1,6.3729706,3.0178492
KCNQ2-AS1,-2.8281069,3.8333142
KCNQ5-AS1,-0.6754726,2.5242848
KCNQ5-DT,-0.70173216,3.8791149
KCTD13-DT,4.0757113,2.370682
KCTD21-AS1,4.9120064,2.6006596
KDM2B-DT,1.5381321,2.4239683
KDM4A-AS1,5.0147986,2.6094353
KDM5C-IT1,-1.3345852,2.60804
KDM7A-DT,5.3495216,2.2314723
KDSR-DT,3.112037,1.6538395
KHDC1-AS1,5.504005,2.7190943
KHDRBS2-OT1,-3.319682,2.7350929
KIAA0087,-0.24525368,3.4319313
KIAA1614-AS1,2.9708698,1.8785157
KIAA1671-AS1,1.9252145,3.864286
KIAA2012-AS1,1.9283534,3.9122028
KIF18B-DT,-2.1823313,3.9935021
KIF1C-AS1,1.1871905,1.9743145
KIF23-AS1,3.7672536,1.8118666
KIF25-AS1,-0.7205525,3.7494352
KIF26A-DT,-2.6704333,4.484842
KIF26B-AS1,-2.8999975,2.9589014
KIF5C-AS1,-3.0961063,2.6218996
KIF9-AS1,5.329254,2.6933312
KIFC1,5.620981,2.1315362
KIRREL1-IT1,-2.3193774,2.905207
KIRREL3-AS1,-4.8779526,4.522479
KIRREL3-AS2,-3.5930588,2.8088017
KIRREL3-AS3,-3.356209,3.9471178
KIZ-AS1,1.8584858,3.0941713
KLC1-AS1,4.9711576,2.1321492
KLC2-AS1,-0.12311048,3.653856
KLC2-AS2,-4.5248494,4.4238305
KLC4-AS1,-1.1550238,4.009965
KLF2-DT,-1.6245521,2.1465628
KLF3-AS1,5.0870113,2.7104242
KLF7-IT1,1.721062,2.8481874
KLHDC7B-DT,-0.11065708,1.4085099
KLHL30-AS1,-0.45751703,3.1010761
KLHL6-AS1,0.767218,3.282822
KLHL7-DT,4.1363,3.0203912
KLRK1-AS1,4.97105,2.6607897
KMT2E-AS1,4.4365234,1.7546741
KPNB1-DT,4.003374,1.9180876
KRBOX1-AS1,-5.097956,3.015284
KRT10-AS1,5.6638765,2.4629474
KRT7-AS,1.5090381,2.45644
KRT73-AS1,-0.20781365,1.5470965
KRTAP5-AS1,2.0623877,2.4651642
KTN1-AS1,5.3595295,2.536246
L1CAM-AS1,0.40798897,2.865643
L3MBTL2-AS1,4.6932936,2.7858543
L3MBTL4-AS1,4.45975,3.561354
LACTB2-AS1,4.3746576,3.479923
LAMA4-AS1,0.570493,3.0828738
LAMA5-AS1,-1.6894503,4.825618
LAMC1-AS1,0.21329406,3.4039445
LAMP5-AS1,-4.2295036,3.7667656
LAMTOR5-AS1,5.115707,2.6466117
LANCL1-AS1,1.8555346,2.9404447
LAPTM4A-DT,-1.9527556,4.3456125
LARGE-AS1,-1.97339,2.4852026
LARGE-IT1,-4.328025,2.5197546
LARGE1-AS1,-4.0055814,4.6930523
LARP4B-DT,-1.4791961,4.5197487
LARS2-AS1,-1.826301,2.6496093
LASTR,1.7988753,2.5464258
LATS2-AS1,-2.5060568,2.784282
LBX1-AS1,0.39259395,3.431595
LBX2-AS1,4.457344,1.7097605
LCAL1,1.5436244,2.8282418
LCMT1-AS1,3.2025726,2.3770072
LCMT1-AS2,3.5022864,2.948986
LCT-AS1,-3.9588947,3.6668675
LDLRAD4-AS1,-2.0005085,2.5004911
LEF1-AS1,0.867992,1.8137596
LEMD1-AS1,1.2582084,4.2030015
LEMD1-DT,2.1410897,4.006859
LENG8-AS1,5.099518,2.4310026
LERFS,3.241816,2.6165211
LETR1,3.921136,3.5061858
LGALS8-AS1,1.0059824,3.326007
LGALSL-DT,3.0776074,3.3569756
LGR4-AS1,-0.9400512,3.8356128
LHFPL3-AS1,-4.6511397,5.1098523
LHFPL3-AS2,1.8005329,2.7502654
LHX1-DT,0.46242413,3.6127224
LHX2-AS1,-2.7995052,3.634779
LHX5-AS1,-2.484858,4.144076
LIF-AS1,-0.43442795,3.6237686
LIF-AS2,1.4537864,2.4056664
LIFR-AS1,3.7200463,2.374227
LILRB1-AS1,-4.642794,4.275035
LIM2-AS1,-1.1188048,4.1206837
LIMD1-AS1,5.68206,2.1370835
LIMS1-AS1,-1.1795813,2.5997512
LIN28B-AS1,2.3309839,3.9152343
LINC-PINT,6.2338333,3.0261266
LINC-ROR,2.4966297,3.5202386
LINC00028,-4.784645,4.1877728
LINC00029,-4.444594,4.6158323
LINC00051,1.1372136,3.197079
LINC00052,-3.6398158,4.866707
LINC00092,1.9781651,2.855976
LINC00102,0.62057465,3.4240398
LINC00106,3.5519235,1.8982564
LINC00111,-3.576134,5.1087523
LINC00112,-3.9845796,5.356116
LINC00113,-0.29117268,2.7098997
LINC00114,0.09174095,3.1489453
LINC00115,4.881389,2.0952647
LINC00158,-5.459364,4.8656583
LINC00159,-1.1724602,2.964712
LINC00160,-4.304513,4.5235314
LINC00161,-3.2116492,5.003967
LINC00163,-3.741289,4.344859
LINC00165,-3.7664676,4.6271563
LINC00173,3.22157,4.260174
LINC00174,5.7484,2.3678071
LINC00184,-1.3558792,4.3329124
LINC00189,0.43520513,2.1466813
LINC00200,2.676006,3.3094997
LINC00205,5.7027636,2.2298238
LINC00207,-4.343245,3.0091672
LINC00208,-5.3637104,3.783797
LINC00210,-4.032141,3.9924026
LINC00211,-1.902928,6.3304
LINC00221,2.5801413,3.1354537
LINC00222,-0.36055437,3.1275513
LINC00226,-5.066943,3.2249475
LINC00229,-5.902995,5.4409866
LINC00235,3.973617,1.7363718
LINC00237,-3.3533607,3.8904755
LINC00239,-0.12290642,1.9098492
LINC00240,2.8036804,1.9006264
LINC00242,0.3626598,3.7103634
LINC00243,-0.6996576,1.818409
LINC00244,-4.333226,4.1620455
LINC00251,-5.48867,3.3064213
LINC00254,-5.343015,3.1553385
LINC00261,2.0261638,2.339758
LINC00265,5.5698338,2.4496987
LINC00269,1.2760185,4.2639036
LINC00272,-4.180631,3.3063366
LINC00273,4.0812526,2.2449708
LINC00276,4.1528063,3.540172
LINC00278,2.115162,2.9124599
LINC00279,-0.6164953,2.9824824
LINC00280,-5.48511,3.393456
LINC00290,-4.4348783,5.27495
LINC00293,-5.0239925,2.381319
LINC00294,5.7514877,2.2469318
LINC00297,-5.672168,4.1534643
LINC00298,-0.037851457,2.6775465
LINC00299,3.7891936,2.9700217
LINC00303,-4.6846495,2.4189897
LINC00304,1.7060447,2.296943
LINC00305,-4.3911285,2.554045
LINC00307,-4.275443,4.4421964
LINC00308,-4.617594,5.26605
LINC00309,-3.7898326,3.7364693
LINC00310,2.6264596,3.023686
LINC00311,1.2138731,4.333098
LINC00313,1.4965758,2.4389775
LINC00314,-1.8547784,2.753726
LINC00315,-2.264243,4.362301
LINC00316,-4.6830583,4.5498414
LINC00317,-4.7029176,5.1411314
LINC00319,1.5362692,2.4292681
LINC00320,3.9152656,3.3105385
LINC00322,-3.3268893,4.930843
LINC00323,-3.248368,4.3747673
LINC00324,4.0811644,2.1032321
LINC00326,2.8027952,4.601074
LINC00327,2.090553,2.299288
LINC00330,0.9530969,4.2810273
LINC00331,-1.8229176,2.7049336
LINC00332,-3.8667755,5.2267838
LINC00333,-4.903657,4.266414
LINC00334,-0.57969093,3.7937262
LINC00336,0.34465817,3.2592509
LINC00339,5.5909047,2.2523556
LINC00342,6.144106,3.0497324
LINC00343,4.408935,3.7255232
LINC00345,3.8390737,3.4571192
LINC00347,-0.532879,2.945789
LINC00348,-5.474338,3.348921
LINC00349,-5.0942206,3.0774963
LINC00350,-0.09114252,3.1517715
LINC00351,-5.5679116,4.262331
LINC00352,0.71742684,4.434449
LINC00353,-4.6604767,3.9582443
LINC00354,-2.9608965,3.8650017
LINC00355,2.8560169,3.742216
LINC00358,-5.4037046,2.9900658
LINC00362,-4.626238,4.017318
LINC00363,-6.0539,5.7234178
LINC00364,-5.412833,3.775097
LINC00365,-2.2526503,5.1250668
LINC00366,-1.440357,2.7286162
LINC00368,-3.6893296,2.5970285
LINC00370,-4.3036795,4.2042737
LINC00373,-4.277028,3.9588113
LINC00374,-5.993343,3.2236288
LINC00375,-5.627401,3.7160368
LINC00376,-5.948649,5.194612
LINC00377,-1.2751225,2.6597807
LINC00378,-5.994208,5.613628
LINC00379,-1.5764899,2.555479
LINC00380,-4.872129,4.089921
LINC00381,0.7051643,2.994135
LINC00382,-5.0373445,3.359103
LINC00383,-1.1573437,3.0552316
LINC00384,-4.4608583,2.657324
LINC00385,-4.6803203,2.9450967
LINC00387,-4.782905,3.8674932
LINC00388,-4.401678,3.5426168
LINC00390,1.1251452,2.8432732
LINC00391,-2.2850788,3.8162246
LINC00392,2.301302,2.188125
LINC00393,-5.5220447,4.533157
LINC00395,-5.1918874,3.5010166
LINC00396,-4.691448,4.14447
LINC00397,-4.4301953,5.303162
LINC00398,-1.3085254,1.6497473
LINC00399,-3.5725799,3.5291927
LINC00400,-5.7810907,5.3696895
LINC00402,0.43517098,1.5255188
LINC00404,-2.5808866,3.7669046
LINC00407,-4.4184794,3.719085
LINC00408,-5.9317164,3.9102442
LINC00410,1.4389397,3.9942405
LINC00411,-4.9295955,2.9408593
LINC00412,-0.9416558,3.444182
LINC00415,-4.2842155,4.1848774
LINC00421,-4.364816,3.7750103
LINC00423,-4.9540195,4.739581
LINC00424,-2.032931,2.6677148
LINC00426,3.4963322,2.7542562
LINC00427,-2.3565435,3.045085
LINC00428,-4.714574,6.1415873
LINC00430,-5.728523,3.7011023
LINC00433,-5.3384395,3.1014361
LINC00434,-4.6222057,4.308988
LINC00437,-4.806377,4.351867
LINC00440,-5.583663,3.9078941
LINC00442,-4.992546,2.2708306
LINC00443,-4.3942056,4.745604
LINC00445,-4.7328744,4.01812
LINC00446,-5.736255,3.1654963
LINC00448,-5.4366555,3.2932673
LINC00449,-0.2705259,4.237264
LINC00452,-3.1610036,4.856091
LINC00454,-4.926798,2.4648287
LINC00456,0.53528005,3.060067
LINC00457,-5.7898493,4.2182136
LINC00458,-4.564955,6.876666
LINC00459,-5.2837896,4.0083528
LINC00460,1.5680277,2.8241162
LINC00461,4.1685615,3.2350616
LINC00462,-4.831251,4.0603194
LINC00463,-1.3668449,2.9997811
LINC00466,0.5494815,4.1708064
LINC00467,5.8232303,2.835428
LINC00469,-1.2335768,1.560486
LINC00470,3.2502542,3.3995438
LINC00471,3.2220063,2.803281
LINC00472,5.2309504,2.3425212
LINC00474,-4.4775395,4.253113
LINC00477,0.3075353,4.1865892
LINC00479,-3.4729805,5.434733
LINC00482,2.2019122,1.9177547
LINC00484,1.9045845,2.9916213
LINC00485,0.68847364,4.359616
LINC00486,3.0839949,3.472744
LINC00487,-1.3400182,1.543676
LINC00488,-0.6381641,3.6485145
LINC00489,-4.7567506,3.0079918
LINC00491,2.4948199,3.2386258
LINC00492,-4.6926594,4.2994847
LINC00494,-0.58003575,1.5541133
LINC00498,-4.545278,3.4390137
LINC00499,3.9875374,3.4617312
LINC00500,-4.166108,3.6933591
LINC00501,0.89692235,4.3701224
LINC00502,-4.8161263,3.0302606
LINC00504,5.875509,3.3160565
LINC00507,2.3572428,3.9152882
LINC00508,-5.555303,5.535651
LINC00511,5.50117,2.7199187
LINC00513,3.8830318,3.3495364
LINC00517,-3.5017765,4.6060224
LINC00518,-4.6540537,5.0571446
LINC00519,1.5485789,3.0401125
LINC00520,1.8202379,4.20721
LINC00523,-4.8606315,3.0083308
LINC00524,-5.3064094,4.2199125
LINC00525,-1.7110276,4.959433
LINC00526,4.3461003,1.6866878
LINC00528,1.3026377,1.4010729
LINC00529,-4.3364344,2.756695
LINC00533,-6.4113817,4.6188745
LINC00534,4.2657714,3.4506142
LINC00536,-0.33680546,3.0522351
LINC00538,-4.306622,5.252159
LINC00539,3.6445224,2.2386365
LINC00543,-3.1349146,5.597228
LINC00544,-0.79810077,1.5356548
LINC00545,-4.611134,6.6091557
LINC00547,4.3475547,3.332356
LINC00550,1.8434064,3.3370407
LINC00551,2.23902,2.2358897
LINC00554,-5.398069,3.70334
LINC00555,-4.3459754,4.3214407
LINC00556,-1.8780323,2.4006288
LINC00557,-5.882529,5.436798
LINC00558,-6.087129,5.7151995
LINC00559,-5.0630126,2.996709
LINC00560,-5.3537316,3.381815
LINC00561,-6.0350013,5.51849
LINC00562,2.380376,3.5805995
LINC00563,-1.9371064,1.9179786
LINC00564,-5.121247,4.691684
LINC00565,3.5003827,2.055359
LINC00566,-2.1233766,2.67258
LINC00567,-4.838433,2.484891
LINC00570,-0.799344,1.3988996
LINC00571,1.7366403,2.434906
LINC00572,-4.706649,3.9327826
LINC00574,1.6973184,2.404754
LINC00575,-1.0301425,3.0746992
LINC00578,2.617213,3.723782
LINC00581,-5.312451,3.2062554
LINC00582,-4.1626163,4.244618
LINC00583,-4.5650506,3.0081024
LINC00587,-4.325406,3.527167
LINC00588,-4.9685097,3.4732027
LINC00589,-3.1738274,4.9436574
LINC00592,-0.7828785,4.086221
LINC00595,1.7729167,2.8062093
LINC00596,0.59197223,4.5558615
LINC00598,4.121167,3.4297128
LINC00601,-2.5472126,4.6418524
LINC00602,-3.7194016,4.5529585
LINC00603,-5.266566,3.8618374
LINC00604,-5.388914,3.1332912
LINC00605,-0.26125163,3.6727333
LINC00606,-4.8207984,2.8486915
LINC00607,2.2285526,2.5796847
LINC00608,1.4332346,4.4122105
LINC00609,-3.2837813,2.8267288
LINC00612,1.8375688,2.7981925
LINC00613,-5.1671042,3.490687
LINC00615,-1.4794723,4.9238214
LINC00616,-5.28049,2.5987918
LINC00620,-4.66272,2.8101945
LINC00621,4.6090326,3.277371
LINC00622,1.7355776,2.4917786
LINC00623,5.0824437,2.029915
LINC00624,3.817788,2.186095
LINC00626,-6.0180197,3.1231933
LINC00628,-2.280115,5.1055775
LINC00629,2.5590765,3.2504292
LINC00630,5.6606517,3.2114499
LINC00632,5.4672103,2.9196162
LINC00635,2.1875072,3.2003956
LINC00636,-5.2214527,3.8523571
LINC00638,3.375225,1.8413436
LINC00639,3.2734168,3.1691728
LINC00640,-1.6768528,4.550304
LINC00641,5.7869334,2.3838267
LINC00642,1.3259475,4.015682
LINC00644,-4.39166,4.2495756
LINC00645,-2.28969,3.3751826
LINC00648,3.0859606,2.7474115
LINC00649,5.474781,2.6415906
LINC00652,4.387147,3.305619
LINC00653,3.562993,1.851917
LINC00654,3.8811164,2.1405127
LINC00656,-3.3763704,3.5462542
LINC00658,-2.5124152,2.9808369
LINC00659,1.6338626,2.2608407
LINC00661,-5.551151,3.2128987
LINC00662,6.2560344,2.9403448
LINC00663,4.617125,2.4205205
LINC00664,3.1768773,3.566554
LINC00665,6.1556983,2.9029665
LINC00667,6.1089506,2.6461139
LINC00668,2.758726,2.7861743
LINC00670,4.343377,3.5225463
LINC00671,0.28022927,1.8646815
LINC00676,-4.759146,4.4182496
LINC00677,-0.70378274,1.4865584
LINC00678,-4.571144,6.8546357
LINC00681,-4.834974,4.9820447
LINC00682,-3.9686267,3.5151708
LINC00683,3.8161492,3.186211
LINC00685,4.128578,2.1377811
LINC00686,-4.6084366,4.355381
LINC00687,0.5476445,4.278655
LINC00689,1.7118223,2.7522428
LINC00690,-5.0405016,2.572152
LINC00691,-0.18326348,2.8551488
LINC00692,-4.6771655,2.7868557
LINC00698,-4.5677547,6.403206
LINC00700,-5.1216526,2.5233984
LINC00701,-5.3323026,3.596019
LINC00702,4.007317,3.096891
LINC00703,-1.1532199,3.2466204
LINC00705,-2.5076916,4.984509
LINC00706,2.057478,3.5147178
LINC00707,2.894889,2.0985043
LINC00708,-5.326389,3.7433264
LINC00709,-5.5990353,3.824242
LINC00710,1.4030517,4.0332346
LINC00824,1.753955,4.2411785
LINC00836,4.0413013,3.4020042
LINC00837,-5.5281386,3.0956023
LINC00838,-2.294552,2.8951948
LINC00839,4.085161,1.7192769
LINC00840,-0.8837561,3.4390545
LINC00841,-4.9295125,2.4258056
LINC00842,1.6207788,2.4243152
LINC00844,3.2754917,4.217175
LINC00845,-5.607259,3.819306
LINC00847,5.489908,2.065859
LINC00850,-5.018545,4.2020497
LINC00851,-4.4494586,2.5732188
LINC00852,3.6219084,2.227589
LINC00853,-1.8387728,6.2401347
LINC00857,3.4064581,1.7092843
LINC00858,-1.271698,4.686298
LINC00861,0.6526732,1.4631548
LINC00862,2.3099418,2.5578854
LINC00863,5.630913,2.2515118
LINC00865,1.6951455,2.0631924
LINC00867,-0.16083537,3.1964004
LINC00868,-0.545624,2.972764
LINC00870,1.0952678,3.1156685
LINC00871,-0.40011522,2.8349607
LINC00877,4.3366423,2.5410702
LINC00879,-5.249457,2.9087884
LINC00880,0.53314596,3.0798225
LINC00881,0.7218056,3.021345
LINC00882,5.1329927,3.020514
LINC00885,-3.2712846,5.1348414
LINC00886,3.9647827,1.7729249
LINC00887,2.114506,3.2986279
LINC00891,4.5636497,3.4647655
LINC00892,-0.387142,1.5265654
LINC00895,-1.1899675,3.3463154
LINC00896,1.4017055,2.4357586
LINC00898,-3.2395675,5.1513586
LINC00899,4.39401,2.289846
LINC00900,3.0646207,2.888986
LINC00901,-3.2391968,2.6088202
LINC00903,-3.973207,3.153675
LINC00904,1.8585192,3.7858913
LINC00905,-4.9329896,2.6966815
LINC00906,0.6965818,3.4214096
LINC00907,3.4981189,3.612105
LINC00910,5.8417473,2.8482559
LINC00911,-4.083521,4.6181607
LINC00917,-4.915094,2.3233476
LINC00919,-4.910734,2.3129117
LINC00920,2.7706318,1.883102
LINC00921,3.8055124,2.1840537
LINC00922,-5.843702,5.692765
LINC00923,4.36354,3.0232553
LINC00924,0.7649359,4.180541
LINC00926,4.3902626,2.1259558
LINC00927,-5.253492,2.68743
LINC00928,-2.896262,3.8105245
LINC00929,-1.5608909,3.0934021
LINC00930,-1.7046382,4.4960527
LINC00934,-1.5479437,3.1927454
LINC00937,4.555145,2.4296
LINC00938,5.898885,2.4125657
LINC00939,4.346544,3.601324
LINC00940,-3.2434814,4.820116
LINC00941,-1.8026482,4.9441786
LINC00942,1.8270539,2.2908509
LINC00943,1.7523129,3.8588343
LINC00944,0.53680664,1.697059
LINC00945,-4.613758,3.7543497
LINC00951,-1.3501197,3.6037614
LINC00954,3.9671476,2.7716756
LINC00955,-3.3996685,5.421757
LINC00957,4.805398,2.1468618
LINC00958,4.286977,2.8686895
LINC00960,5.2334895,2.5385978
LINC00963,6.2593727,2.8692753
LINC00964,3.4189725,3.3315215
LINC00967,0.9134759,3.2594233
LINC00968,0.75868225,2.038726
LINC00970,2.7326648,3.6142883
LINC00971,0.7803954,4.280534
LINC00972,-5.217468,3.5711582
LINC00973,-2.5765135,4.938821
LINC00974,-3.5168343,5.133903
LINC00987,1.8884181,2.2058454
LINC00989,-1.9078336,6.3943653
LINC00992,-1.6872121,5.07165
LINC00994,-3.7503343,4.7728667
LINC00996,1.2289891,1.6736927
LINC00997,4.458065,1.7109774
LINC01001,5.5308805,2.0934322
LINC01002,5.5994487,2.260503
LINC01003,4.749345,1.8511345
LINC01004,5.115615,2.2009099
LINC01005,-5.0943766,2.458096
LINC01007,-2.9259746,3.5289216
LINC01010,0.82234174,2.5196621
LINC01011,4.415662,1.8945762
LINC01013,0.7702092,2.9651103
LINC01014,-4.1411605,5.2673426
LINC01015,-5.9357142,3.802275
LINC01016,2.8558931,3.3259993
LINC01017,-5.0610895,2.891651
LINC01018,2.5417204,2.1451209
LINC01019,-5.9620776,5.6786103
LINC01020,0.59627837,4.109403
LINC01022,-4.9721165,2.5102522
LINC01023,2.5842125,1.9412663
LINC01028,-5.514946,3.2117622
LINC01029,-4.684487,5.524019
LINC01030,-6.0061746,5.7792535
LINC01031,-1.3270735,3.9965012
LINC01033,-4.602381,5.6878133
LINC01034,-4.6153183,4.374184
LINC01035,-5.6239524,3.5860908
LINC01036,3.6929264,3.1245613
LINC01038,-4.698289,2.6795323
LINC01039,-5.8016977,3.6408944
LINC01040,-4.2487197,4.3249826
LINC01043,-5.3181725,3.0314293
LINC01044,-5.040879,3.1412113
LINC01046,-1.4154062,2.4640486
LINC01047,-1.8002889,3.0556037
LINC01048,-5.3017454,3.6005476
LINC01049,-4.90492,4.8782935
LINC01050,0.69726247,3.0011842
LINC01052,-5.5101337,3.2754896
LINC01053,-5.537337,4.870883
LINC01054,-3.767713,3.8561544
LINC01055,-5.5222764,4.934096
LINC01056,-4.6596484,4.6159334
LINC01058,-0.7373625,3.9640288
LINC01060,2.8317802,3.8650613
LINC01063,-0.30479562,4.036399
LINC01065,-5.090365,2.7685049
LINC01066,-4.1265,4.082309
LINC01067,2.3983762,2.395492
LINC01068,-4.534591,3.405666
LINC01069,-4.9856005,3.3760855
LINC01070,-3.881152,4.3642545
LINC01072,-4.54955,4.227918
LINC01074,-5.221984,3.7688859
LINC01075,-5.3424864,3.7961729
LINC01076,-5.2962203,5.015838
LINC01077,-4.937832,4.405559
LINC01078,-5.2801986,3.8000069
LINC01079,-3.3885477,5.3382683
LINC01080,-3.982157,3.2896233
LINC01081,-3.860889,4.930247
LINC01082,-3.5161748,5.263504
LINC01087,2.9541528,3.33359
LINC01088,5.4195886,3.2804759
LINC01089,5.4598303,2.0620406
LINC01090,-3.0265548,4.5458455
LINC01091,3.3673866,3.2868207
LINC01093,1.9344202,2.6290681
LINC01094,3.452883,4.1616817
LINC01095,-4.947734,2.2916608
LINC01096,-1.6105648,4.907969
LINC01097,-4.2799273,4.401575
LINC01098,-6.011464,5.632992
LINC01099,0.73148364,4.210442
LINC01100,-4.165156,2.5137076
LINC01102,1.9024062,3.6964595
LINC01103,-4.12447,3.1386516
LINC01104,1.4883667,3.3423078
LINC01106,4.1891646,1.6491371
LINC01107,-4.90474,2.6288946
LINC01108,-4.6247916,6.4961076
LINC01109,-4.2449894,3.93154
LINC01111,-4.022492,4.406553
LINC01114,-2.9172316,3.4349375
LINC01115,1.6984644,3.2388964
LINC01116,3.3080184,2.1139684
LINC01117,0.6778537,3.4066327
LINC01118,0.9982071,3.5868034
LINC01119,1.3222624,2.7015407
LINC01120,-5.0890236,3.8166423
LINC01121,0.637835,4.240619
LINC01122,1.7268676,3.2643309
LINC01123,3.0411737,1.8619688
LINC01124,-3.0753567,5.6576204
LINC01126,3.2579324,2.011689
LINC01127,-0.20265013,1.3067044
LINC01128,6.197933,2.7499096
LINC01132,0.2684226,3.5654984
LINC01133,3.353178,2.683042
LINC01134,3.0575023,2.2808592
LINC01135,2.7680118,1.6910359
LINC01138,5.33592,2.267062
LINC01139,3.96112,2.8548188
LINC01140,3.3590755,2.3834386
LINC01141,-0.16838105,3.240643
LINC01142,-4.528316,3.6865737
LINC01143,-4.7017493,5.4289465
LINC01144,2.963245,1.7279238
LINC01146,2.5636559,2.4420831
LINC01147,-1.295209,1.5884099
LINC01148,0.9042135,3.8211057
LINC01149,1.7894721,3.8030138
LINC01150,0.6221736,2.4959059
LINC01151,4.36694,3.3452141
LINC01152,1.3007114,2.9271524
LINC01153,-5.3517,3.1301484
LINC01154,-3.6576614,4.644442
LINC01159,-2.640083,3.677179
LINC01160,3.367596,2.3006763
LINC01162,-4.6471295,5.5327926
LINC01163,-0.8759751,1.5494199
LINC01164,-3.0998409,3.609355
LINC01165,-1.5519484,4.924145
LINC01166,-2.9465177,3.8609626
LINC01167,-3.1273305,4.8658133
LINC01168,-3.344442,3.4316385
LINC01169,-4.7457504,5.3524146
LINC01170,0.44859448,3.7286046
LINC01173,-4.0895786,4.6906185
LINC01176,3.8139102,2.2198248
LINC01177,-5.529337,3.4212015
LINC01179,0.5503223,4.21099
LINC01180,-0.37023333,3.0058362
LINC01181,-3.7604632,3.7194152
LINC01182,3.050231,4.0811853
LINC01186,1.4078801,2.507159
LINC01187,-1.3742312,3.4079008
LINC01189,-1.5473485,3.0361278
LINC01191,0.1060376,2.1515608
LINC01192,1.454053,3.3374279
LINC01193,-4.55868,2.6850617
LINC01194,-4.6115475,6.462991
LINC01195,-4.6168256,4.2771254
LINC01198,3.0526118,2.6148582
LINC01201,-3.0714712,4.016399
LINC01202,-0.32533517,2.940336
LINC01203,3.4287794,3.4460268
LINC01204,1.8105178,3.902755
LINC01205,3.8255944,3.6964934
LINC01206,4.814382,3.4650557
LINC01208,1.9078728,3.0853295
LINC01209,0.5803453,4.5118494
LINC01210,-5.2473345,3.1183512
LINC01213,-3.1430697,4.9724092
LINC01214,-3.960356,4.4522223
LINC01215,1.3955637,1.462863
LINC01216,-4.8653784,3.8350682
LINC01217,-5.1515694,3.6454232
LINC01218,-2.2522137,6.2558494
LINC01219,-2.9945743,5.149018
LINC01220,2.1218765,2.9012158
LINC01221,-4.904847,3.8158996
LINC01222,-4.901348,3.7675521
LINC01224,3.7774305,2.4545395
LINC01226,5.403214,3.2495065
LINC01227,-4.9139886,2.6222062
LINC01228,0.8457089,4.6050897
LINC01229,0.9846223,2.8670487
LINC01230,-4.0591345,4.263677
LINC01231,-1.2595712,3.518627
LINC01232,5.350636,2.794145
LINC01233,-4.772632,2.7142072
LINC01234,4.8179054,2.7635765
LINC01235,-3.3096483,4.4446087
LINC01237,3.6428945,2.2604496
LINC01238,3.6636257,2.3191822
LINC01239,2.8944502,3.1387866
LINC01241,-5.262768,3.1408255
LINC01242,-1.6243008,2.9856899
LINC01243,-4.982086,3.4300473
LINC01247,0.80679023,4.1802435
LINC01248,-2.8302345,4.172649
LINC01249,-1.5325944,3.9070108
LINC01250,-2.9233005,2.6588845
LINC01251,-6.4229646,4.6084948
LINC01252,3.1771803,2.447087
LINC01254,1.8684317,3.7691774
LINC01255,-0.48248115,3.1237476
LINC01256,-4.892145,3.3931687
LINC01257,-0.23359409,3.1938217
LINC01258,-0.97181475,2.8867776
LINC01259,-0.6986068,1.5262091
LINC01260,-0.74739546,1.7406538
LINC01262,-4.3602753,3.899067
LINC01264,-4.805458,4.2965083
LINC01266,2.8321707,3.2704475
LINC01267,0.87985677,3.1344266
LINC01269,-2.9455988,5.2122817
LINC01270,4.1590104,1.9052327
LINC01271,1.5981303,2.1682563
LINC01273,1.7369546,2.35817
LINC01275,1.3812422,2.8792992
LINC01276,-4.0337358,2.0857837
LINC01277,0.018353803,3.535333
LINC01278,6.099209,2.6822674
LINC01280,-4.8880215,3.6728294
LINC01281,-1.0342089,1.5848079
LINC01282,-3.8827026,3.8041015
LINC01283,-3.718695,3.7405555
LINC01284,2.1886747,4.1148963
LINC01285,4.642725,3.3978329
LINC01287,4.155448,2.3139052
LINC01288,-5.319031,3.4021833
LINC01289,0.79764235,4.364991
LINC01290,-3.4236028,3.8452363
LINC01291,4.1073914,1.7562596
LINC01293,-0.4385183,3.5722923
LINC01297,4.4198155,3.4949794
LINC01298,-4.2297945,4.038245
LINC01299,1.1797935,4.130195
LINC01300,-4.6376786,5.0764894
LINC01301,3.4819484,2.8885286
LINC01303,2.0540175,2.4470532
LINC01304,2.6476905,4.607369
LINC01305,-1.5201283,4.328197
LINC01307,-0.6770149,3.0833962
LINC01309,-1.0594629,3.0054696
LINC01310,-2.7055862,3.7094824
LINC01311,3.8667693,1.6950759
LINC01312,-5.8620405,5.415798
LINC01315,2.5575786,1.8615948
LINC01318,-1.299318,2.9657743
LINC01320,3.3000255,4.353337
LINC01322,4.2800245,3.327719
LINC01323,-5.7042,4.486292
LINC01324,-5.896475,4.497817
LINC01326,-6.439974,4.586395
LINC01327,-4.914926,4.044224
LINC01331,-4.7472916,3.0045848
LINC01332,-5.8655686,3.3836834
LINC01333,-4.0452833,2.838505
LINC01335,-4.542588,2.944056
LINC01337,-1.346238,4.402359
LINC01338,-2.3004417,3.7581358
LINC01339,-2.882838,4.1574717
LINC01340,-1.2547208,2.7201614
LINC01341,3.8494017,2.246819
LINC01342,-3.39099,5.3458104
LINC01343,-4.5048747,2.4367533
LINC01344,1.654811,3.953349
LINC01345,-5.9037857,3.7415912
LINC01346,-3.7424026,2.9045043
LINC01347,1.0420222,2.3862822
LINC01348,2.7180936,2.2230504
LINC01349,-4.9451456,4.4565454
LINC01350,-4.8698387,3.268816
LINC01352,-3.0196123,4.395715
LINC01353,-0.37726158,1.5216658
LINC01354,-2.112099,4.3836093
LINC01355,4.909466,2.0445151
LINC01356,4.2273746,2.979362
LINC01357,0.2624652,3.6159778
LINC01358,4.40088,3.3387015
LINC01359,4.639689,3.283461
LINC01360,-5.6935544,3.6563487
LINC01361,3.2239826,3.0286274
LINC01362,-0.551065,2.5873375
LINC01363,0.545434,3.0342982
LINC01364,-2.106902,2.757985
LINC01365,-4.5833707,4.6530128
LINC01366,1.3647075,2.2846103
LINC01370,1.2076726,3.398193
LINC01374,-3.3870966,3.2657893
LINC01375,-5.7291336,4.022524
LINC01376,3.191067,2.0141952
LINC01378,-0.8343251,2.8510654
LINC01381,-4.823311,4.333823
LINC01385,-3.3923552,4.6714554
LINC01386,-4.519306,4.7164726
LINC01387,-4.49434,3.2736793
LINC01388,-3.9887054,3.606551
LINC01389,-0.25370243,3.7099495
LINC01391,-2.0328383,4.872891
LINC01392,-3.9532669,5.245947
LINC01393,-0.05981438,3.393267
LINC01394,-4.144225,4.4978056
LINC01395,-3.9731865,4.758659
LINC01396,-4.8005676,2.50538
LINC01397,-1.6959807,4.69079
LINC01398,-1.6446984,1.6139679
LINC01400,-5.808479,3.3746397
LINC01402,-4.324798,5.2553053
LINC01405,3.2222075,3.4061866
LINC01409,5.311715,2.4371498
LINC01410,4.654429,2.1198845
LINC01411,1.52505,2.9420564
LINC01412,-6.471992,4.603565
LINC01413,-5.279513,4.7896
LINC01414,-1.4388216,3.5370347
LINC01415,0.32945204,3.401814
LINC01416,-6.3068213,4.5867743
LINC01419,-4.985474,5.3141747
LINC01422,4.547983,3.2177494
LINC01423,-4.3605003,4.4316387
LINC01424,3.558476,2.1626956
LINC01425,-5.2999454,3.5900524
LINC01426,2.587717,2.92012
LINC01427,4.410615,3.6959054
LINC01428,-5.4503403,4.997829
LINC01429,0.7670712,4.171286
LINC01431,2.426063,1.9441761
LINC01432,-5.1938615,4.6362543
LINC01433,-3.0252178,4.949098
LINC01435,0.10168033,3.873831
LINC01436,-1.9953914,4.534539
LINC01438,-5.3320713,5.067224
LINC01440,-6.097753,5.4166584
LINC01441,0.8938101,4.608602
LINC01442,-0.44594586,2.841941
LINC01443,1.0589995,4.246393
LINC01444,-4.0504875,4.744839
LINC01445,5.004958,2.438435
LINC01446,3.750578,3.414517
LINC01447,2.2044528,2.6924527
LINC01448,-1.2255229,3.4086409
LINC01449,-0.6430544,2.9880693
LINC01450,-4.6895714,3.4297755
LINC01455,-4.6982255,4.223168
LINC01456,-2.6808195,4.3858614
LINC01460,1.5349829,3.427439
LINC01465,3.4671342,2.004287
LINC01467,-6.036697,5.741774
LINC01470,-3.264501,2.7718508
LINC01471,-5.2310433,2.64279
LINC01473,3.486489,2.4837236
LINC01474,-0.91627634,2.8824754
LINC01475,-4.488095,4.344515
LINC01476,3.1436532,4.0153995
LINC01477,-4.830343,4.201044
LINC01478,-6.0790887,5.840346
LINC01479,-3.5369666,3.7622755
LINC01480,1.1036614,1.7334471
LINC01482,1.644702,4.133127
LINC01483,1.8355548,4.0112243
LINC01484,2.934415,3.1552424
LINC01485,2.3891218,3.739504
LINC01486,-1.5308914,4.441338
LINC01487,-4.661328,5.9051685
LINC01488,-3.672094,5.958013
LINC01489,-3.242831,3.625865
LINC01490,-4.950476,2.8299148
LINC01491,-5.4219995,3.677046
LINC01492,2.1198134,3.9855921
LINC01493,-5.8719893,4.326711
LINC01494,-1.9642522,3.6369965
LINC01495,-4.0253735,5.2287955
LINC01496,1.8442746,3.7508183
LINC01497,-0.5950597,3.402355
LINC01498,-6.082086,5.8660803
LINC01499,-0.14140503,2.8856397
LINC01500,0.5176104,4.0305443
LINC01501,2.9282255,3.3199184
LINC01502,0.6407853,4.3558764
LINC01503,4.8604712,2.9049065
LINC01504,3.9338875,2.3240016
LINC01505,1.4578882,3.0843098
LINC01506,-0.5646789,1.2310624
LINC01507,-4.993462,4.940333
LINC01508,-0.7073247,4.205256
LINC01509,-5.563424,3.508735
LINC01511,-6.0231543,5.8275523
LINC01512,-2.710907,4.2305155
LINC01513,1.0002252,4.2641897
LINC01514,-2.1934936,2.8618305
LINC01515,5.2187533,2.8781786
LINC01516,-5.272262,3.1581118
LINC01517,2.112598,3.8007736
LINC01518,-0.16897298,3.4959114
LINC01519,-4.569748,3.511945
LINC01520,-5.259238,3.0856702
LINC01521,4.806401,2.3068533
LINC01522,-3.688316,4.973698
LINC01523,-4.3991704,4.456029
LINC01524,3.922394,3.1656055
LINC01525,-5.2707386,3.498639
LINC01526,-4.3310633,4.153341
LINC01527,-0.70809215,4.187587
LINC01530,0.731653,2.6949847
LINC01531,3.0160568,3.7147453
LINC01532,-3.0124192,3.4694922
LINC01533,2.2800756,4.7578144
LINC01535,3.4916646,1.9651885
LINC01537,3.5850844,3.3297422
LINC01538,-5.1634192,3.3377883
LINC01539,-6.423042,4.5642104
LINC01541,-0.31720847,2.8563216
LINC01543,-5.406625,3.7164624
LINC01544,1.2629948,3.6108418
LINC01545,-1.0870118,4.218941
LINC01546,3.7464082,3.365197
LINC01547,5.3127255,2.1362143
LINC01548,-5.8758187,3.0489886
LINC01549,1.8063707,3.2528274
LINC01550,3.7318323,2.93319
LINC01551,5.6594477,3.287012
LINC01553,1.2294949,4.376384
LINC01554,-3.5379925,5.9746366
LINC01555,-0.56155396,3.0220058
LINC01556,-1.5057468,4.9344544
LINC01558,1.3608378,3.6411102
LINC01559,-3.0074213,5.4860463
LINC01560,4.2580037,1.772809
LINC01561,-2.8286881,3.5810008
LINC01562,4.604353,3.4244967
LINC01563,1.6825129,3.8568351
LINC01564,-3.1391788,5.5637136
LINC01565,-6.040963,3.5781834
LINC01566,-4.6977215,2.9647992
LINC01567,1.6666921,4.0490446
LINC01568,2.9974957,3.719918
LINC01569,5.172016,2.6341715
LINC01570,1.8595837,3.8096137
LINC01571,-3.7830348,5.296777
LINC01572,4.801433,2.4367096
LINC01574,-3.1409864,3.9680305
LINC01579,3.9060466,2.9026713
LINC01580,0.19825017,3.1767986
LINC01581,-5.370616,3.0621328
LINC01582,-5.959873,5.6748447
LINC01583,-0.46198094,4.211638
LINC01584,-5.1823,2.9290566
LINC01585,0.57665694,3.2163746
LINC01586,-0.51276153,2.9273748
LINC01587,-3.7440825,2.5581331
LINC01588,5.421387,2.7480817
LINC01589,0.37598053,3.4737902
LINC01591,-4.3209624,2.6797473
LINC01592,-4.975526,3.6247838
LINC01593,-4.785013,4.4398904
LINC01594,-4.9919763,3.007306
LINC01595,-3.733534,5.9989567
LINC01596,-5.0413046,4.350946
LINC01597,3.2341454,2.0952241
LINC01600,-0.73105067,4.3396645
LINC01602,-0.1841443,3.7800996
LINC01603,-5.6668386,3.8235412
LINC01605,-2.49143,4.967812
LINC01606,2.2063606,3.1965694
LINC01607,3.0901968,3.0019536
LINC01608,5.5169315,3.3530042
LINC01609,5.54683,3.443518
LINC01610,-4.671818,5.543013
LINC01611,-4.3597336,5.035301
LINC01612,-3.1703916,5.3147707
LINC01613,-4.7281475,4.001311
LINC01614,-3.208413,4.6664066
LINC01615,-2.7258654,4.8542485
LINC01616,-2.9134471,3.5431685
LINC01618,1.9131354,3.7929306
LINC01619,3.231878,2.1305745
LINC01620,-3.8609414,5.3699794
LINC01621,-3.3153307,3.735017
LINC01622,-3.7274446,5.707359
LINC01623,-0.45781192,2.7781339
LINC01624,-0.58359265,1.4502977
LINC01625,0.81657255,3.2556572
LINC01626,-5.2161384,3.4437454
LINC01627,-4.331105,4.2160635
LINC01628,-4.603516,4.1359167
LINC01629,-2.0238423,4.766531
LINC01630,3.272563,4.2452826
LINC01632,-4.765005,3.0556934
LINC01633,-5.5390377,3.710942
LINC01634,-3.4253435,3.777271
LINC01635,-0.7753502,4.3541694
LINC01637,1.875339,1.868316
LINC01638,-2.8447547,4.7542057
LINC01639,-4.4058976,4.731172
LINC01640,-5.7276936,4.0919733
LINC01641,-5.2034354,3.4503472
LINC01643,-4.413125,2.73854
LINC01644,-6.059507,5.849231
LINC01645,-6.084674,5.8535814
LINC01646,-5.0921626,2.6722665
LINC01647,1.1523669,3.134414
LINC01648,-6.4035,4.575086
LINC01649,-2.6089232,3.5721176
LINC01650,-4.889147,2.9428887
LINC01651,-4.4447904,3.1233237
LINC01653,1.3691903,3.831513
LINC01654,-4.737371,3.3859234
LINC01655,-5.1996017,2.6739147
LINC01656,-4.5037513,4.215828
LINC01657,-4.686251,3.410452
LINC01659,-0.57937145,3.6702478
LINC01661,-4.8886743,2.9761314
LINC01664,-1.284989,4.020116
LINC01665,-4.9267063,4.75572
LINC01666,-3.2591658,5.168445
LINC01668,-3.1122878,4.1368027
LINC01670,3.225799,1.7186203
LINC01671,1.5210754,3.0961547
LINC01672,1.9489443,4.1645584
LINC01673,-4.7517195,3.5422065
LINC01674,-5.610382,3.7622933
LINC01675,-1.1141309,2.5902088
LINC01676,-5.3929844,2.9377532
LINC01677,-5.2437987,2.742424
LINC01678,1.0756989,1.6286005
LINC01679,1.3663591,1.9128691
LINC01680,-5.833684,3.6416924
LINC01681,-5.1412945,2.5966198
LINC01682,-5.5597086,3.0269687
LINC01683,-5.40706,2.8882563
LINC01684,4.4745646,3.5589938
LINC01685,-5.0529313,2.6901238
LINC01686,-0.34251735,4.1509976
LINC01687,0.41173336,3.2354612
LINC01688,-4.478005,4.5862937
LINC01689,-5.234017,3.2596498
LINC01690,-4.967226,2.7006657
LINC01691,-0.06276733,1.9886519
LINC01692,0.50363344,4.575968
LINC01693,-3.9465523,4.3177543
LINC01694,4.943166,2.9903083
LINC01695,3.6072075,3.4241872
LINC01696,-5.47565,3.8958147
LINC01697,3.2759697,3.483665
LINC01698,-4.3219976,3.6131363
LINC01699,-4.3306,4.038315
LINC01700,-3.4512796,3.861687
LINC01701,-4.9661064,4.059769
LINC01702,-3.7007031,6.0947566
LINC01703,2.6108844,2.0253234
LINC01704,-3.814565,4.626301
LINC01705,-3.4515395,4.104715
LINC01706,-5.219501,3.4854445
LINC01707,2.652811,3.3656
LINC01708,-5.8873973,5.5715003
LINC01709,2.2151833,1.9893869
LINC01710,-5.2414126,3.7812328
LINC01711,-3.1833618,4.77746
LINC01712,-5.90087,5.3259273
LINC01713,-4.738504,4.1916666
LINC01714,-3.753479,5.7733884
LINC01716,-1.7721121,2.7849033
LINC01717,-5.5020003,3.116998
LINC01718,-4.86405,2.4934196
LINC01719,5.3697586,2.204119
LINC01720,-2.1790764,3.1636982
LINC01721,1.7125542,3.2564137
LINC01722,4.4808207,3.5622182
LINC01723,-5.7600303,3.0511851
LINC01724,-4.800219,3.995593
LINC01725,2.0687363,3.6679657
LINC01726,-2.149891,2.9485579
LINC01727,4.062079,3.3975432
LINC01728,-4.7666297,3.0364792
LINC01729,-4.408628,3.0645394
LINC01730,1.0699421,2.3644521
LINC01731,-4.126263,4.560864
LINC01732,-1.1511343,3.2889135
LINC01733,1.6335815,4.0735054
LINC01734,-5.0509963,3.4589787
LINC01735,-4.766661,3.7093768
LINC01736,-3.7451994,3.440987
LINC01737,-1.3994423,2.5602899
LINC01738,-4.433395,4.0533447
LINC01739,-5.1223245,5.020524
LINC01740,-4.459541,4.189263
LINC01741,-4.836123,4.0116363
LINC01742,-4.655026,4.2209377
LINC01743,-0.5981771,3.5266898
LINC01744,-1.3822732,3.497621
LINC01745,-4.239827,4.145216
LINC01746,-5.6452603,3.2027006
LINC01747,-1.0507782,3.5523305
LINC01748,4.133384,3.3462005
LINC01749,-4.524369,4.6816754
LINC01750,2.642245,4.6715937
LINC01751,-5.313718,3.579851
LINC01752,-0.997674,4.5013237
LINC01753,-4.9558682,4.2913594
LINC01754,-4.5683627,4.087205
LINC01755,-5.364018,2.9320283
LINC01756,-3.924895,4.0227423
LINC01757,-5.1550455,4.899204
LINC01758,-5.243252,4.921396
LINC01760,-4.8224363,4.027714
LINC01761,4.253711,3.3734956
LINC01762,0.80443406,2.5394042
LINC01763,-3.3794575,4.0372844
LINC01764,2.504845,3.7790427
LINC01765,-3.780218,5.429307
LINC01766,0.9950552,4.298449
LINC01767,-3.5650058,6.0004854
LINC01768,-4.1319423,4.3446674
LINC01770,-0.73133564,4.3107595
LINC01772,4.609976,2.6563673
LINC01774,-5.2479124,3.5239654
LINC01775,-0.77541244,4.363359
LINC01776,3.8523211,3.419391
LINC01777,-4.937896,3.2357767
LINC01778,-1.3264077,4.477591
LINC01779,-4.7937994,3.692746
LINC01780,-3.662937,5.835292
LINC01781,-1.309468,1.6516569
LINC01782,-5.0412617,3.6949813
LINC01783,0.72622544,2.7290292
LINC01784,-4.762931,3.8727102
LINC01785,-0.9152196,3.4585698
LINC01786,2.2519197,2.1483998
LINC01787,-1.5153149,2.9791114
LINC01788,-5.2852683,3.8006616
LINC01789,-4.8331337,3.7995918
LINC01790,-5.2934794,3.768593
LINC01791,-1.5988652,2.7474203
LINC01792,-3.3027098,3.175819
LINC01793,-5.4404693,4.5424995
LINC01794,-4.6931696,3.5925055
LINC01795,-4.4500494,6.6038394
LINC01796,-1.2407233,2.5648432
LINC01797,-4.83961,2.9142807
LINC01798,-0.7868846,3.9042623
LINC01799,-6.081478,5.7679005
LINC01800,-1.2927125,1.667725
LINC01801,1.626276,2.3738613
LINC01802,-4.850294,4.3084235
LINC01803,-4.60533,4.41859
LINC01804,-5.634796,3.6406293
LINC01805,-3.8085337,4.687969
LINC01806,3.2828794,1.7598702
LINC01807,-0.99015045,4.05865
LINC01808,-5.2132654,3.0002003
LINC01809,-5.65391,4.376882
LINC01810,-5.0372725,3.4108984
LINC01811,-6.0760784,5.9004173
LINC01812,-4.0840745,4.4820495
LINC01813,-4.5441265,4.0779233
LINC01814,4.3110647,3.2261958
LINC01815,-4.503638,4.2895412
LINC01816,2.1893039,1.8594861
LINC01817,-4.9790854,4.7761703
LINC01818,-3.775777,5.9449034
LINC01819,1.8196297,2.9969413
LINC01820,-4.9766045,2.4784935
LINC01821,5.5506406,3.4420688
LINC01822,-4.6256156,3.3929334
LINC01823,-6.062765,5.784383
LINC01824,-5.3032074,3.3975332
LINC01825,1.1387749,2.6327198
LINC01826,-4.123874,4.0487885
LINC01827,-3.9989812,3.8298671
LINC01828,1.3276271,4.043751
LINC01829,0.4735517,3.0997021
LINC01830,-4.8097687,4.0197415
LINC01831,-3.724086,6.0091047
LINC01832,-4.540833,3.6894653
LINC01833,0.83970624,3.1197648
LINC01834,-4.5117245,3.9730053
LINC01836,1.5560102,2.4666295
LINC01837,-5.3443046,2.5802846
LINC01838,-4.7362394,5.6404724
LINC01839,-4.3123336,4.2370396
LINC01840,0.9196566,4.3887672
LINC01841,-0.4644077,2.3700473
LINC01842,1.1658409,2.5728824
LINC01843,1.9412905,2.3423245
LINC01844,-2.4658506,4.3402486
LINC01845,-4.257913,3.4112604
LINC01846,-5.8305235,5.090859
LINC01847,-0.7701877,3.1931398
LINC01848,-4.149232,2.4772313
LINC01849,0.41394803,3.9789674
LINC01850,-5.478172,3.647082
LINC01851,-3.806146,5.514946
LINC01852,1.647904,2.378197
LINC01853,-5.313875,3.4347358
LINC01854,-3.3807573,3.6755655
LINC01855,-3.831354,5.038575
LINC01856,1.298045,3.6744552
LINC01857,-0.44511214,1.6256665
LINC01858,-1.1915933,3.3283768
LINC01859,-4.9140096,2.8109217
LINC01861,-5.9463887,5.310184
LINC01863,-4.72367,3.9723365
LINC01864,-0.32410687,3.0218992
LINC01865,-4.713698,3.5673673
LINC01866,-4.274511,3.7890403
LINC01867,-4.5252357,4.9046617
LINC01868,-4.8702884,2.4745345
LINC01870,-4.197622,4.2847624
LINC01871,-0.045573954,1.4198983
LINC01872,-4.5727763,3.0774379
LINC01873,5.147183,3.4490376
LINC01874,-4.8547378,4.954489
LINC01875,-3.8808782,4.764982
LINC01876,2.5127718,2.1807435
LINC01877,2.224635,3.4090421
LINC01878,-2.5784657,2.6507595
LINC01879,0.7302749,4.417913
LINC01880,-4.3387985,3.9915707
LINC01882,-0.0070743235,1.5574427
LINC01883,-4.7450633,3.8050158
LINC01884,-5.06393,2.8602052
LINC01885,-4.654014,5.3521323
LINC01886,0.91034275,3.190593
LINC01887,-1.924205,1.6314951
LINC01888,-1.0002133,1.5435739
LINC01889,-4.120175,5.1120553
LINC01890,-0.99117625,1.6623243
LINC01891,-0.5369182,1.4804729
LINC01892,2.2317977,3.1603572
LINC01893,-3.7861388,4.950528
LINC01894,-3.5441844,3.9066286
LINC01895,-3.6613479,4.333228
LINC01896,-2.4352438,3.9141223
LINC01897,-4.618203,3.7888107
LINC01898,-5.224946,3.2957718
LINC01899,-5.911128,4.5077567
LINC01900,-4.2691703,5.4629073
LINC01901,-2.8682802,4.39046
LINC01902,3.4572904,3.6118584
LINC01903,-3.4984093,2.1823473
LINC01904,-4.6630707,3.8363633
LINC01905,0.60720336,3.1993773
LINC01906,-5.0996776,3.675089
LINC01907,1.6304178,4.1009483
LINC01908,-3.757167,5.3215218
LINC01909,0.31041056,3.5149643
LINC01910,2.4317691,2.9833562
LINC01911,1.0422261,4.476825
LINC01912,-5.256723,3.4397175
LINC01913,0.69187355,3.8462827
LINC01914,-2.9834802,4.803182
LINC01915,2.2069092,3.1935902
LINC01916,-4.6857486,3.9043064
LINC01917,-4.98925,2.7502284
LINC01918,-2.3663318,4.1220584
LINC01919,0.90315264,3.1691523
LINC01920,-5.5424995,3.0875967
LINC01921,-4.5370517,2.3650064
LINC01922,2.1240845,3.457108
LINC01923,2.187431,3.5008228
LINC01924,0.4742599,4.070608
LINC01925,-4.8946295,4.1307464
LINC01926,-5.345761,3.2255077
LINC01927,-4.1734414,4.9762793
LINC01928,-5.0192113,4.8922186
LINC01929,-5.9572234,3.8725138
LINC01931,2.2755473,4.8037987
LINC01932,-3.6133692,4.7660456
LINC01933,1.612286,3.1248558
LINC01934,3.3254385,4.224145
LINC01935,-5.9327073,3.2816234
LINC01936,2.6204963,3.7600818
LINC01937,-4.845155,2.7493248
LINC01938,-6.0489297,3.209384
LINC01939,0.55267584,4.433734
LINC01940,-2.9743888,4.641245
LINC01941,-4.505776,4.8238487
LINC01942,-3.3679652,5.700986
LINC01943,1.1904747,1.8988518
LINC01944,-4.674307,3.4052203
LINC01945,-4.841836,3.0914853
LINC01946,-4.9896255,4.664316
LINC01947,-5.539816,4.883248
LINC01948,3.4665384,2.2659597
LINC01949,4.9652076,3.5238988
LINC01950,-4.651116,6.563398
LINC01951,-0.04163345,3.535405
LINC01953,-5.328891,4.5842857
LINC01954,-3.6590526,3.7512913
LINC01955,-4.936159,3.8476038
LINC01956,-4.592531,4.4144306
LINC01957,-5.3345323,3.6001453
LINC01958,-5.178045,3.6092064
LINC01960,-3.7817733,4.3685203
LINC01961,-5.4242563,2.959507
LINC01962,3.1829505,2.4559414
LINC01963,5.277229,2.000362
LINC01964,-1.1295561,2.711385
LINC01965,-1.2014719,2.917469
LINC01966,-4.5920305,4.4035287
LINC01967,2.3074627,3.259483
LINC01968,1.3551859,4.233666
LINC01970,2.8511567,3.699422
LINC01971,-2.3811052,4.1440125
LINC01972,0.90211385,4.3483706
LINC01973,-1.6959666,1.8680435
LINC01974,-5.0857463,3.5013304
LINC01975,-3.5526848,5.1315045
LINC01976,-1.7400709,4.812693
LINC01977,3.1317174,2.729898
LINC01978,1.7503128,3.40457
LINC01979,0.7768137,3.039596
LINC01980,-2.580487,4.434627
LINC01981,-3.087942,4.077799
LINC01982,-5.925161,3.160709
LINC01983,-4.1725473,5.086982
LINC01985,-4.718771,4.000414
LINC01986,-5.2896867,2.8092844
LINC01987,-4.4602466,4.028302
LINC01988,-1.0165515,1.5992873
LINC01989,-5.778158,4.847226
LINC01990,-1.9113489,4.164166
LINC01991,-4.866438,4.168895
LINC01992,0.9909459,3.290205
LINC01993,0.99626666,3.310594
LINC01994,-5.384235,3.3303082
LINC01995,-4.9919343,2.9475951
LINC01996,-1.7295305,3.1715732
LINC01997,2.2999146,3.3856704
LINC01998,-2.0934355,3.1097922
LINC01999,-5.074892,4.141358
LINC02000,-3.453879,5.3034153
LINC02002,-5.534155,3.0954876
LINC02003,-4.7002954,2.8192334
LINC02004,-1.8652513,4.865167
LINC02005,1.4766426,2.898215
LINC02006,1.0064842,4.2243648
LINC02008,0.5823964,2.9864056
LINC02009,1.4791958,2.757885
LINC02010,-5.56414,3.0546176
LINC02011,-5.209409,3.8735642
LINC02012,-1.0457006,3.9114485
LINC02013,0.64499104,2.716086
LINC02014,-0.50683993,4.0642333
LINC02015,1.1708442,2.8896666
LINC02016,-1.8171415,3.1969352
LINC02017,-4.843208,4.234893
LINC02018,5.0718193,2.8380775
LINC02019,2.7136595,2.192238
LINC02020,0.6508404,3.9933631
LINC02021,4.0278525,2.6310306
LINC02022,-5.848183,5.515392
LINC02023,0.7641555,4.2897067
LINC02024,-3.32009,2.6244981
LINC02025,-5.876918,3.454506
LINC02026,-1.2610954,4.4294434
LINC02027,3.027655,3.3647583
LINC02028,1.8404384,3.151413
LINC02029,-2.3798974,4.7559834
LINC02030,-4.8182945,3.2926235
LINC02031,-3.866373,5.1970496
LINC02032,-4.883267,3.4198213
LINC02033,-0.42376173,1.7935691
LINC02034,-4.961057,2.5242553
LINC02035,5.3919053,2.0520527
LINC02036,-2.7209768,4.499382
LINC02037,1.5005144,3.7690256
LINC02038,-3.1598246,5.5262766
LINC02039,-4.5598183,3.4789927
LINC02040,-5.320987,3.545586
LINC02041,-1.5412717,4.8861256
LINC02042,1.797868,3.0428905
LINC02043,4.6618676,2.79508
LINC02044,-0.6424982,3.8376844
LINC02045,-5.889108,5.391283
LINC02046,-1.2652133,3.3409455
LINC02047,-5.1410866,3.8309107
LINC02048,-4.2195625,4.9937353
LINC02049,-4.4348736,3.8240373
LINC02050,-3.958495,5.015918
LINC02051,-5.17146,4.978854
LINC02052,-4.9898458,2.7099016
LINC02053,-5.216295,3.15895
LINC02054,2.7565835,3.7803016
LINC02055,3.4716933,3.3664176
LINC02056,-3.874165,3.9610548
LINC02057,2.1252792,3.2829726
LINC02058,-4.89647,3.5393212
LINC02059,-5.9528174,5.5601215
LINC02060,-3.2272654,3.1398516
LINC02061,-4.9613013,4.862074
LINC02063,-5.90458,5.4895363
LINC02064,1.3580886,3.2561123
LINC02065,-0.21673785,2.8281834
LINC02066,-4.3189673,4.6208444
LINC02067,-1.1433382,4.057374
LINC02068,2.1773913,3.4678707
LINC02069,0.8752729,4.206752
LINC02070,-4.182782,4.1589026
LINC02071,1.5974768,4.043128
LINC02073,4.280631,3.491738
LINC02074,-0.54046637,2.9290576
LINC02075,-1.5048182,3.1331408
LINC02076,2.0787332,2.145504
LINC02077,-4.7127695,4.0924363
LINC02078,2.8725193,3.7800436
LINC02079,-1.2590761,3.9433274
LINC02080,4.4115596,3.3737476
LINC02082,1.6396207,4.022112
LINC02084,-0.36555701,1.4472611
LINC02085,-3.8657718,4.308179
LINC02086,-0.9545603,4.8205886
LINC02087,-5.4943156,3.0060747
LINC02088,-4.8333707,4.2625384
LINC02089,-5.5505457,3.8907068
LINC02090,-4.16269,2.943845
LINC02091,-4.829835,5.624568
LINC02092,-4.973079,2.3402257
LINC02093,-3.8964994,3.5892284
LINC02094,-3.4347303,3.890481
LINC02096,-5.508778,3.8001184
LINC02097,-3.2559044,2.9513245
LINC02098,-4.5958014,4.240607
LINC02099,1.6226864,3.3766305
LINC02100,-2.2376041,3.2559702
LINC02101,-0.51274925,2.9778066
LINC02102,0.07534281,3.5646825
LINC02103,-4.7732773,4.1229076
LINC02104,-2.8833687,4.7556553
LINC02105,-6.1163993,5.9012613
LINC02106,-4.133158,4.5138493
LINC02108,1.5385864,3.872218
LINC02109,0.83431804,4.1714954
LINC02110,-4.3621225,4.036218
LINC02111,-5.7394195,3.1431925
LINC02112,-0.26303384,2.8225975
LINC02113,-4.5987773,4.5145197
LINC02114,-5.023183,4.840053
LINC02115,-4.7616806,5.653689
LINC02116,-4.943797,4.013052
LINC02117,-4.7080765,3.223512
LINC02118,-4.40259,3.103893
LINC02119,-1.1323017,3.4791436
LINC02120,-5.560432,3.9184723
LINC02121,-5.2398486,5.0844364
LINC02122,-3.9498534,5.1832256
LINC02123,-4.6646705,3.4769442
LINC02124,-4.799204,2.8668554
LINC02125,-5.5619006,4.7559996
LINC02126,-2.0391088,2.4443965
LINC02127,-3.6633995,5.79699
LINC02128,-0.5988065,3.1881986
LINC02129,-3.6805513,4.592839
LINC02130,-4.093289,4.6132803
LINC02131,-5.4585915,3.2143352
LINC02132,-0.8536628,1.7786967
LINC02133,0.074863024,3.182165
LINC02134,-4.5483136,4.2452655
LINC02135,-4.988866,3.0086358
LINC02136,0.78643376,4.2860856
LINC02137,-0.12465771,3.0571852
LINC02138,-4.1426272,2.58209
LINC02139,1.7881491,3.9890454
LINC02140,-4.998996,2.6556528
LINC02141,1.3746586,3.5095606
LINC02142,1.4243013,4.3521028
LINC02143,-5.6014,4.996213
LINC02144,-4.605174,4.097517
LINC02145,0.8497401,3.4495628
LINC02146,-5.5697565,3.0604746
LINC02147,-5.944951,5.141864
LINC02148,-5.1258025,2.8772073
LINC02149,-5.899415,5.3742223
LINC02150,-3.9182293,2.8779306
LINC02151,-5.295267,3.859376
LINC02152,-5.4592667,4.824363
LINC02153,-4.608506,2.867275
LINC02154,-2.650468,4.9040656
LINC02155,-5.6406436,4.1756563
LINC02156,0.47397375,4.037089
LINC02157,-3.7434428,3.6114902
LINC02159,-3.6363323,5.210612
LINC02160,-0.88155866,2.6468496
LINC02161,-4.7507143,3.9082568
LINC02162,-4.6273785,4.5672626
LINC02163,-1.1679553,4.729888
LINC02164,-5.6400933,4.4496346
LINC02165,-5.7279215,3.093247
LINC02166,1.6863214,2.256764
LINC02167,-5.4935236,3.0270562
LINC02168,-3.6886857,2.0317225
LINC02169,-4.440843,3.8007672
LINC02171,-4.50941,4.133186
LINC02172,0.529471,4.2909966
LINC02173,-4.9688826,3.1954098
LINC02174,-5.3289604,3.2160316
LINC02175,4.777279,2.887794
LINC02176,0.97681296,4.750876
LINC02177,2.8025603,3.0519214
LINC02178,-3.5284343,4.9201584
LINC02179,-1.7071506,2.6735437
LINC02180,-5.062124,3.130656
LINC02181,1.1138128,4.306317
LINC02182,-4.4105754,3.7956595
LINC02183,-5.3077955,3.3427248
LINC02184,-4.8802924,5.0693774
LINC02185,3.7282193,3.151952
LINC02186,-5.270054,3.4376564
LINC02188,2.1636162,3.1082015
LINC02189,-4.073405,4.8341346
LINC02190,-4.8901477,3.721649
LINC02191,-4.946544,3.5121613
LINC02192,-3.1989765,3.5970364
LINC02193,4.7280927,2.1029727
LINC02194,-5.0384626,3.2768314
LINC02195,-4.875349,4.579555
LINC02196,-1.2279685,2.8508048
LINC02197,3.2786725,3.4841475
LINC02198,-5.811522,5.5518
LINC02199,2.3579144,3.4140742
LINC02200,0.675463,3.091551
LINC02201,-6.3005004,4.549544
LINC02202,2.1729035,3.25998
LINC02203,-4.865868,3.6131604
LINC02204,0.23576878,3.0678997
LINC02205,-4.6360826,4.1875086
LINC02206,-4.3725,2.9556327
LINC02207,3.0523264,3.295756
LINC02208,-6.109064,5.846619
LINC02209,-0.5050557,3.07916
LINC02210-CRHR1,-6.484071,4.651458
LINC02211,-0.7175778,4.3194547
LINC02212,-6.0144973,5.6830387
LINC02213,-5.0805526,2.790817
LINC02214,0.46037418,4.655643
LINC02215,-4.690777,3.5448914
LINC02216,-4.105261,2.8048344
LINC02217,1.9276868,3.3501313
LINC02219,-4.9723682,2.5617685
LINC02220,-5.3497605,5.234371
LINC02221,-5.972442,4.3266635
LINC02222,-5.0112066,3.0189202
LINC02223,0.4489599,3.103035
LINC02224,-2.575662,6.1384816
LINC02225,1.750083,3.4502316
LINC02226,-4.7302985,3.7028353
LINC02227,-5.0431356,3.599611
LINC02228,2.2498977,3.1094966
LINC02229,-4.6406083,3.825867
LINC02230,-4.834196,2.9477572
LINC02231,-4.935424,3.625832
LINC02232,-3.2347212,3.0539143
LINC02233,-4.2608967,3.7820313
LINC02234,-0.8680402,4.084581
LINC02235,2.744152,3.4774642
LINC02236,0.26559922,3.7264981
LINC02237,-4.3717566,4.0610595
LINC02238,-4.4101357,4.1280107
LINC02239,-5.371478,3.140388
LINC02240,1.040773,3.1571598
LINC02241,3.1101623,4.202777
LINC02242,0.7190974,4.5626025
LINC02243,-3.6813118,4.2974095
LINC02244,-3.750372,3.7769032
LINC02245,4.5948176,2.3377244
LINC02246,2.9759405,2.2290184
LINC02247,-4.5571136,4.618473
LINC02248,-3.9011993,3.6280818
LINC02249,0.9654092,3.2103262
LINC02250,-1.9712734,2.6184118
LINC02251,-4.503766,3.6604815
LINC02252,-4.540415,4.871113
LINC02253,1.4717999,2.9210799
LINC02254,4.8963666,3.559621
LINC02255,-4.7250547,4.5771284
LINC02256,2.2094264,2.4472582
LINC02257,-1.3470824,3.6747124
LINC02258,-4.2771482,4.350536
LINC02259,-3.6631598,1.9897214
LINC02260,2.4768548,3.224376
LINC02261,1.2681627,4.188017
LINC02262,-6.08686,5.8537784
LINC02263,3.174854,3.4116066
LINC02264,-5.317816,3.6764266
LINC02265,-3.92842,5.342617
LINC02266,-3.9283879,4.9881516
LINC02267,-0.6487647,3.1381996
LINC02268,4.6599603,3.5657253
LINC02269,-0.10142167,3.2080832
LINC02270,-5.8982515,3.177238
LINC02271,0.94217604,4.489756
LINC02272,-4.3821177,2.6079257
LINC02273,0.17303072,1.4827834
LINC02274,1.063672,3.2668138
LINC02275,3.684538,3.3376873
LINC02276,-4.3058786,3.9031687
LINC02277,-5.1844497,3.8404236
LINC02278,-5.4977016,3.5268266
LINC02279,-5.7599673,5.493393
LINC02280,3.2131424,3.597404
LINC02281,-4.8091755,3.4003127
LINC02282,-2.880763,3.4327922
LINC02283,-4.1839194,3.951445
LINC02284,-1.933835,6.3597155
LINC02285,-0.7577274,1.4103283
LINC02286,-4.5766916,2.7440217
LINC02287,-4.569785,4.2833853
LINC02288,2.2504213,2.5609314
LINC02289,1.8833302,2.252276
LINC02290,-2.2826922,3.1940858
LINC02291,-6.052725,3.1443279
LINC02292,-6.028717,3.1107492
LINC02293,-2.6306984,4.173198
LINC02294,-4.6650796,4.869388
LINC02295,-0.3812961,1.4640969
LINC02296,-5.9494176,5.4151263
LINC02297,-5.4274845,3.0111082
LINC02298,3.7088702,2.5913112
LINC02299,-6.0278764,5.6737804
LINC02300,-3.720645,5.3459196
LINC02301,1.8249768,3.822946
LINC02302,1.6750519,3.5380003
LINC02303,-6.095133,5.8665643
LINC02304,-4.412474,3.566295
LINC02305,-5.1374254,3.597745
LINC02306,2.7818599,3.2765672
LINC02307,-5.9460588,5.6077123
LINC02308,-3.5029159,3.8219802
LINC02309,-4.2109294,3.526371
LINC02311,1.8345764,3.7987661
LINC02312,-2.283453,2.0264363
LINC02313,-3.344918,5.6185985
LINC02314,-4.7441955,2.7106953
LINC02315,-2.441963,4.5158887
LINC02316,1.8309282,3.045262
LINC02317,-4.8951755,2.5639231
LINC02318,1.5375649,3.2184446
LINC02319,-4.604162,4.1580553
LINC02320,-3.7672026,4.894325
LINC02321,1.4705061,3.051203
LINC02322,-4.8560224,2.822125
LINC02323,-1.9142859,4.910403
LINC02324,4.6337023,3.4787755
LINC02325,-0.013345901,1.4447931
LINC02326,-5.7670345,3.8673177
LINC02327,2.3032906,3.3725593
LINC02328,3.5807433,2.853202
LINC02329,-4.575629,4.2500196
LINC02330,-6.0784965,5.846875
LINC02331,-2.914376,5.316496
LINC02332,-6.2711015,4.6632996
LINC02333,-0.26009548,3.1716604
LINC02334,3.327408,4.2338915
LINC02335,-4.740223,5.4700336
LINC02336,3.0324569,3.187034
LINC02337,-5.2564263,4.3426027
LINC02338,-0.40495247,3.1111524
LINC02339,-4.181865,3.8002577
LINC02340,1.0790186,2.8648634
LINC02341,-5.0342503,5.0177073
LINC02342,-2.3778026,4.1773133
LINC02343,-1.9052767,3.006792
LINC02344,-2.4843426,2.750245
LINC02345,2.2526896,4.8483915
LINC02346,2.1875672,3.5520933
LINC02347,-3.3679652,3.059104
LINC02349,-4.7230573,3.5390782
LINC02351,-5.961949,5.586923
LINC02352,3.3370945,2.236468
LINC02353,-4.524176,4.343412
LINC02354,-4.34837,4.5543327
LINC02355,-4.516498,3.2289104
LINC02356,-2.3322456,4.2258215
LINC02357,-5.1636,2.7384028
LINC02358,-4.4504237,4.039537
LINC02359,3.13147,4.019106
LINC02360,-5.811694,5.158132
LINC02361,2.8387547,1.8166348
LINC02362,3.4572783,2.6109605
LINC02363,1.7427917,2.1370842
LINC02364,-5.2162333,3.044848
LINC02365,-3.6778562,5.78095
LINC02366,-5.9891295,4.507977
LINC02367,2.9657094,3.8948872
LINC02368,-5.0476937,2.8203487
LINC02369,-4.597555,3.7025871
LINC02370,-4.8955965,3.9628818
LINC02371,2.5333083,3.3304877
LINC02372,-5.2249722,2.7266948
LINC02373,-3.8041277,2.9679482
LINC02374,-4.685383,3.5641448
LINC02375,-5.8227334,3.736121
LINC02376,-1.1468239,2.9510481
LINC02377,-1.7360288,3.273457
LINC02378,-5.511441,3.3014102
LINC02379,-4.5531244,3.3290052
LINC02380,-5.2325583,3.269208
LINC02381,3.9343734,1.62182
LINC02382,-5.8593645,4.384627
LINC02383,-4.7676744,3.696423
LINC02384,3.3265452,2.4378843
LINC02385,-4.1936564,4.3929543
LINC02386,-5.626823,3.4940484
LINC02387,-3.592543,5.335082
LINC02388,3.210463,3.414432
LINC02389,-0.73215634,3.4379323
LINC02390,-0.11982474,1.5604916
LINC02391,-1.5741061,1.853533
LINC02392,0.36630672,3.0450416
LINC02393,-4.9570613,5.2435956
LINC02394,-0.51782733,2.9808862
LINC02395,3.0475519,3.9165463
LINC02396,-6.1084127,3.233185
LINC02397,1.1319282,1.8898853
LINC02398,-4.4836917,4.1323886
LINC02399,-4.425127,4.453106
LINC02400,-5.049434,2.454496
LINC02401,-5.0676527,2.9291983
LINC02402,-5.259341,2.9635525
LINC02403,-5.9336047,4.534731
LINC02404,-4.888729,5.3872294
LINC02405,1.6368892,4.1178856
LINC02406,-5.2755756,3.4137526
LINC02408,-1.0334451,3.0545592
LINC02409,-2.9090993,4.2191553
LINC02410,-4.681123,4.617245
LINC02411,-5.029149,2.607453
LINC02412,-3.633103,2.2936845
LINC02413,-3.6453094,5.6867933
LINC02414,-5.1090503,3.28333
LINC02415,-6.0898604,5.773825
LINC02416,-1.8663819,2.0964465
LINC02417,-3.7382488,4.63864
LINC02418,0.9485755,4.3755016
LINC02419,0.6466373,4.365601
LINC02420,-4.753227,4.09403
LINC02421,-0.85516435,3.6230302
LINC02422,2.39846,2.071531
LINC02423,-4.974578,2.7550383
LINC02424,-6.0861573,5.7626615
LINC02425,-4.698801,4.182144
LINC02426,-3.8632495,3.68141
LINC02427,2.8396478,3.6304722
LINC02428,1.7652894,3.286923
LINC02429,1.5179411,4.051788
LINC02430,-5.164141,3.1282609
LINC02431,-0.38401932,3.2767317
LINC02432,3.6295798,2.7972586
LINC02433,-0.14617047,2.861698
LINC02434,-4.7970614,5.393483
LINC02435,-3.7893243,5.6707697
LINC02436,0.42471507,3.8950758
LINC02437,-3.840625,4.571796
LINC02438,-4.3536963,5.3291335
LINC02439,-4.999818,3.3841593
LINC02440,-2.8813927,3.9662864
LINC02441,-3.361449,5.422432
LINC02442,-4.746986,3.1701162
LINC02443,-4.457589,3.5626948
LINC02444,3.7060409,3.497345
LINC02445,-5.5287285,4.0853305
LINC02446,0.072046794,1.4385254
LINC02447,3.0792658,3.6087239
LINC02448,-4.084304,4.6643496
LINC02449,4.240684,2.121007
LINC02450,-0.77785975,3.2979918
LINC02451,-5.144979,3.3196476
LINC02452,0.3410191,3.2223692
LINC02453,1.9670438,2.3254097
LINC02454,-2.4600668,4.96113
LINC02455,-1.8886845,2.997077
LINC02456,-4.9542894,2.85892
LINC02457,0.6575276,3.9760735
LINC02458,-0.22561437,1.9236959
LINC02459,-4.786438,3.8869302
LINC02460,-5.49098,4.441238
LINC02461,-4.8994236,3.2757215
LINC02462,-5.627116,3.5800087
LINC02463,-5.458089,3.2812014
LINC02464,-4.8147645,3.896309
LINC02465,-6.041434,5.4720635
LINC02466,-0.40639403,2.9632258
LINC02468,-5.6604795,5.3292193
LINC02469,1.9949592,2.1340308
LINC02470,-0.91705924,1.489229
LINC02471,2.0337145,3.2070057
LINC02472,-1.1826427,2.5757265
LINC02473,1.7463678,3.8810322
LINC02474,-1.0612055,3.146805
LINC02475,1.2568096,3.1400766
LINC02476,0.9204342,4.3330865
LINC02477,-4.3337026,4.639045
LINC02478,-1.8907741,4.577255
LINC02479,-4.6627045,4.2450433
LINC02480,-4.907082,2.8585465
LINC02481,0.7592347,1.5431854
LINC02482,3.9383335,2.0842326
LINC02483,-4.6869445,3.9121375
LINC02484,-5.096006,5.4654202
LINC02485,-5.4180503,3.4253895
LINC02487,-2.6016343,4.289691
LINC02488,-1.426174,2.8409886
LINC02489,-3.4997578,5.2626786
LINC02490,-3.4177437,5.4728866
LINC02492,-5.3925104,2.9501235
LINC02493,-4.0067887,5.4807973
LINC02494,-6.0683613,3.1838593
LINC02496,-4.7897153,3.9929307
LINC02497,-5.3499694,3.9878666
LINC02498,-4.9624124,2.322694
LINC02499,-3.649885,6.0428023
LINC02500,-4.654259,3.9639
LINC02501,0.8010826,4.1579003
LINC02502,-3.7172694,3.7877927
LINC02503,5.8062277,3.3703117
LINC02504,1.0533887,2.8794527
LINC02505,-4.4869566,5.491686
LINC02506,1.4468563,2.7072902
LINC02507,0.51785505,4.598112
LINC02508,-4.5980725,3.600443
LINC02509,-4.553284,4.337844
LINC02510,-5.19747,3.1051981
LINC02511,2.5005925,4.628392
LINC02512,-4.222251,3.608461
LINC02513,-4.626548,4.1460767
LINC02514,-4.6746345,4.1766376
LINC02515,1.2731667,3.3130875
LINC02516,-2.1369636,2.7727957
LINC02517,0.6234267,4.321898
LINC02518,-3.9098322,4.843132
LINC02519,-2.7509422,4.0334272
LINC02520,-0.59807533,1.536285
LINC02521,-4.090023,4.1977715
LINC02522,-4.8084826,5.0366197
LINC02523,-4.972047,6.2267966
LINC02524,-5.8723135,3.7506964
LINC02525,-2.3240001,4.0751195
LINC02526,-4.764264,3.9470286
LINC02527,-4.8310513,2.6077886
LINC02528,-3.6394691,3.5728602
LINC02529,-4.8196983,3.6279082
LINC02530,-4.6645155,3.323534
LINC02531,-0.16468284,3.3205287
LINC02532,1.6603727,2.5214534
LINC02533,0.4724599,4.2762957
LINC02534,-4.725565,3.8902102
LINC02535,1.3621223,2.4526875
LINC02536,-2.2014172,2.078466
LINC02537,-4.830844,2.5893621
LINC02538,-2.4901745,4.140657
LINC02539,-5.289186,4.155194
LINC02540,0.75880134,4.21297
LINC02541,1.6129504,2.6610484
LINC02542,0.9007793,3.3993835
LINC02543,-4.9866385,3.5264184
LINC02544,-3.4988286,4.5783715
LINC02545,-4.914226,4.048862
LINC02546,-5.3216586,3.0117233
LINC02547,2.6818674,3.828693
LINC02548,3.762412,3.7511616
LINC02549,-4.840615,3.8231757
LINC02550,-4.374015,4.986968
LINC02551,2.5578141,3.6748292
LINC02552,3.4854949,3.4275382
LINC02553,-6.054163,5.6928086
LINC02554,-4.509576,3.0187411
LINC02555,-0.67795444,1.2755662
LINC02556,-3.5094128,1.968739
LINC02557,-4.4115314,4.29305
LINC02558,4.2039714,3.4746144
LINC02559,-4.3355293,4.3507204
LINC02560,-3.2389991,4.9261546
LINC02561,-1.5917946,3.5352843
LINC02562,-2.7028985,5.3102045
LINC02563,-4.258796,4.6844654
LINC02564,-3.1428108,3.4305558
LINC02565,-3.8296816,5.787779
LINC02566,-5.1090245,3.0710833
LINC02567,-4.7182565,4.1677265
LINC02568,-1.3998276,4.7609763
LINC02569,-0.7976136,3.3589823
LINC02570,2.4848552,3.9862354
LINC02571,-3.7555933,4.83384
LINC02572,-0.61957836,4.171183
LINC02573,-4.647963,5.2089734
LINC02574,0.06427888,5.3463
LINC02575,4.063803,2.9278574
LINC02576,1.9823008,3.3304305
LINC02577,2.6231005,2.7558792
LINC02578,-4.767325,3.9286478
LINC02579,-4.025588,5.11281
LINC02580,0.86698246,1.7635682
LINC02582,-4.5842156,6.837247
LINC02583,-4.9441075,5.1928883
LINC02584,-4.70036,2.9712324
LINC02585,-1.5491842,4.718617
LINC02587,-3.5481527,4.503735
LINC02590,-4.5657306,4.5152063
LINC02591,0.60417944,2.4178324
LINC02593,3.4193082,1.5662152
LINC02594,0.62636465,3.3592482
LINC02595,2.8662448,3.2083318
LINC02596,-0.9863328,1.4095792
LINC02598,-3.8059876,3.0155776
LINC02599,-4.4324245,4.1870055
LINC02600,-1.147894,4.075046
LINC02601,-1.2671896,4.713494
LINC02603,3.1487756,2.43622
LINC02604,4.8085294,1.8538984
LINC02605,4.231259,3.3528805
LINC02606,3.0562434,3.2994423
LINC02607,-2.6867893,3.441275
LINC02608,2.0243948,2.305004
LINC02609,4.0041924,2.5962048
LINC02610,1.8788636,2.3805082
LINC02611,3.278488,3.0551121
LINC02612,-5.296579,3.216815
LINC02613,2.446271,3.531153
LINC02614,4.864148,2.8184333
LINC02615,4.220739,1.935473
LINC02616,-4.444373,5.489985
LINC02617,-4.5811625,6.8200927
LINC02619,-2.4635735,2.8189907
LINC02620,-4.5895867,3.8047547
LINC02621,-3.8218932,3.8406699
LINC02622,0.6724838,4.2145104
LINC02623,-1.9556962,3.9650424
LINC02624,-5.449334,3.2320926
LINC02625,-4.89705,5.194333
LINC02626,-4.460066,4.3112397
LINC02627,1.1335199,4.4509964
LINC02628,-5.525052,3.2639527
LINC02629,-5.990712,4.356727
LINC02630,-5.486259,3.284937
LINC02631,-0.44079795,1.570684
LINC02632,1.4152088,3.3295667
LINC02633,-5.52486,4.4432893
LINC02634,-4.5465603,4.269764
LINC02635,-1.1209756,4.70286
LINC02636,-3.1385376,3.202153
LINC02637,1.733067,2.649916
LINC02639,-4.6686864,5.157249
LINC02640,-4.0129833,5.5778255
LINC02641,-0.26581028,2.9712389
LINC02642,1.8043681,2.739379
LINC02643,-1.7674196,4.7170687
LINC02644,-5.9993234,3.2439616
LINC02645,-5.223851,2.773606
LINC02646,-6.048001,5.7145386
LINC02647,-5.1277122,2.6093564
LINC02648,-0.40166503,1.48421
LINC02649,3.5018356,3.2989054
LINC02650,-5.351282,4.0131984
LINC02651,-4.9087,4.881791
LINC02652,-4.61955,4.2643304
LINC02653,-5.1531157,4.7078357
LINC02654,-5.922969,3.879973
LINC02655,-4.7465005,3.4568152
LINC02656,1.021223,1.9009717
LINC02658,-4.8369837,4.1288133
LINC02659,-5.0699844,3.2179425
LINC02660,0.22915219,4.0958
LINC02661,-5.5105624,3.4834023
LINC02662,-5.349598,3.8120134
LINC02663,-5.083414,5.124674
LINC02664,2.19936,4.072648
LINC02665,-4.7946563,2.8198917
LINC02666,-0.7811698,3.7012568
LINC02667,-5.447995,3.885322
LINC02668,-2.9467888,3.493846
LINC02669,1.6844542,3.3709707
LINC02670,-4.5842347,4.2888317
LINC02671,1.0975175,4.52249
LINC02672,0.6847505,3.1044636
LINC02673,-4.871385,3.347469
LINC02674,-5.095821,4.8007526
LINC02675,-0.68216085,3.2869759
LINC02676,-4.895035,4.173587
LINC02679,-4.646408,3.440296
LINC02680,3.020231,3.5309033
LINC02681,0.73463887,4.156578
LINC02682,-5.588513,4.0507555
LINC02683,-4.9402986,3.861549
LINC02684,-1.9430865,3.2572637
LINC02685,-4.8741603,2.7546911
LINC02686,-4.676786,4.224746
LINC02687,0.17550932,4.0526743
LINC02688,-2.9221523,5.3230624
LINC02689,-4.757309,3.7464373
LINC02690,-5.691646,4.418961
LINC02691,-1.0702643,3.4496558
LINC02692,-4.283419,2.7119715
LINC02693,5.7480893,2.3203993
LINC02694,3.6887217,3.442481
LINC02695,-4.6185236,4.955302
LINC02696,-1.3834541,3.9472752
LINC02697,-4.586743,4.577322
LINC02698,-6.02206,5.6460094
LINC02699,-5.248643,3.1121755
LINC02700,-4.5798407,6.8144746
LINC02701,3.3329437,2.3190699
LINC02702,-4.0053825,5.620128
LINC02703,-4.574614,3.6342764
LINC02704,-2.4308648,6.135238
LINC02705,-0.87887216,1.4588498
LINC02706,-4.7255497,4.1210256
LINC02707,-4.606549,4.043443
LINC02708,-3.654847,5.9223876
LINC02709,2.9906213,1.8346412
LINC02710,1.0268012,4.544163
LINC02711,-5.729016,3.9883468
LINC02712,0.5366329,4.4466786
LINC02713,-5.28333,3.5318322
LINC02714,-2.8889842,3.6955833
LINC02715,-6.1048055,5.868759
LINC02716,-3.0359628,4.7560196
LINC02717,2.0212958,3.0297716
LINC02718,-0.9786943,3.8262107
LINC02719,-4.434424,4.014985
LINC02720,-5.9055166,5.3314962
LINC02721,-5.7107515,5.3035216
LINC02722,-4.223967,4.360728
LINC02723,0.76498306,2.0138993
LINC02724,1.1900151,2.063512
LINC02725,-3.838888,4.5147276
LINC02726,-3.3306458,5.0267925
LINC02727,-5.628836,3.03341
LINC02728,2.6455796,2.772375
LINC02729,-4.8754125,2.516316
LINC02730,-5.9743752,3.7219634
LINC02731,2.2133431,2.2713277
LINC02732,3.4304597,3.0885723
LINC02733,2.5576873,2.5291097
LINC02734,-6.0285764,3.2394753
LINC02735,-5.4876637,4.75886
LINC02736,-4.474986,3.628648
LINC02737,-5.4217973,3.88532
LINC02739,1.9575824,2.550388
LINC02740,-6.0163703,3.208053
LINC02741,-5.47367,3.1444373
LINC02742,4.17952,3.6354434
LINC02743,-5.80859,3.635835
LINC02744,-1.898169,2.3208175
LINC02745,-5.083564,3.6685338
LINC02746,2.9464087,4.5861096
LINC02747,-3.0861545,5.525954
LINC02748,-5.0050883,3.710934
LINC02749,-1.0633636,4.252623
LINC02750,-1.9616699,3.3547714
LINC02751,-5.026087,5.6970577
LINC02752,-5.9466467,5.389683
LINC02753,-4.8428144,2.4934008
LINC02754,4.355952,3.2305298
LINC02755,-5.9968834,5.398677
LINC02756,-1.3416352,2.70172
LINC02757,-2.236896,6.2039027
LINC02758,-4.296616,4.4124217
LINC02759,0.81401396,4.4041057
LINC02760,-5.1065497,3.7603748
LINC02761,-1.8643527,4.835805
LINC02762,4.828697,2.3694866
LINC02763,-0.9585126,2.9241211
LINC02764,-4.785755,3.885599
LINC02765,-1.3826995,4.214848
LINC02766,0.15444587,2.8172596
LINC02767,1.562278,2.712818
LINC02768,-5.8935184,5.5364046
LINC02769,-4.608024,4.134585
LINC02770,-2.1788514,6.307772
LINC02771,-4.823666,2.6209824
LINC02772,-1.2477393,1.4669639
LINC02773,-0.8593418,1.7700448
LINC02774,-2.9924953,3.6021104
LINC02775,-5.62785,5.1540375
LINC02777,2.17586,1.9053309
LINC02778,-5.13656,3.44696
LINC02779,-5.16783,2.9563482
LINC02780,1.5360508,3.244881
LINC02781,-5.852076,3.2683415
LINC02782,-4.824295,3.8068805
LINC02783,-2.6493292,4.866773
LINC02784,-4.8527327,3.737441
LINC02785,0.99144566,1.940676
LINC02786,-4.8098974,3.7014558
LINC02787,-5.3316226,4.9914055
LINC02788,-3.0131,4.109628
LINC02789,-5.3228946,2.9415767
LINC02790,-5.226455,2.7275953
LINC02791,-4.573732,4.0977826
LINC02792,-5.657703,3.076661
LINC02793,-4.1549807,3.6222048
LINC02794,-4.6745925,4.494691
LINC02795,1.7863542,2.864387
LINC02796,-4.599462,3.097279
LINC02797,-4.7241397,3.5060163
LINC02798,2.6644933,2.7909698
LINC02799,-5.6236396,3.9251485
LINC02800,-0.50922316,3.024638
LINC02801,1.9348261,4.7134905
LINC02802,0.18609895,3.8567019
LINC02803,1.358119,2.7241483
LINC02804,2.6795523,2.231658
LINC02805,2.5397353,3.6360767
LINC02806,-1.5446242,4.896177
LINC02808,-4.8123703,2.5109003
LINC02809,1.566739,3.1576588
LINC02810,-5.322094,3.1807554
LINC02811,-4.738675,3.4244673
LINC02812,1.174053,2.0824623
LINC02813,-4.7183967,3.7708201
LINC02814,-1.9645286,4.8748794
LINC02815,-5.16762,3.7830276
LINC02816,-2.3354654,4.4348445
LINC02817,3.5507393,3.398144
LINC02818,-4.487544,4.5119567
LINC02819,-3.9313495,5.6461444
LINC02820,-2.3566806,4.4958696
LINC02821,2.5600362,2.0913465
LINC02822,5.454953,3.4329941
LINC02823,-3.9148817,3.5858603
LINC02824,-4.8214016,2.4524179
LINC02825,-4.9782147,3.117569
LINC02826,1.6563606,3.4373076
LINC02827,-1.4277362,4.4603024
LINC02828,-3.6911287,3.6514452
LINC02829,-4.4714007,4.4980154
LINC02830,-4.222024,3.9773078
LINC02831,-4.993108,2.4574242
LINC02832,3.14257,3.6804636
LINC02833,1.4668424,3.1832068
LINC02834,-4.843148,2.9176502
LINC02835,-3.3965943,4.9785957
LINC02836,-5.1888933,4.0135074
LINC02837,1.4291979,4.35238
LINC02838,-5.1450706,4.0451665
LINC02839,-4.7298455,3.4303615
LINC02840,3.5651152,3.6224415
LINC02841,-5.1413145,2.8157465
LINC02842,-5.813441,3.7760396
LINC02843,0.85662997,4.4403305
LINC02844,-5.2822447,3.3139899
LINC02845,-4.5177274,4.5359354
LINC02846,2.467803,1.7976216
LINC02847,-4.4261637,4.2863216
LINC02848,3.0930154,4.5251336
LINC02849,-3.9656706,3.1170607
LINC02850,-4.5810547,3.960548
LINC02851,-4.3947425,4.042087
LINC02852,-2.4306629,6.1092343
LINC02853,-4.939132,2.4302444
LINC02854,-4.571932,3.3730748
LINC02855,-5.4148874,3.9984386
LINC02856,-4.754927,3.7029681
LINC02857,1.6226436,3.4191422
LINC02858,-3.8646898,5.224871
LINC02860,-3.286602,1.8343335
LINC02861,2.9363399,3.5927114
LINC02862,-6.0745044,5.268896
LINC02863,-0.023273364,1.4428799
LINC02864,3.1741114,3.1411366
LINC02865,-4.8190923,5.7099347
LINC02866,-5.09565,3.4812872
LINC02868,-4.4047704,3.9807243
LINC02869,-5.30717,3.4761674
LINC02870,1.755568,2.0459921
LINC02871,3.3387377,2.926503
LINC02872,-3.284556,4.4379
LINC02873,-1.6232159,4.957657
LINC02874,-4.0371866,4.104666
LINC02875,-0.41640732,4.2338247
LINC02876,-5.9282346,3.933615
LINC02877,-1.6787919,2.9401305
LINC02878,3.413469,2.1535869
LINC02880,-3.9061978,4.3687553
LINC02881,-3.3106947,3.9758582
LINC02882,3.547643,3.3810823
LINC02883,-1.2705404,3.9529595
LINC02884,-1.9221255,6.339019
LINC02885,-0.19935948,3.3702977
LINC02886,0.85140693,4.645841
LINC02887,3.3153892,1.8317335
LINC02888,-3.8765686,5.314224
LINC02889,2.7807581,3.1813412
LINC02890,-5.3728685,2.7712593
LINC02891,-0.27886856,3.7456248
LINC02893,0.42256445,3.517611
LINC02894,-1.6296887,5.157773
LINC02895,6.0657573,3.2140179
LINC02896,-0.8146365,3.2730274
LINC02897,1.6233745,2.774043
LINC02898,2.0931456,3.4238577
LINC02899,3.1699524,3.3227642
LINC02900,-3.8539898,3.236301
LINC02901,1.9047428,2.1543677
LINC02902,0.33839148,4.3180847
LINC02903,-4.99323,3.012766
LINC02904,4.0969777,2.3254602
LINC02906,-4.199005,2.5195107
LINC02907,-4.903956,3.3837574
LINC02908,2.064863,1.4189727
LINC02909,1.815262,3.8472474
LINC02910,0.667059,1.5288718
LINC02911,-4.8383684,2.6765497
LINC02912,0.03379515,2.502532
LINC02913,1.4834937,2.7401004
LINC02914,-4.999821,2.9622924
LINC02915,-1.9412707,6.3562427
LINC02916,2.996073,1.8768497
LINC02917,0.30896026,3.265527
LINC02918,3.6131878,2.1897717
LINC02919,-3.7327268,5.7963276
LINC02920,-2.0428298,4.4503713
LINC02921,-2.3486145,4.3777094
LINC02922,-1.3361429,3.5994732
LINC02923,-5.78419,5.38081
LINC02924,-2.1273625,4.605501
LINC02925,0.34797493,3.6429145
LINC02926,-2.036158,4.6021657
LINC02927,-4.73142,4.1120224
LINC02928,1.4169663,2.899225
LINC02929,-1.065075,2.569099
LINC02930,4.0153117,3.2093987
LINC02931,-2.607514,4.2266145
LINC02932,1.1652123,3.149595
LINC02933,-1.2582564,3.604198
LINC02934,2.2232623,3.8523111
LINC02935,-3.1787913,3.026943
LINC02936,0.5048158,3.2959564
LINC02937,3.577105,3.2364838
LINC02938,-1.0528835,3.3442926
LINC02939,0.39960876,2.7564795
LINC02940,3.8593636,3.3055873
LINC02941,-3.7579532,4.051458
LINC02942,-4.661645,3.6662884
LINC02943,-3.9485612,5.3148127
LINC02944,0.03793358,3.0612326
LINC02945,-0.1818584,3.0039353
LINC02946,-5.2107363,4.6837015
LINC02947,-1.1818838,3.341023
LINC02948,-5.128599,4.4749475
LINC02949,5.025982,3.5250094
LINC02950,3.6621008,3.6231112
LINC02951,-0.87778413,3.7017324
LINC02952,-4.5577602,4.193404
LINC02953,-4.8571196,4.80137
LINC02954,-5.8857794,4.246047
LINC02955,2.2989132,3.265107
LINC02956,-4.6008263,3.978982
LINC02957,-3.6737337,4.4179835
LINC02958,-3.6828496,5.2153077
LINC02959,-5.053674,3.8147886
LINC02960,3.6391242,3.0590582
LINC02961,0.69132495,4.3082013
LINC02962,-3.6788352,4.5134697
LINC02963,-1.0497329,3.1752584
LINC02964,4.6429496,3.4189124
LINC02965,4.612968,3.3475494
LINC02966,2.3483078,2.4568124
LINC02967,-1.652225,5.275416
LINC02968,1.3394687,2.0132248
LINC02969,5.9759083,2.997787
LINC02970,0.56890893,2.0717304
LINC02971,-0.8954202,1.4058108
LINC02972,4.734043,2.365493
LINC02973,-1.2829059,2.9476802
LINC02974,-3.609201,2.9559433
LINC02975,1.887521,1.6952902
LINC02976,4.5615606,2.3318384
LINC02977,5.1912246,2.1046407
LINC02978,-0.07311824,1.9916898
LINC02979,0.88845325,2.9330623
LINC02980,5.2919784,2.328851
LINC02981,3.6706805,3.0171037
LINC02982,4.1819105,3.261467
LINC02983,2.7682781,1.8411762
LINC02984,3.217978,3.9625528
LINC02985,3.2213428,1.940935
LINC02986,2.6126368,2.0994442
LINC02987,5.8563676,2.5279253
LINC02988,0.10064003,1.738476
LINC02989,-3.0601275,4.8210196
LINC02990,-1.8349838,4.4897423
LINC02991,-4.495152,3.5456347
LINC02993,-0.5135969,1.8348482
LINC02994,0.009743643,3.0642707
LINC02995,0.9708125,3.1487663
LINC02997,-3.6380763,6.003749
LINC02999,-1.5622169,2.6344833
LINC03000,5.761579,3.3743715
LINC03002,2.1180193,3.9123662
LINC03004,-0.34198874,3.0110867
LINC03007,-0.67770267,3.7561274
LINC03008,-3.6877594,4.284767
LINC03010,-3.1115873,3.6357763
LINC03011,4.0826716,1.667111
LINC03012,-4.850669,5.684255
LINC03013,2.1112847,3.0861576
LINC03014,3.4195232,1.9130213
LINC03015,5.185999,2.1459496
LINC03016,1.8010257,3.0340729
LINC03017,-4.9971533,4.2086763
LINC03018,-1.3964714,3.8854663
LINC03019,-4.837532,5.086071
LINC03020,1.7688471,3.5687099
LINC03021,2.5537956,2.8850634
LINC03022,1.6878123,2.9335716
LINC03023,-4.131946,3.7256982
LINC03024,-4.7465277,4.55292
LINC03025,1.272103,2.7597754
LINC03026,3.3361495,2.7506676
LINC03031,3.3856301,4.4162397
LINCADL,-3.9231377,4.2893476
LINCMD1,-3.5935805,3.7628992
LINGO1-AS1,-3.1166637,3.518284
LINGO1-AS2,-4.560174,3.85958
LINP1,1.4031188,2.4201849
LIPC-AS1,-5.9842887,5.853995
LIPE-AS1,4.1834755,1.616335
LIPT2-AS1,4.9809165,1.9606344
LIVAR,-3.3842087,5.756176
LIX1-AS1,0.7030244,2.436211
LIX1L-AS1,3.9643338,3.390083
LLPH-DT,2.16065,1.9704962
LMCD1-AS1,4.2102613,3.4682708
LMF1-AS1,-3.2352114,1.7907826
LMLN-AS1,-4.7095246,3.3031392
LMNB1-DT,-2.971621,4.032749
LMNTD2-AS1,3.922603,1.7737828
LMO7-AS1,3.5826578,2.9146614
LMO7DN,-4.048468,3.8795516
LMO7DN-IT1,-4.2819796,4.3461494
LMX1A-AS1,-4.669881,3.3758895
LMX1A-AS2,-4.6967554,3.844249
LMX1B-DT,-1.6847771,4.7049394
LNC-LBCS,2.7682436,1.9128814
LNCAROD,1.1714234,3.0404577
LNCARSR,2.301451,4.071057
LNCATV,1.3844768,1.7924129
LNCBRM,-2.850666,3.5056148
LNCDAT,-4.6731834,4.9799924
LNCNEF,-4.7691827,4.2473397
LNCOC1,3.0283651,1.8619131
LNCOG,-2.5114264,4.9774475
LNCPRESS1,-4.6054163,6.720111
LNCPRESS2,-4.6184864,6.593115
LNCRNA-IUR,5.2843437,3.4041483
LNCSRLR,-0.22036283,3.514111
LNCTAM34A,3.1518762,1.707746
LNMICC,2.0745947,1.6978089
LNX1-AS1,-3.4578097,2.8901558
LNX1-AS2,2.2408116,3.277158
LOH12CR2,3.0471096,1.8768059
LOXL1-AS1,5.113795,2.334104
LPGAT1-AS1,-5.0100455,2.8444452
LPP-AS1,-1.9217845,2.5485575
LPP-AS2,4.5537796,1.8967171
LRFN5-DT,2.1457279,3.1179376
LRIG2-DT,3.8895097,3.345217
LRIG3-DT,-3.5022957,4.8814306
LRP1-AS,-2.2913814,3.1958838
LRP2BP-AS1,-0.98581713,3.7284603
LRP4-AS1,1.9028852,2.4428113
LRP8-DT,-0.22343415,3.5638964
LRRC2-AS1,-4.4835362,5.5291233
LRRC3-DT,-2.7484748,4.0281143
LRRC3B-AS1,2.0765564,3.21143
LRRC52-AS1,-3.6489692,3.5391803
LRRC7-AS1,-3.3173957,2.7670834
LRRC8C-DT,4.6899357,2.3605928
LRRC8D-DT,2.4303064,1.847985
LRRK2-DT,1.2518964,1.7271342
LRRTM4-AS1,-3.4982853,2.7720253
LSAMP-AS1,-3.356392,2.6974027
LSINCT5,0.5899213,4.323248
LUADT1,-5.4435196,3.3806882
LUARIS,-1.870808,4.934363
LUCAT1,5.617124,3.032886
LUNAR1,0.37938678,2.2983108
LURAP1L-AS1,-0.10214367,3.827838
LY6E-DT,3.2362926,2.2761497
LY86-AS1,4.312037,3.2914162
LYPLAL1-AS1,3.0523994,4.0991507
LYPLAL1-DT,-1.8041399,6.3213205
LYST-AS1,1.9219449,3.4201643
LZTS1-AS1,-3.9714017,2.6348066
MACC1-AS1,-3.6981485,4.0662775
MACC1-DT,1.164223,2.462334
MACORIS,-3.6620605,3.6042216
MACROD2-AS1,-3.2447727,2.6453683
MACROD2-IT1,-3.788547,3.0563214
MAD2L1-DT,2.877386,2.6771157
MADCAM1-AS1,3.1751873,1.7181848
MADD-AS1,-0.04100432,2.8675776
MAFA-AS1,-1.7970492,4.601226
MAFG-DT,4.2091055,1.6717356
MAFTRR,1.5523787,3.4588041
MAGEA4-AS1,-4.730441,5.423662
MAGEA6-DT,-2.7695005,5.073035
MAGEA8-AS1,-4.688517,5.069845
MAGI1-AS1,-2.0902092,2.5476558
MAGI1-IT1,2.3445857,3.1210513
MAGI2-AS1,-3.1964746,2.6256077
MAGI2-AS2,-5.6163845,3.8584132
MAGI2-AS3,5.6108637,2.6770637
MAGOH-DT,3.005626,1.7536798
MAILR,4.781997,2.3075721
MAL2-AS1,-2.8344631,4.8993735
MALAT1,6.696614,3.0778444
MALINC1,5.111386,2.5416546
MALT1-AS1,2.354438,1.7739675
MAMDC2-AS1,1.3643746,3.2849493
MAN1B1-DT,4.585476,1.9884926
MAN2A1-DT,-0.79596466,4.2118535
MANCR,-2.5140119,4.9833527
MANEA-DT,2.6232462,2.429025
MAP2K5-DT,3.203058,1.8894554
MAP3K14,5.721128,2.1541736
MAP3K14-AS1,5.279338,2.3061323
MAP3K2-DT,4.904142,2.39858
MAP3K20-AS1,1.8594593,2.7597692
MAP3K4-AS1,4.1934557,1.6828697
MAP3K5-AS1,-0.6112433,2.3857775
MAP3K5-AS2,0.6041195,1.4656957
MAP3K9-DT,5.1257176,2.5561678
MAP4K1-AS1,-6.046581,5.7292566
MAP4K3-DT,5.82862,3.0560482
MAP7-AS1,3.0706785,4.5127163
MAP9-AS1,1.8830718,3.8167915
MAPK10-AS1,-3.009684,2.6026332
MAPK4,2.8078568,2.064511
MAPK6-DT,-0.15324464,3.877642
MAPK8IP3-AS1,-1.8504332,2.9594712
MAPKAPK5-AS1,6.0631337,2.507962
MAPRE3-AS1,0.8685368,4.0306177
MAPT-AS1,2.508637,3.8819888
MAPT-IT1,-2.770633,3.529445
MARCHF10-DT,-1.5797033,3.1542923
MARCHF11-AS1,-3.5289333,3.5534997
MARCHF11-DT,-1.6898749,3.363331
MAST3-AS1,0.98054606,2.1993678
MAST4-AS1,1.084549,2.82933
MAST4-IT1,-4.7311234,3.39113
MATN1-AS1,4.0897164,1.8977952
MBNL1-AS1,4.8410807,2.255123
MBTPS1-DT,2.789474,1.612142
MCCC1-AS1,3.3685722,2.3891556
MCF2L-AS1,0.26860085,3.6215935
MCHR2-AS1,-4.795314,3.178022
MCM3AP-AS1,5.580552,2.3935657
MCM8-AS1,0.5484614,3.0694828
MCPH1-AS1,5.190789,2.8568394
MCPH1-DT,5.313389,2.6188042
MCTP1-AS1,-1.8217431,2.196706
MDC1-AS1,-4.311736,4.279618
MDN1-AS1,-0.99978983,3.541265
MDS2,0.51151216,1.6602635
MECOM-AS1,-3.9915974,4.2727556
MED14OS,3.2214847,1.6538261
MED28-DT,3.2140281,2.808678
MED4-AS1,-1.2409594,2.978587
MED8-AS1,2.853434,2.174877
MEF2C-AS1,3.8030803,2.2162113
MEF2C-AS2,-0.5939456,2.7630935
MEG3,5.2763367,2.7572925
MEG8,5.0621004,3.086213
MEG9,1.0223182,2.6302
MEIOB,1.092803,2.7944703
MEIS1-AS2,-1.9115112,5.98841
MEIS1-AS3,-1.5477743,4.890329
MELTF-AS1,3.4855165,1.6540316
MESTIT1,2.225292,2.5801997
METTL14-DT,4.1216555,3.0367706
MFF-DT,5.245275,3.044933
MFSD4B-DT,-4.763942,3.059173
MGAT3-AS1,-2.8142836,3.8614647
MHENCR,5.2570643,1.9926491
MIA2-AS1,2.543585,1.7726619
MIAT,5.543828,2.6643188
MIATNB,5.0987473,2.178497
MICALL2-DT,0.6379431,3.2452023
MICOS10-DT,-4.948192,4.585556
MID1IP1-AS1,-1.507684,4.8987517
MIF-AS1,5.1342688,2.4079072
MIF4GD-DT,4.5067077,1.8332564
MIMT1,-3.615291,5.7359786
MINCR,4.544741,1.7356132
MINDY2-DT,3.4433696,2.1306314
MIOS-DT,3.3310502,1.8355408
MIR1-1HG,-3.39473,3.7058694
MIR100HG,5.398835,2.739432
MIR122HG,2.5744102,2.816053
MIR124-1HG,-2.345829,3.783256
MIR124-2HG,-2.3985097,3.7431219
MIR1302-2HG,-4.1628075,2.355559
MIR1302-9HG,5.43509,2.440807
MIR130AHG,4.005913,2.5669534
MIR133A1HG,1.8283049,2.9940677
MIR137HG,2.821254,2.177472
MIR142HG,1.3222892,1.3940634
MIR155HG,1.6788609,1.6107668
MIR17HG,4.7533417,1.9609075
MIR181A1HG,3.4409742,3.2246947
MIR181A2HG,2.0098982,2.5678666
MIR1915HG,4.6529326,1.9947125
MIR193BHG,5.147039,2.8740695
MIR194-2HG,3.1700454,3.22315
MIR200CHG,-1.9643854,5.263412
MIR202HG,0.526832,4.4170194
MIR2052HG,0.035017822,3.0237055
MIR205HG,1.9627206,2.6895726
MIR210HG,4.5659194,1.766401
MIR2117HG,-1.5230641,4.845251
MIR217HG,-3.46581,4.412953
MIR219A2HG,-2.7365835,3.4652736
MIR222HG,4.5514774,1.8593504
MIR223HG,1.3353385,1.3521365
MIR22HG,5.7714763,2.2057004
MIR23AHG,6.1727304,2.9639454
MIR29B2CHG,5.1091275,2.1562185
MIR302CHG,-4.555517,6.8868985
MIR30DHG,4.9535613,1.9994187
MIR3142HG,1.8962836,1.6508025
MIR3147HG,-3.9511056,3.9955924
MIR3150BHG,0.049508292,2.9374173
MIR31HG,4.848511,3.0328872
MIR34AHG,5.1370115,2.039121
MIR34BHG,-3.7682593,5.3505173
MIR3659HG,-2.2979805,4.047007
MIR365BHG,-3.3312552,1.964044
MIR3663HG,-4.985214,2.7118244
MIR3667HG,3.1800432,1.9682926
MIR3677HG,2.986701,3.3092766
MIR3681HG,-0.06371184,3.623307
MIR378D2HG,-1.6765352,4.1260924
MIR3936HG,5.151282,2.6679919
MIR3945HG,0.050706755,1.3903155
MIR3976HG,1.8377267,3.704016
MIR4280HG,5.2823467,3.4048278
MIR4290HG,-5.5870957,3.1066494
MIR4300HG,1.7774298,4.061871
MIR4307HG,1.1583657,4.380025
MIR4422HG,-5.3792386,3.0943174
MIR4435-2HG,6.2106686,2.8273425
MIR4453HG,4.8434215,1.9769754
MIR4458HG,4.605822,1.7504063
MIR4500HG,3.874083,3.229148
MIR4527HG,-6.0021057,5.567895
MIR4713HG,-2.3421242,4.829119
MIR4733HG,2.0358398,2.0832632
MIR493HG,-2.7776036,4.187064
MIR497HG,0.078241795,5.338803
MIR503HG,4.031733,1.7047768
MIR548A1HG,-5.9694595,5.5781574
MIR548XHG,1.4293578,2.9473987
MIR5689HG,-1.2147287,3.301246
MIR583HG,-3.911665,4.675718
MIR600HG,5.271082,2.0014632
MIR646HG,4.6926885,3.0826297
MIR663AHG,5.4441333,2.4666262
MIR670HG,-5.9567738,4.252029
MIR7-3HG,1.4112908,3.8891063
MIR7515HG,-5.2845383,2.9037814
MIR762HG,4.4386287,1.7009639
MIR9-1HG,4.241647,3.1704884
MIR9-3HG,3.4794981,2.084628
MIR924HG,3.755901,2.0262036
MIR99AHG,5.9242024,3.1120825
MIRLET7A1HG,5.397023,2.320584
MIRLET7BHG,5.093805,2.0852914
MIRLET7IHG,5.1106977,2.1969323
MIS18A-AS1,0.6235259,3.6373587
MKLN1-AS,5.362736,2.647137
MKNK1-AS1,2.523569,2.6006095
MKX-AS1,-1.2245744,3.3463967
MLF1-DT,-5.07848,2.5822546
MLIP-AS1,-0.60008335,2.732946
MLIP-IT1,-3.6697993,4.7768207
MMADHC-DT,2.755392,1.9435568
MME-AS1,-1.5306069,1.9332975
MMEL1-AS1,-4.730458,4.3838086
MMP2-AS1,-0.83756816,1.666976
MMP25-AS1,5.5648875,2.2871335
MNX1-AS1,-0.11841301,4.118204
MNX1-AS2,-2.2541218,5.019505
MOCS2-DT,5.30846,2.2934554
MORC1-AS1,-5.4849896,3.5183651
MORC2-AS1,2.5042298,4.064412
MORF4L2-AS1,2.8442316,2.0540264
MPC1-DT,2.9477315,3.52792
MPHOSPH6-DT,-4.773838,3.8886344
MPP7-DT,-4.883911,2.7637918
MPPED2-AS1,-3.6415527,4.150162
MPRIP-AS1,1.0485686,3.7737722
MRAP-AS1,-3.0896807,1.6222259
MRGPRF-AS1,-3.4225128,4.541629
MRGPRG-AS1,-4.3653054,2.7120888
MRNIP-DT,3.4110267,1.7071084
MROCKI,2.836892,2.6204073
MRPL20-AS1,5.899344,2.3607624
MRPL20-DT,5.0221686,2.3187263
MRPL23-AS1,2.2006688,1.9875417
MRPS30-DT,4.472088,2.937261
MRPS35-DT,2.1393065,2.6553895
MRPS9-AS1,0.73506767,2.7080288
MRPS9-AS2,-2.1985495,4.493804
MRTFA-AS1,3.2905073,3.5979302
MSANTD2-AS1,5.4465804,2.806718
MSC-AS1,4.5550923,2.1750786
MSH2-OT1,-0.7532354,3.4327803
MSRA-DT,1.5972465,3.723017
MSRB3-AS1,0.80559623,4.389353
MTA1-DT,4.7700367,2.434369
MTOR-AS1,-0.93743134,2.757589
MTUS1-DT,-3.5453486,5.908131
MTUS2-AS1,-3.3776405,3.119395
MTUS2-AS2,-3.4268894,2.9094925
MUC12-AS1,2.070595,2.4494023
MUC20-OT1,6.2685146,2.8508418
MUC5B-AS1,-4.5794725,4.1126227
MVP-DT,5.3696423,2.317973
MYADM-AS1,-0.41935536,3.2930582
MYB-AS1,-3.9288685,3.6371486
MYCBP2-AS1,2.9426835,2.9928036
MYCBP2-AS2,-1.4828241,2.8363671
MYCL-AS1,-3.5078804,4.6882844
MYCNOS,2.6721923,3.2537334
MYCNUT,-5.2420535,4.527036
MYG1-AS1,2.532027,1.9608192
MYH9-DT,-1.5916286,4.856777
MYHAS,-3.390756,3.6869054
MYL12-AS1,1.9150943,2.2001233
MYL6B-AS1,-1.6331152,4.2160654
MYLK-AS1,4.8033104,2.1891594
MYLK-AS2,-3.6361933,3.5223765
MYO16-AS1,-4.0731544,4.9634757
MYO16-AS2,-4.5663214,4.2553964
MYO18B-AS1,-3.5799465,3.3417668
MYO1B-AS1,1.088182,3.0000224
MYO1D-DT,0.9181461,3.6975472
MYO3B-AS1,2.9972906,3.7953238
MYOCD-AS1,-3.5039513,3.3569598
MYOM3-AS1,-4.7085466,4.1258883
MYOSLID,2.743359,2.390465
MYOZ3-AS1,-4.5176578,5.6885695
MYRF-AS1,-1.3982478,5.00667
MYT1L-AS1,-3.532828,2.7115245
MZF1-AS1,5.2784543,2.2115207
N4BP2L2-IT2,4.8522553,2.147592
NAALADL2-AS1,-4.746784,3.8421922
NAALADL2-AS2,-5.4638424,4.8643684
NAALADL2-AS3,-4.6681547,2.9532454
NADK2-AS1,2.094252,2.6926637
NALCN-AS1,-5.570797,5.0364184
NALF1-IT1,-3.2832556,2.608619
NALT1,3.0911787,1.7436429
NAMA,-2.5407584,3.5514846
NANOGP11,-5.4324884,3.7676222
NAPA-AS1,3.3712156,4.0719695
NARF-AS1,1.3558638,4.084349
NARF-AS2,5.142841,2.3156357
NARF-IT1,2.2386436,2.2658114
NAV2-AS1,-1.433244,4.239121
NAV2-AS2,-3.4948764,3.705154
NAV2-AS3,-3.7187748,2.9466307
NAV2-AS4,-3.544588,2.6739223
NAV2-AS5,-2.8128514,2.6395583
NAV2-AS6,2.7181997,2.1066625
NAV2-IT1,-3.700832,2.7713969
NBAT1,-0.58996546,3.3210692
NBR2,5.5557656,2.2814662
NCAM1-AS1,-2.094063,3.7429123
NCBP2-AS1,0.46295884,3.1526334
NCF4-AS1,-0.8254672,1.3520132
NCK1-DT,5.3385825,2.5249517
NCKAP5-AS1,-1.966615,2.8947186
NCKAP5-AS2,-0.5357304,4.017998
NCKAP5-IT1,-2.999573,2.8226204
NCMAP-DT,-0.8595804,3.9138515
NCOA7-AS1,-1.5830677,2.5455806
NDFIP2-AS1,-4.437767,4.640259
NDNF-AS1,-4.313476,4.2017455
NDP-AS1,-3.906925,3.1374242
NDST1-AS1,-2.5016632,4.521112
NDUFA6-DT,5.3516016,2.0245535
NDUFB2-AS1,3.8805366,1.8068267
NDUFV1-DT,4.1046085,2.8843966
NDUFV2-AS1,3.9596076,1.8690598
NEAT1,6.442147,2.9667969
NEBL-AS1,-1.6933265,4.796327
NECTIN1-AS1,-3.1621532,2.6329339
NECTIN1-DT,-0.39862186,4.2670364
NECTIN3-AS1,1.6173815,2.5060492
NECTIN4-AS1,-3.2068372,4.668996
NEGR1-IT1,-4.532795,3.7655952
NEK2-DT,2.9503763,3.2864876
NEMP2-DT,3.2340958,2.228561
NEPRO-AS1,3.3216794,3.0105383
NETO1-DT,-2.844486,4.0207343
NEURL1-AS1,-4.970853,3.0019336
NEUROG2-AS1,-2.1211274,4.025799
NEXN-AS1,2.607585,2.680888
NFATC2IP-AS1,5.4090533,2.6231272
NFE2L1-DT,3.9283814,1.8717904
NFE4,1.0698628,1.9719002
NFIA-AS1,-2.4609249,2.788331
NFIA-AS2,4.264689,3.5321107
NFIB-AS1,-2.9395986,3.4432883
NFYC-AS1,4.5933256,1.9303408
NGF-AS1,-4.4342723,3.5945444
NGFR-AS1,-2.5382497,4.1170263
NHS-AS1,-3.9348211,4.1758094
NHSL1-AS1,4.438044,1.9387839
NIFK-AS1,5.4678187,2.7374241
NINJ2-AS1,4.8689017,1.986512
NIPAL4-DT,-0.9213376,2.1027405
NIPBL-DT,5.897891,2.487111
NKILA,3.5713253,1.7016641
NKX2-1-AS1,-5.8213844,4.533483
NKX2-2-AS1,-4.348226,4.22362
NLGN1-AS1,-3.2775967,2.6661062
NLGN4Y-AS1,-4.7709846,3.6130087
NMBR-AS1,-4.515832,4.447249
NNT-AS1,6.2385454,2.923566
NOL4L-DT,-4.224462,2.5466955
NOP14-AS1,5.83527,2.3306427
NOP53-AS1,0.5392913,2.8523693
NORAD,6.427552,2.9259408
NOVA1-DT,-0.539974,3.2163653
NPAS2-AS1,-2.7048528,2.5199587
NPHP3-AS1,0.5268949,3.3544698
NPSR1-AS1,1.5970485,3.2022443
NPTN-IT1,4.4451656,1.9437363
NPY2R-AS1,-2.93785,4.0164375
NQO1-DT,1.9513482,2.0795736
NQO2-AS1,0.23266613,3.7350235
NR2F1-AS1,5.4659953,2.747991
NR2F2-AS1,3.3220577,2.4561188
NR4A1AS,2.5097225,2.072137
NRAD1,-3.7615252,5.291571
NRAV,5.570872,2.2686093
NREP-AS1,-5.607178,4.8568816
NRG1-IT1,-3.514095,2.7294624
NRG1-IT3,-4.1359987,2.959326
NRG3-AS1,-3.516841,2.7443
NRIP3-DT,0.72372705,3.1961792
NRIR,1.4093264,2.1427493
NRSN2-AS1,5.8587866,2.7697718
NRXN2-AS1,-2.7223892,3.8890672
NSMCE1-DT,3.209169,2.8017082
NTM-AS1,-2.6941993,3.1055756
NTM-IT,-6.0817485,3.1911626
NTRK3-AS1,-4.4488807,2.57808
NUBPL-DT,-4.7607107,3.9519563
NUCB1-AS1,-2.0397656,3.8707814
NUDT16-DT,4.2551665,2.8401687
NUDT19-DT,3.0572674,1.7801547
NUP107-DT,2.5366337,2.1100292
NUP133-DT,-1.8810022,4.680503
NUP153-AS1,3.898596,1.6492754
NUP50-DT,5.6641097,2.3764606
NUP93-DT,2.4100676,3.3893263
NUTM2A-AS1,6.3893557,2.9061196
NUTM2B-AS1,6.2262006,2.789292
NXT1-AS1,-0.5276888,3.4488847
OBI1-AS1,-0.21465379,3.0958123
OBSCN-AS1,3.309228,1.85835
OCIAD1-AS1,0.2931691,3.2511637
ODC1-DT,4.5617695,2.296295
ODF2-AS1,-0.20360303,3.5270836
OGFR-AS1,2.8270671,1.8246022
OGFRP1,4.8217874,1.8741429
OIP5-AS1,6.452261,2.9437542
OLMALINC,6.328976,3.0531113
OOEP-AS1,-4.7349877,3.9321315
OPA1-AS1,-0.97220826,2.5855024
OPCML-IT1,-2.993248,2.6412275
OPCML-IT2,-3.4279814,2.6877654
OR12D3,-4.507468,2.631039
OR2A1-AS1,4.164478,3.4265337
OR2W1-AS1,-4.838902,3.988844
OR5V1,-5.8701634,3.591396
OSBPL10-AS1,0.7075498,3.5145082
OSER1-DT,5.638155,2.4731348
OSGEPL1-AS1,1.9774748,3.5349457
OSMR-DT,2.8156497,2.3788044
OSTM1-AS1,-2.7724748,3.7006438
OSTN-AS1,-0.59243464,3.127956
OTUD6B-AS1,6.250005,2.7936606
OTULIN-DT,2.9083033,2.2630894
OTX2-AS1,2.4890122,3.6662662
OVAAL,-5.142724,5.1227846
OVCH1-AS1,3.351948,2.7966607
OVOL1-AS1,-2.834236,4.836701
OXA1L-DT,2.1221528,3.3542817
OXCT1-AS1,2.4670117,1.6982505
OXR1-AS1,-0.6298418,3.5622723
P3H2-AS1,2.7862258,3.6235974
P4HA2-AS1,-0.22423652,5.4024487
P4HA3-AS1,2.1033576,3.0273528
PABPC1L2B-AS1,-2.7493637,3.7243958
PABPC4-AS1,2.4989536,2.4865484
PABPC5-AS1,-3.819972,3.7528994
PACERR,0.70605135,2.8383482
PACRG-AS1,1.5015346,3.9619803
PACRG-AS2,-5.0182376,2.51583
PACRG-AS3,-3.0817428,2.9430764
PAK6-AS1,-2.3865232,4.740461
PALLD-AS1,-4.807816,2.8995895
PAN3-AS1,4.1866837,2.0171993
PANCR,-2.703921,4.3895082
PANDAR,-4.0501523,2.424649
PANK1-AS1,2.3040972,2.9562035
PANK2-AS1,4.055149,1.8672614
PANTR1,3.1612053,3.507061
PAPLN-AS1,3.201432,2.150181
PAPOLA-DT,2.9540455,1.6269509
PAPPA-AS1,-2.60617,4.810478
PAPPA-AS2,-4.035757,3.591224
PAQR5-DT,1.6314014,3.1712208
PAQR9-AS1,2.7952526,3.8862526
PARAL1,-3.9603705,4.011606
PARD3-DT,-0.8664371,4.4624825
PARD6G-AS1,4.0893865,1.783137
PARM1-AS1,-2.5942655,2.6344385
PARP11-AS1,0.64070725,1.6458628
PART1,3.48729,3.2661324
PARTICL,4.3337865,1.6276789
PATJ-DT,-1.6241801,4.414908
PATL1-DT,2.2738183,3.1526732
PATL2,3.9576917,2.154833
PAUPAR,1.4828897,3.237193
PAX8-AS1,5.6407766,2.4626667
PAXBP1-AS1,5.6051874,2.621551
PAXIP1-AS2,5.6407127,2.4028766
PAXIP1-DT,5.5081196,2.3834858
PBX1-AS1,-2.444581,2.5827558
PBX3-DT,1.6058137,3.1852899
PCA3,3.6139088,3.5348399
PCAT1,4.6537313,3.2095003
PCAT14,4.5973964,2.847292
PCAT18,1.4661101,3.355258
PCAT19,3.3409257,3.2743883
PCAT4,-4.824947,4.615678
PCAT5,2.7759435,4.6302
PCAT6,3.4460492,1.5498389
PCAT7,3.8775396,2.315794
PCBP1-AS1,6.376298,2.982152
PCBP2-OT1,1.1630658,2.5317607
PCBP3-AS1,-2.667495,3.4339104
PCCA-AS1,-0.9674834,2.5728583
PCCA-DT,5.024986,2.312904
PCDH10-DT,2.8262444,3.2870061
PCDH9-AS1,-4.53046,4.101357
PCDH9-AS2,-3.3342938,2.568232
PCDH9-AS3,-3.265301,2.5992944
PCDH9-AS4,-3.336111,2.6272125
PCDHB1-AS1,3.0207386,1.816815
PCED1B-AS1,4.8759437,2.368335
PCF11-AS1,-0.2970811,5.487548
PCGEM1,-3.434632,4.9912553
PCGF3-AS1,5.5123987,2.2626212
PCMTD1-DT,5.6034455,2.4564908
PCNX4-DT,-4.7508526,2.726695
PCOLCE-AS1,2.3788552,1.9240566
PCOTH,2.626107,1.754333
PCSEAT,-3.7605581,5.119149
PCSK6-AS1,0.27375335,4.342037
PCYT1B-AS1,-5.564502,5.0849047
PDC-AS1,4.1530523,3.2152627
PDCD4-AS1,4.6581845,2.0934122
PDCD6-DT,2.5260677,2.1960402
PDCD6IP-DT,4.8935037,1.8874345
PDE11A-AS1,-2.4455566,6.129865
PDE2A-AS1,-4.0366545,3.8596008
PDE2A-AS2,-0.28917944,1.519302
PDE3A-AS1,-3.759092,4.3444095
PDE4B-AS1,-3.5058656,2.7105381
PDE6B-AS1,-2.1504817,3.8369699
PDE7A-DT,1.8402897,2.0341136
PDE9A-AS1,-1.5203233,2.9160736
PDGFA-DT,-1.6446152,6.2463174
PDK1-AS1,4.5197387,2.1335437
PDK4-AS1,4.469508,3.5108721
PDLIM7-AS1,-2.3355556,3.6205907
PDXP-DT,1.201508,1.9143482
PDYN-AS1,-3.600075,3.629615
PDZRN3-AS1,-1.3664656,4.176575
PEF1-AS1,0.6165427,3.2834287
PEG13,3.3471375,2.3491988
PELATON,1.6872205,1.3362515
PELP1-DT,-0.037574384,4.0790935
PENK-AS1,5.534923,3.446127
PEX5L-AS1,-3.341885,2.7201216
PEX5L-AS2,-3.3389482,2.723914
PFKP-DT,-0.019041268,3.7345386
PFN2-AS1,-0.768377,3.6589503
PGLS-DT,4.750692,2.4757473
PGM5-AS1,-0.031326197,3.4584186
PGM5P3-AS1,1.4489497,2.9756057
PGM5P4-AS1,1.7891159,2.7381241
PGR-AS1,0.53703594,3.069889
PHACTR2-AS1,-0.60273325,2.4402366
PHACTR3-AS1,-2.9098237,3.1795936
PHC2-AS1,-1.5393051,4.401325
PHEX-AS1,-3.058655,3.9007514
PHF1,5.83302,2.271188
PHKA1-AS1,-5.0189133,3.923751
PHKA2-AS1,-0.10734605,5.1761274
PHLDA1-AS1,3.457866,1.7072438
PHLDA1-DT,1.2821226,2.939968
PHOX2B-AS1,-4.211221,3.722315
PICART1,1.6690758,2.4263704
PICSAR,-3.54889,4.6414895
PIGO-AS1,-1.4823695,4.28924
PIGY-DT,-2.8837285,4.652104
PIK3CA-DT,-4.872837,4.081413
PIK3CD-AS1,0.10368821,1.4353282
PIK3CD-AS2,3.7521007,1.8309532
PIK3IP1-DT,0.70388716,2.1211512
PIK3R5-DT,-0.040967118,1.4357815
PIN1-DT,-1.1458592,4.170299
PINCR,-0.8479875,3.9916656
PINK1-AS,5.53367,2.4593046
PINX1-DT,-1.992753,4.65292
PISRT1,-4.5805492,4.1157107
PITPNA-AS1,4.6360917,1.699574
PITPNM2-AS1,-1.7946485,2.9630494
PITRM1-AS1,4.2623215,2.1091886
PITX1-AS1,5.0326257,1.9668914
PIWIL2-DT,2.6456163,1.9836776
PIWIL4-AS1,-3.5711563,2.5324628
PKD1-AS1,1.9407403,2.1837142
PKD1L1-AS1,-3.7351487,2.1727977
PKD2L2-DT,5.4957623,3.1720588
PKIA-AS1,1.8931773,3.150649
PKN2-AS1,2.858892,3.5545902
PKNOX2-DT,-4.6970277,4.2906766
PKP4-AS1,2.5014386,2.3585443
PLA2G4C-AS1,-4.8110833,5.7366285
PLA2G4E-AS1,0.15744074,3.4383645
PLAC4,3.195301,2.9072676
PLBD1-AS1,3.3221297,2.0569868
PLCB1-IT1,-2.1591341,2.5994458
PLCB2-AS1,-0.67848366,1.5918797
PLCE1-AS1,-3.0978327,4.61018
PLCE1-AS2,-4.291476,2.9685588
PLCG1-AS1,5.0130606,2.8880315
PLCH1-AS1,-4.63681,4.3342924
PLCH1-AS2,-4.717009,4.265961
PLCL2-AS1,-2.1519923,2.532024
PLCXD2-AS1,-4.8085804,2.4766338
PLPPR5-AS1,-3.5044835,2.8769548
PLS1-AS1,-4.00738,4.3729715
PLS3-AS1,1.6878295,2.85687
PLSCR5-AS1,-4.8248982,3.7150948
PLUT,-4.9025874,4.2190104
PLXNB3-AS1,1.8569448,2.1959875
PNISR-AS1,5.204036,2.1836753
PNN-AS1,0.014567781,3.4876313
PNRC1-DT,-2.399577,3.51795
POC1B-AS1,4.577522,2.2576573
POLG-DT,1.7813033,2.1657264
POLH-AS1,3.0668526,3.3938785
POLR2J4,5.12689,2.0243266
PORCN-DT,-0.500171,4.2310696
POT1-AS1,5.495665,3.2813132
POTEF-AS1,-4.5135155,5.0529957
POTEH-AS1,-5.4239335,3.0708857
POU2F1-DT,0.13818863,3.6996102
POU2F2-AS1,0.49219525,1.5233657
POU6F2-AS1,-4.704088,5.449273
POU6F2-AS2,-2.7919583,4.525317
PPEF1-AS1,-4.791735,5.488399
PPFIA2-AS1,-0.23731706,3.0828896
PPIC-AS1,-0.5429459,4.2029862
PPM1B-DT,-1.7608924,3.7983906
PPM1F-AS1,5.9567103,2.9250367
PPM1J-DT,-4.6101675,2.7013981
PPM1K-DT,0.59299016,2.927126
PPM1L-DT,2.691715,2.049818
PPP1CB-DT,4.0642147,2.4775496
PPP1R12A-AS1,4.1899076,1.939645
PPP1R12A-AS2,1.4525555,2.5953794
PPP1R13B-DT,-2.3930259,4.606077
PPP1R14B-AS1,3.8148642,1.6059134
PPP1R15B-AS1,-1.194907,4.610917
PPP1R21-DT,-0.4979621,4.2462816
PPP1R26-AS1,4.2314906,1.9367818
PPP1R35-AS1,-0.5633314,4.459059
PPP1R3B-DT,4.491162,3.1509898
PPP1R9A-AS1,1.8059978,3.3357546
PPP2CA-DT,2.5746346,1.8458421
PPP2R2B-IT1,-3.36798,2.694265
PPP3CB-AS1,5.5349145,2.406824
PPP4R1-AS1,-1.7960333,4.5509105
PPP4R3B-DT,2.7551024,1.8605808
PRANCR,5.394818,2.6929457
PRC1-AS1,3.9216623,2.1211195
PRDM10-DT,-0.4059429,3.6052296
PRDM16-DT,0.617351,3.3893614
PRDM6-AS1,-0.5132795,4.3010306
PRDM8-AS1,0.23304585,2.5500026
PRDX6-AS1,4.670575,2.2152336
PRECSIT,4.584833,2.5893462
PRICKLE2-AS1,-4.5903044,4.169411
PRICKLE2-AS2,-3.5223973,3.1102445
PRICKLE2-AS3,2.4656665,3.6586382
PRICKLE2-DT,-4.9214926,2.4276013
PRKACB-DT,3.4322348,1.6936308
PRKAG2-AS1,2.8116083,1.7651446
PRKAG2-AS2,-0.599391,1.5158076
PRKAR1B-AS1,1.1511105,1.527992
PRKAR1B-AS2,-4.78199,4.138037
PRKAR2A-AS1,5.097082,2.8328216
PRKAR2B-AS1,2.728238,3.7727401
PRKCA-AS1,-0.7923576,2.4783669
PRKCE-AS1,-1.4533728,2.4115455
PRKCH-AS1,3.7111576,2.683343
PRKCQ-AS1,5.032902,2.6575735
PRKCZ-AS1,3.775135,1.7980242
PRKCZ-DT,-4.2213717,4.4725604
PRKD3-DT,-3.5958602,4.3996377
PRKG1-AS1,5.7894344,3.359755
PRKG2-AS1,-4.9646325,3.236425
PRKX-AS1,-1.6950551,2.532461
PRMT5-AS1,3.7041993,2.1846452
PRMT5-DT,4.0403557,1.895153
PRNCR1,4.232128,3.4197435
PRNT,-4.9470444,2.2961931
PRORY,-4.433875,2.6851761
PROSER2-AS1,2.7545972,2.2221231
PROX1-AS1,3.426975,3.2438493
PRPF19-DT,-0.44996938,3.69897
PRPF31-AS1,4.12071,2.4238675
PRPF39-DT,-4.24164,4.0796633
PRR15-DT,-1.3016185,4.942354
PRR29-AS1,1.294153,4.1526055
PRR34,2.8071551,2.4412515
PRR34-AS1,4.2498174,1.6284493
PRR7-AS1,4.2407594,1.9075332
PRRT3-AS1,2.6597633,1.9676005
PRRX2-AS1,-3.6506155,4.4463286
PRSS23-AS1,0.97402614,2.8658774
PRSS30P,1.270361,1.8688236
PSD2-AS1,-4.551449,2.4935231
PSG8-AS1,-3.2050347,3.104382
PSLNR,-2.9783528,4.977712
PSMA3-AS1,6.3624625,2.9394581
PSMB1,6.442071,2.930736
PSMB8-AS1,4.6328936,2.0824296
PSMD14-DT,1.8659065,2.7329297
PSMD6-AS1,0.66738564,4.4442325
PSMD6-AS2,4.0472894,2.4449868
PSMD7-DT,3.623812,3.4018412
PSMG3-AS1,5.3297215,2.0279145
PSORS1C3,-2.7547946,5.333124
PSPC1-AS2,1.319448,2.5380094
PTCHD1-AS,-4.4238715,2.6816778
PTCSC2,3.158596,3.3896337
PTCSC3,3.3612306,3.3826072
PTENP1-AS,3.2923975,2.9515765
PTOV1-AS1,4.0684824,1.8284578
PTOV1-AS2,4.8810363,1.8325236
PTPN23-DT,4.5018163,2.1075437
PTPRD-AS1,3.2229242,3.1373959
PTPRD-DT,-3.1253297,3.4976225
PTPRG-AS1,4.3265214,2.4326901
PTPRJ-AS1,-1.6340046,2.4212084
PTPRK-AS1,-2.1769083,2.6525147
PTPRN2-AS1,-0.28787693,1.3582994
PTPRT-AS1,-3.8759756,2.6079853
PTPRT-DT,-2.7865608,3.5989587
PURPL,5.091096,2.7223763
PVT1,6.1548343,2.7115715
PWRN1,3.1022074,3.3746507
PWRN2,-3.624527,2.495623
PWRN4,-3.110442,2.659033
PXN-AS1,5.450669,2.4194288
PYCARD-AS1,1.1505986,1.7698153
PYDC2-AS1,3.0878048,3.3406274
QKILA,0.5898835,3.0889802
R3HDM2-DT,-1.8492793,4.144713
R3HDML-AS1,-3.2485316,5.5733128
RAB11B-AS1,4.440933,1.6952034
RAB17-DT,-0.5116336,4.4667625
RAB30-DT,5.979377,2.77681
RAB33B-AS1,5.7121253,3.0221334
RAB4A-AS1,5.534249,2.3948555
RAB5C-AS1,-1.5876671,4.846939
RABGAP1L-AS1,-1.7977842,2.4231923
RABGAP1L-DT,4.53751,3.377538
RABGAP1L-IT1,4.1623597,3.5964231
RAD21-AS1,3.5619512,2.9014726
RAD51-AS1,5.5607934,2.4257355
RAET1E-AS1,-2.322589,4.7070694
RAI1-AS1,-1.7468153,2.7382205
RAI14-DT,-2.5887144,4.760318
RALGPS2-AS1,1.6694152,2.5120096
RALY-AS1,5.4628987,2.6281629
RAMP2-AS1,4.2267456,2.7122502
RANBP3-DT,2.3267636,2.087893
RAP2C-AS1,4.843843,2.385242
RAPGEF4-AS1,-2.377592,3.2146506
RARA-AS1,3.9136035,1.7532538
RASA2-IT1,-1.6548033,2.6798697
RASA3-IT1,-1.5536642,2.0577838
RASAL2-AS1,4.763223,3.1058996
RASGRF2-AS1,1.9687157,3.0360746
RASSF1-AS1,1.2799013,1.6546551
RASSF10-DT,-3.1949124,5.0765996
RASSF3-DT,-4.581915,4.471325
RASSF8-AS1,5.3795304,2.5450625
RB1-DT,0.13833636,3.405383
RBAKDN,-1.6113169,4.77038
RBFADN,4.3032885,3.0180926
RBM12B-DT,-1.9035984,4.9040246
RBM15-AS1,2.754443,2.4228053
RBM25-AS1,2.3930545,1.5821363
RBM26-AS1,4.9430165,2.378629
RBM33-DT,5.166195,2.4918332
RBM38-AS1,3.711302,2.1320539
RBM5-AS1,4.2067194,2.2333753
RBMS3-AS1,-4.4136496,3.7075136
RBMS3-AS2,1.5778588,4.302675
RBMS3-AS3,4.8141737,3.565787
RBPMS-AS1,1.2155032,2.768064
RC3H1-DT,-2.1652443,3.808731
RC3H1-IT1,0.450131,3.373377
RCAN2-DT,2.3530807,3.4023573
RCAN3AS,-0.5464881,1.8174262
RCC2-AS1,-0.47410855,5.175765
RCCD1-AS1,3.0918264,3.7895277
RDH10-AS1,2.2037587,2.6779613
REL-DT,-0.14877619,3.2111442
RELA-DT,5.263438,2.6759193
RENO1,4.102593,1.8923305
REPIN1-AS1,3.2726777,1.6803676
RERE-AS1,0.7349283,1.6442769
RERG-AS1,-6.0085297,5.7067494
RERG-IT1,-4.1372914,4.3799214
RETREG1-AS1,1.9383885,2.8657298
REV3L-IT1,0.6551801,4.1037755
RFPL1S,4.2498507,3.0546637
RFPL3S,3.5209846,3.1370935
RFX3-DT,4.4616556,2.4978817
RFX5-AS1,2.516451,1.7294993
RGMB-AS1,3.3943408,1.6242588
RGPD4-AS1,3.1354897,4.474368
RGS5-AS1,-4.7480345,3.2190847
RHOA-IT1,0.244103,3.0207934
RHOQ-AS1,2.407479,2.6125906
RHOXF1-AS1,3.3234398,2.4238176
RHPN1-AS1,3.5354116,1.7291758
RIC3-DT,-4.7794695,2.8102133
RIPK2-DT,6.1846213,3.0473864
RIPOR3-AS1,-3.9372559,5.604232
RMDN2-AS1,-0.1243201,2.983192
RMEL3,-3.839799,4.4434795
RMRP,4.4226727,2.4406676
RMST,-2.0246348,3.9413357
RN7SL832P,3.0483587,3.8848722
RNASE2CP,-0.79345244,1.41353
RNASEH1-DT,5.544147,2.4086883
RNASEH2B-AS1,4.362503,3.395897
RNF139-DT,4.7247524,2.2232614
RNF157-AS1,3.1805236,2.9533982
RNF185-AS1,2.2791235,1.9021428
RNF186-AS1,-4.0061045,4.501133
RNF207-AS1,-0.46768954,3.93899
RNF213-AS1,5.0103297,2.032961
RNF216-IT1,-2.5288868,2.7247515
RNF216P1,6.0901246,2.6438444
RNF217-AS1,4.123282,2.9175391
RNF32-AS1,3.5435927,2.2065601
RNF32-DT,5.457615,2.3812296
RNFT1-DT,3.7091527,2.1792023
RNPC3-DT,-0.33859718,2.9946582
RNU6ATAC35P,-2.522598,4.4191184
ROCR,1.8983536,3.7461414
ROPN1L-AS1,-2.247085,5.932998
ROR1-AS1,5.3412757,3.409353
RORA-AS1,2.3076458,2.756165
RORA-AS2,-4.541151,2.6218112
RORB-AS1,-2.9714856,3.7121856
RPAP3-DT,4.548302,2.314969
RPH3AL-AS1,-2.80677,3.8706555
RPH3AL-AS2,-3.2029622,5.651673
RPL26L1-AS1,3.4239144,2.246753
RPL30-AS1,5.3319597,2.562384
RPL34-DT,2.3030133,2.9228358
RPL37A-DT,2.802344,1.92887
RPP38-DT,2.6434062,2.1123166
RPS6KA2-AS1,-1.4266601,2.2182517
RPS6KA2-IT1,-3.0246167,4.395204
RPS6KB2-AS1,-4.7446775,4.3557606
RRAGAP1-AS1,-2.1861804,2.7051706
RRAGC-DT,3.5935712,2.0142558
RRM1-AS1,-4.637793,2.9048975
RRN3P2,1.5327442,1.721897
RRS1-DT,2.1781652,3.456748
RSF1-IT1,0.16465773,3.7720335
RSF1-IT2,-0.794597,2.6467755
RSL1D1-DT,1.646354,2.8820455
RSPH1-DT,-4.93532,2.507374
RTCA-AS1,5.990398,3.206487
RUFY1-AS1,2.9567907,2.4790668
RUNDC3A-AS1,5.107547,3.0090806
RUNX2-AS1,0.6084903,4.1934476
RUNX3-AS1,-0.842949,1.7070737
RUSC1-AS1,5.56487,2.512429
RUSF1-DT,1.6380391,2.6517527
RUVBL1-AS1,-0.9948235,3.4016778
RWDD3-DT,5.6897407,3.4065983
RXYLT1-AS1,-4.1032205,2.392418
RYR3-DT,0.7132075,3.0923507
S1PR1-DT,0.7228048,1.8529857
SACS-AS1,-2.5657837,4.1871758
SALRNA1,0.76388323,3.170541
SALRNA2,-0.5437932,3.4298868
SALRNA3,-1.313299,2.661104
SAMD12-AS1,-2.406301,5.1760426
SAMD4A-AS1,-1.8483839,6.353054
SAMMSON,3.1145437,3.7220767
SAMSN1-AS1,-4.584213,5.3895674
SAP30-DT,5.1284423,2.7263715
SAP30L-AS1,5.3175783,2.8720498
SAPCD1-AS1,-0.76439995,3.9229233
SATB1-AS1,3.7391088,2.190505
SATB2-AS1,3.829129,1.634626
SBF2-AS1,5.715448,2.8795445
SBNO1-AS1,4.0594535,1.7324735
SCAANT1,-0.30153453,3.1640992
SCAMP1-AS1,5.449916,2.3085773
SCARNA9,4.022725,2.5417676
SCAT1,3.2309387,3.2773821
SCAT2,-3.2996786,3.5644288
SCAT8,1.5145487,1.9903387
SCEL-AS1,-3.705264,4.279991
SCG5-AS1,-5.45641,4.1565676
SCGB1B2P,-0.32149386,3.830694
SCHLAP1,-0.95134515,2.7269826
SCIRT,2.7423701,1.945669
SCMH1-DT,-3.075464,3.1589775
SCN1A-AS1,4.389566,3.4302723
SCOC-AS1,4.0348625,2.6558914
SCP2D1-AS1,-4.276941,2.364689
SCTR-AS1,-3.202155,5.5111504
SCUBE1-AS1,0.9284812,4.350598
SCUBE1-AS2,-4.515668,4.19305
SDAD1-AS1,1.2933546,4.328057
SDCBP2-AS1,5.3606677,2.272441
SDK1-AS1,-3.6325557,4.369416
SEC23A-AS1,-1.4514414,4.703477
SEC24B-AS1,4.0541983,2.0953825
SEC61G-DT,-1.0333506,4.5745234
SEC62-AS1,0.5251521,3.6267738
SELENOO-AS1,3.5680838,1.8628528
SEMA3B-AS1,0.3423082,3.6291647
SEMA3F-AS1,4.4481487,2.0516956
SEMA5A-AS1,-2.912315,2.9824622
SEMA6A-AS1,3.343091,2.3414283
SEMA6A-AS2,-0.62539554,3.8675528
SENCR,0.6971981,1.6587051
SEPSECS-AS1,5.5750747,3.2011733
SEPTIN14P23,-3.7673295,2.8037417
SEPTIN14P5,-3.4707603,1.8254215
SEPTIN4-AS1,0.8817927,2.6261303
SEPTIN7-DT,4.397415,1.9227018
SEPTIN9-DT,-2.4402735,5.148718
SERPINB9P1,4.5257916,2.2648962
SERTAD3-AS1,1.8842943,2.2003176
SERTAD4-AS1,1.7972479,2.3629985
SETBP1-DT,2.4941106,2.3952272
SETD4-AS1,-4.40152,3.452967
SEZ6L-AS1,-3.863398,3.1725423
SF1-DT,-0.057000335,4.1344132
SFTA1P,2.237714,2.4290838
SFTA3,-3.929794,4.9649706
SFTPD-AS1,4.31679,3.3577626
SGMS1-AS1,5.2098026,2.1942184
SGO1-AS1,3.5952942,3.0498953
SGSM2-AS1,3.5783296,1.8528386
SGSM3-AS1,1.2264098,3.5685968
SH3BP5-AS1,5.457327,2.1078277
SH3PXD2A-AS1,2.1328857,2.6114955
SH3RF3-AS1,2.5799863,2.117949
SH3TC2-DT,1.4482702,2.811116
SHANK2-AS1,1.0431508,3.442347
SHANK2-AS2,-3.2073824,2.9160721
SHANK2-AS3,1.0903542,3.6495278
SHROOM3-AS1,1.1528788,2.627724
SIAH2-AS1,2.1392581,2.9996598
SIDT1-AS1,-1.8361565,2.5498817
SIGLEC10-AS1,0.0024785171,1.8922482
SIGLEC5,1.3273333,1.3474826
SILC1,4.1397285,3.3478687
SIM1-AS1,-5.1596804,4.9648666
SIPA1L1-AS1,2.1389205,2.240157
SIRLNT,-4.351622,4.405835
SIRPG-AS1,-0.20906371,1.5726914
SIX3-AS1,-2.632292,4.139292
SKAP1-AS1,1.2011142,4.253976
SKAP1-AS2,-1.428334,2.0134914
SLC12A2-DT,6.115859,2.725337
SLC12A5-AS1,2.1057034,2.041684
SLC12A9-AS1,1.8166552,2.1320052
SLC14A2-AS1,-4.623222,4.1959143
SLC16A1-AS1,6.0048356,2.977795
SLC16A12-AS1,-5.082934,4.929653
SLC16A4-AS1,4.714251,2.0390065
SLC17A6-DT,-1.1639943,3.3231165
SLC18A2-AS1,-1.935276,6.398868
SLC1A2-AS1,-3.508109,2.6920605
SLC20A1-DT,4.5824137,1.9966875
SLC22A18AS,2.5192945,1.7780197
SLC24A3-AS1,-1.7537904,2.7677093
SLC25A21-AS1,2.9597058,1.8184968
SLC25A25-AS1,5.7369905,2.7343936
SLC25A28-DT,-0.34429708,3.8563094
SLC25A30-AS1,-0.78735864,4.0501504
SLC25A34-AS1,-3.5670476,4.754451
SLC25A48-AS1,-3.9494963,2.9078348
SLC25A5-AS1,4.389081,1.7505807
SLC26A4-AS1,5.653414,3.3869693
SLC26A5-AS1,-1.399887,2.7802277
SLC28A2-AS1,2.382278,2.782372
SLC2A1-DT,4.0605497,2.8012798
SLC2A9-AS1,-3.7456043,5.163205
SLC30A6-DT,2.7154777,2.0657098
SLC35F3-AS1,-3.9111116,2.9606812
SLC38A2-AS1,-0.369408,3.074743
SLC38A4-AS1,4.507431,2.1287532
SLC39A12-AS1,3.2938764,3.2501626
SLC41A3-AS1,2.9831228,1.9559898
SLC44A4,-1.6003679,5.302408
SLC4A8-AS1,-4.777106,3.077733
SLC5A4-AS1,3.3314476,1.9001573
SLC6A1-AS1,-3.0231683,3.1070306
SLC6A12-AS1,-3.62762,3.899304
SLC6A17-AS1,-3.6030915,2.8012955
SLC7A11-AS1,2.9223082,2.765031
SLC7A14-AS1,3.8270953,3.087897
SLC8A1-AS1,3.984071,3.1872995
SLC9A3-AS1,5.4656267,2.020414
SLC9A3R1-AS1,2.2286317,1.5742317
SLC9A9-AS1,-2.356054,2.4619498
SLC9A9-AS2,-3.6792555,1.9859065
SLCO4A1-AS1,1.543771,2.3605907
SLCO4A1-AS2,3.5232685,1.8771096
SLCO5A1-AS1,0.2620294,3.723441
SLFNL1-AS1,4.4477315,2.686257
SLIT1-AS1,-4.0799527,2.4982238
SLIT2-IT1,-3.8227978,3.1036115
SLIT3-AS1,-2.9250112,2.792055
SLIT3-AS2,2.8843727,3.553182
SLX1A-SULT1A3,5.7055616,2.2139
SLX1B-SULT1A4,5.4705834,2.1379957
SMAD1-AS1,-3.6262255,3.3524163
SMAD1-AS2,-1.8288928,2.7023993
SMAD5-AS1,-0.57323116,2.8294275
SMAD9-IT1,-2.3369503,4.1476383
SMARCA2-AS1,-1.8851689,1.6927631
SMARCA5-AS1,4.4372535,1.7580993
SMARCAD1-DT,2.1943686,4.857905
SMARCAL1-AS1,-0.9978561,4.683452
SMC2-DT,4.3921847,3.3457048
SMC5-DT,3.0305893,1.9846396
SMCR2,-6.4240623,4.588575
SMCR5,2.180261,3.1639109
SMG1-DT,1.1272882,3.0052433
SMG7-AS1,3.9156227,1.8040371
SMILR,-2.151436,6.2848816
SMIM10L1,6.2116766,2.7446682
SMIM10L2B-AS1,-3.8643627,3.644296
SMIM14-DT,4.482463,3.1809454
SMIM15-AS1,3.937104,1.65556
SMIM2-AS1,3.060348,1.8936425
SMIM2-IT1,-4.8083863,2.5953689
SMYD3-AS1,-0.7862554,2.461453
SMYD3-IT1,-0.5276238,2.9158607
SNAI3-AS1,5.2538705,2.132706
SNAP25-AS1,3.44496,3.556452
SNAP47-AS1,-0.51683223,3.3122265
SNCA-AS1,-2.469864,6.0816364
SND1-DT,-1.9625874,3.8573494
SND1-IT1,1.2487897,3.38667
SNED1-AS1,-3.8283179,4.077903
SNHG1,6.321483,2.759295
SNHG10,5.409409,2.2602327
SNHG11,5.5127206,2.1281745
SNHG12,6.212746,2.7762208
SNHG14,6.3706813,2.9883327
SNHG15,6.1456676,2.645697
SNHG16,6.4031816,2.896639
SNHG17,6.2843943,2.8158824
SNHG18,3.225825,1.6115432
SNHG19,5.244596,2.0713239
SNHG20,6.0125957,2.6878672
SNHG21,4.3173375,1.6828177
SNHG22,4.0466294,2.2840123
SNHG25,3.722595,2.1746774
SNHG26,5.32889,2.4872155
SNHG27,1.2851065,3.227487
SNHG28,2.9364345,1.9413973
SNHG29,6.4302177,2.9354722
SNHG3,6.3547397,2.876599
SNHG30,5.5005136,2.392008
SNHG31,4.3228984,3.5224152
SNHG32,6.3568764,2.8809671
SNHG4,5.7145715,2.3625977
SNHG5,6.415435,2.9305792
SNHG6,6.3801994,2.903982
SNHG7,6.0318704,2.5099897
SNHG8,6.3451066,2.8780506
SNHG9,4.432913,1.7643057
SNRK-AS1,3.2707422,2.3558314
SNRPA1-DT,2.9881885,1.9180219
SNRPF-DT,-5.8908215,5.5973697
SNTG2-AS1,-2.0059474,4.1355023
SNX10-AS1,2.4206612,2.618698
SNX30-DT,1.3890595,2.8107693
SNX9-AS1,-1.7291137,2.5240757
SOCAR,0.23453201,2.1065183
SOCS2-AS1,4.6992445,2.4840639
SOCS3-DT,1.858579,2.0349658
SOD1-DT,3.1132407,2.8523524
SOD2-OT1,2.7744522,1.7230734
SORBS2-AS1,-1.8492898,3.7951052
SORCS3-AS1,-4.4961443,2.3096187
SORL1-AS1,0.7734618,1.7504373
SOS1-IT1,0.46889877,3.3019516
SOX1-OT,-2.616598,3.766065
SOX2-OT,5.7059875,3.188725
SOX21-AS1,1.249057,2.802388
SOX5-AS1,-2.7697842,2.6429448
SOX9-AS1,4.313496,3.15836
SP2-AS1,4.1437564,1.7516032
SP2-DT,5.445283,2.850274
SPACA6-AS1,3.4284022,2.9732313
SPAG16-DT,4.2166014,3.3981347
SPAG5-AS1,4.5732656,1.9497974
SPANXA2-OT1,4.795467,3.4130914
SPART-AS1,2.256686,2.8168705
SPATA13-AS1,-1.8269879,2.400371
SPATA17-AS1,-4.6564956,3.2404027
SPATA3-AS1,-0.34542415,4.0792627
SPATA41,3.0229332,2.001128
SPATA42,-4.9421825,2.3360095
SPATA8,-5.816086,3.3966753
SPATA8-AS1,-4.5708947,3.8576357
SPCS3-AS1,-4.7450523,4.189246
SPECC1-DT,-1.5909026,4.6073294
SPEN-AS1,5.1551714,2.081777
SPIN4-AS1,-4.394981,4.028137
SPINT1-AS1,-1.6690964,5.2422915
SPNS2-AS1,-3.7774615,4.5323405
SPON1-AS1,-4.070818,4.3747406
SPOPL-DT,2.2211623,2.363411
SPRY4-AS1,3.0939062,3.0735319
SPTBN1-AS1,-3.1831799,2.9505398
SPTBN1-AS2,3.3441777,2.159665
SQLE-DT,-1.7326868,4.280937
SRD5A3-AS1,4.1844015,3.2061737
SREBF2-AS1,3.575467,2.2411156
SRGAP2-AS1,-0.698099,2.5345614
SRGAP3-AS1,-3.514433,2.3087907
SRGAP3-AS2,-3.7407255,5.437032
SRGAP3-AS3,-2.6756742,2.6325228
SRGAP3-AS4,-3.5096066,5.007471
SRI-AS1,-0.6820901,4.4769135
SRP14-DT,5.223482,2.2598484
SRRM2-AS1,4.3625174,1.8677623
SSBP3-AS1,3.4867668,2.1061518
SSTR5-AS1,0.28298274,3.7973883
ST20,5.146371,2.0999453
ST20-AS1,5.492563,2.2723086
ST3GAL1-DT,3.7688782,1.8072162
ST3GAL3-AS1,-3.3342187,3.6422718
ST3GAL5-AS1,-0.15151449,2.5250115
ST3GAL6-AS1,4.613033,2.75942
ST6GAL2-IT1,-4.0571465,4.006679
ST7-AS1,3.5739486,1.6521199
ST7-AS2,-0.6880451,2.521435
ST7-OT4,1.7641566,2.7890286
ST8SIA5-DT,2.5205774,3.4247003
ST8SIA6-AS1,2.6334536,2.4807124
STAG1-DT,0.9702191,3.258665
STAG2-AS1,-0.5691262,4.2928987
STAG3L5P-PVRIG2P-PILRB,5.616952,2.1124933
STAM-DT,2.9732764,1.8552672
STARD13-AS,1.5428697,2.8222651
STARD13-IT1,-2.2630455,2.7692645
STARD4-AS1,5.1589727,2.0629
STARD7-AS1,5.559024,2.3339906
STAT4-AS1,-0.23937938,1.5255927
STAU2-AS1,0.7214615,4.1163626
STEAP1B-AS1,0.7899304,2.837244
STEAP2-AS1,-3.5017188,4.8408127
STEAP3-AS1,1.6059791,2.6743128
STIM1-AS1,2.1976902,1.762367
STIM2-AS1,-0.37370098,3.9302592
STK24-AS1,2.1508641,2.1574864
STK32A-AS1,-4.9890165,4.665682
STK4-DT,2.5968354,2.1987202
STPG2-AS1,3.928411,3.4245794
STPG3-AS1,1.8433591,2.0834603
STUB1-DT,-0.24057819,4.0456243
STX17-DT,5.335799,3.4267657
STX18-AS1,5.9249635,2.9810157
STX18-IT1,-2.189442,2.7128797
STX5-DT,2.942609,1.8582141
STXBP5-AS1,4.575898,2.3644228
SUCLA2-AS1,-0.3506097,3.9516137
SUCLG2-DT,5.463999,2.8650856
SUGCT-AS1,-3.5406475,3.8514218
SUGT1-DT,3.2309515,1.8824656
SUGT1P4-STRA6LP,4.085949,2.0721753
SUGT1P4-STRA6LP-CCDC180,4.411774,1.89946
SUNO1,2.0189009,2.5085104
SUV39H2-DT,3.0045135,1.7665483
SV2C-AS1,-4.120786,4.2733703
SYBU-AS1,-3.2124462,2.8860989
SYN3-AS1,-5.1994476,3.6663349
SYNE1-AS1,-3.7660904,2.4384477
SYNGAP1-AS1,1.4053917,2.2678432
SYNJ2-IT1,-4.676432,2.7648516
SYNM-AS1,-2.313034,3.5962424
SYNPO2L-AS1,1.7441407,3.2963002
SYNPR-AS1,-3.371388,5.28688
SYP-AS1,-4.5039816,4.0526614
SYT15-AS1,3.6041367,1.6348466
SYT9-AS1,4.476048,2.5428421
SZT2-AS1,-3.5584214,2.149535
TAB2-AS1,-3.2814095,3.3978317
TAB3-AS1,-1.7769499,2.3615005
TAB3-AS2,-4.3247724,3.4574275
TACR3-AS1,-5.9911137,5.608671
TAF12-DT,0.4021254,3.526829
TAF1A-AS1,3.2924404,1.7125895
TAGAP-AS1,5.436884,2.8200324
TALAM1,6.358816,2.880907
TANK-AS1,-4.872042,3.8348453
TAPT1-AS1,4.3199663,1.951368
TARID,2.483227,2.7496421
TARS1-DT,4.058748,1.7009077
TAT-AS1,0.11397411,4.306131
TAX1BP1-AS1,-1.086983,4.628965
TBC1D22A-AS1,2.1165593,3.0660782
TBC1D22A-DT,4.4422154,1.7401513
TBC1D26-AS1,-4.3321557,2.804385
TBC1D3P1-DHX40P1,-4.528238,4.3900447
TBC1D8-AS1,2.9435298,1.8889874
TBILA,1.9926593,2.4784598
TBL1XR1-AS1,-0.74717486,2.3984606
TBX18-AS1,-2.0701246,2.7555995
TBX2-AS1,1.342316,2.8221385
TBX3-AS1,0.064295754,3.875692
TBX5-AS1,-3.0169556,4.630703
TCEAL3-AS1,-1.5130755,3.5099187
TCERG1L-AS1,-4.3777466,4.20337
TCF4-AS1,-2.5772395,2.6874955
TCF4-AS2,-3.9624758,3.3641543
TCF7L1-IT1,-5.819349,5.3803525
TCL6,4.3860445,3.2941592
TDH-AS1,1.0796789,3.156713
TDRD6-AS1,-4.2674336,3.8752341
TDRG1,-4.48803,5.6825633
TDRKH-AS1,3.109894,2.1803746
TEDC2-AS1,3.1718898,4.376177
TEMN3-AS1,-4.4255633,4.616235
TENM2-AS1,-1.2037629,4.726306
TENM3-AS1,3.560104,1.8222599
TENT5C-DT,-4.93186,2.6801572
TERC,-0.0063512702,2.4338608
TERLR1,-3.4713676,5.854054
TESC-AS1,-5.8531833,5.313999
TET2-AS1,-0.8535334,2.3764606
TEX26-AS1,2.1315072,3.9038439
TEX36-AS1,-4.8816175,2.7781575
TEX41,4.0736527,3.411718
TFAP2A-AS1,2.0998735,2.0328712
TFAP2E-AS1,1.1292304,1.6119493
TFIP11-DT,4.273079,1.6549695
TFPI2-DT,-1.42583,4.303055
TGFA-IT1,-4.668746,4.2191753
TGFB2-AS1,-0.4380178,4.1480975
TGFB2-OT1,0.2927517,3.3928704
TGFB3-AS1,-3.927068,2.2350874
TH2LCRR,0.39163214,2.7290673
THAP7-AS1,4.470814,1.7282708
THAP9-AS1,6.242444,2.700025
THBS1-AS1,0.8341758,2.8590448
THBS1-IT1,0.8162909,2.8592582
THBS2-AS1,4.15585,2.046926
THBS3-AS1,3.6166735,1.8221173
THBS4-AS1,2.9991345,2.9354622
THOC1-DT,3.0304263,2.4225135
THOC3-AS1,-5.081642,2.9275775
THOC7-AS1,-0.14931594,2.9621263
THORLNC,-0.15483776,4.1078405
THRB-AS1,-0.82083315,4.290458
THRB-IT1,1.8011718,3.381382
THRIL,0.4433518,3.6109135
THSD4-AS1,-0.46534112,2.8854647
THUMPD3-AS1,6.305772,2.851254
THY1-AS1,2.7235453,1.8694237
TIAM1-AS1,1.0341561,3.1988227
TICAM2-AS1,3.6025662,2.338862
TILRLS,-5.862297,5.3499427
TIMMDC1-DT,-0.88526404,4.0302677
TINAG-AS1,-4.1578293,4.24166
TIPARP-AS1,2.7195728,1.8430346
TIRAP-AS1,4.1045427,1.991191
TLE1-DT,1.4263626,2.7470636
TLR8-AS1,-4.9945784,5.408718
TLX1NB,-4.7817264,2.6875746
TM4SF1-AS1,-1.9339045,5.0549974
TM4SF19-AS1,3.0968087,2.2862809
TMC3-AS1,4.1150985,2.8026063
TMCC1-DT,5.591684,2.379803
TMCC2-AS1,-4.577748,3.1366022
TMCO1-AS1,3.548008,3.2528534
TMED2-DT,5.8009095,3.0597696
TMEM105,2.7622685,3.4728055
TMEM108-AS1,-3.1895556,2.651208
TMEM109-DT,-0.5451146,4.1271353
TMEM11-DT,3.3102036,2.1901686
TMEM123-DT,1.7703534,2.2596335
TMEM132D-AS1,-4.6549635,5.5978646
TMEM132D-AS2,-4.1503158,3.3799338
TMEM132E-DT,-2.6751242,3.6703076
TMEM139-AS1,0.32898644,3.2937436
TMEM147-AS1,5.6995006,2.2536418
TMEM14B-DT,2.588523,1.9713204
TMEM161B-DT,6.3146205,2.955458
TMEM167B-DT,4.645582,2.597274
TMEM18-DT,3.3496945,3.108073
TMEM184C-DT,0.6366714,4.33659
TMEM202-AS1,4.389108,1.8486707
TMEM212-AS1,2.567637,3.40588
TMEM212-IT1,-4.3589606,4.2493405
TMEM220-AS1,1.4237376,2.5304935
TMEM242-DT,-0.20417814,3.9449744
TMEM246-AS1,-3.851986,3.6823401
TMEM252-DT,-1.1228985,1.3843579
TMEM254-AS1,3.458345,1.7278185
TMEM26-AS1,-3.8374422,5.420242
TMEM263-DT,3.0282898,1.7465831
TMEM30A-DT,4.213883,2.751109
TMEM44-AS1,5.010975,1.9016136
TMEM44-AS2,3.1077077,1.8071954
TMEM51-AS1,4.582282,2.2508492
TMEM51-AS2,-3.2915888,1.5991715
TMEM72-AS1,3.1289232,3.026686
TMEM78,1.4950352,3.8720315
TMEM92-AS1,0.26666057,2.629159
TMEM9B-AS1,5.4018745,2.5702527
TMLHE-AS1,1.2435884,2.533973
TMPO-AS1,4.747423,1.7603967
TMSB15B-AS1,2.6364646,2.2953799
TMX4-AS1,1.9980199,2.5993922
TNFRSF10A-AS1,3.2707694,2.1393402
TNFRSF10A-DT,4.524288,1.8757982
TNFRSF14-AS1,3.8384774,1.8836489
TNK2-AS1,3.2371137,2.178194
TNKS2-DT,1.9570018,2.1650903
TNPO1-DT,-3.8470883,4.600072
TNR-IT1,-5.0269575,2.7799065
TNRC6B-DT,-1.0929838,4.196682
TNS1-AS1,1.2646707,3.044354
TNS2-AS1,5.553348,2.6172252
TOB1-AS1,4.072416,1.8527542
TOLLIP-DT,2.9791188,1.5766112
TOMM20L-DT,-1.343948,3.3519938
TONSL-AS1,0.5375114,3.343067
TOX-DT,3.50931,1.9318818
TP53RK-DT,-0.22127482,3.9815662
TP53TG1,5.7725015,2.4407287
TP73-AS2,-4.6592736,5.491702
TP73-AS3,-2.0773284,3.3355856
TPBGL-AS1,-2.3285928,3.3854363
TPM1-AS,3.394307,1.7445688
TPRG1-AS1,0.93644154,2.263342
TPRG1-AS2,-2.516264,2.747622
TPT1-AS1,6.2424088,2.8678749
TRABD-AS1,3.0513742,1.7592899
TRAF3IP2-AS1,5.546436,2.7165446
TRAM2-AS1,5.5108085,2.3387587
TRAPPC12-AS1,2.6854932,2.0432644
TRBV11-2,-0.46040204,1.4692124
TRDN-AS1,4.016328,3.5401855
TRERNA1,-4.5223184,4.0804057
TRG-AS1,4.7571197,2.2883635
TRHDE-AS1,3.3971336,2.356237
TRIM31-AS1,-2.695578,5.331903
TRIM36-IT1,2.2880738,4.8231373
TRIM52-AS1,5.588566,2.4024682
TRIM67-AS1,-4.18092,2.561893
TRIM7-AS1,1.236061,4.4703817
TRIM7-AS2,2.8300638,1.7538483
TRIM8-DT,4.731781,1.8789113
TRMT2B-AS1,-1.9254472,2.6491132
TRMT61A-DT,4.6904206,1.946053
TROAP-AS1,0.21055536,3.722953
TRPC7-AS1,-3.3218567,5.3667855
TRPC7-AS2,-4.639156,6.498434
TRPM2-AS,-0.36056554,3.9508512
TSBP1-AS1,5.459768,3.4067082
TSC22D1-AS1,4.060008,2.047061
TSHZ3-AS1,-3.0312755,4.2694592
TSIX,6.0380383,2.9984238
TSKU-AS1,-0.40983877,4.202429
TSPAN14-AS1,-0.63690597,1.6659594
TSPAN18-AS1,-4.422447,4.298876
TSPAN5-DT,2.8006964,2.0823262
TSPAN9-IT1,-2.6200066,2.7542984
TSPEAR-AS1,2.3868818,1.9486178
TSPEAR-AS2,2.4933684,1.9690863
TSPOAP1-AS1,4.521478,2.0442214
TTBK2-AS1,2.6554186,1.8984437
TTC12-DT,-0.5488824,4.108642
TTC14-DT,-1.3774517,3.9020543
TTC21B-AS1,-0.81530285,2.477753
TTC23L-AS1,2.6790016,1.899321
TTC28-AS1,6.1145787,2.693007
TTC3-AS1,-3.083583,1.7043037
TTC32-DT,-1.1857975,4.170887
TTC36-AS1,2.4856358,2.5678039
TTC39A-AS1,-2.724794,5.0667305
TTC39C-AS1,-0.667368,1.5481746
TTC9-DT,-3.644549,5.2223063
TTLL1-AS1,1.615006,3.32904
TTLL10-AS1,-3.3335123,1.6443149
TTLL7-IT1,3.2448156,3.4198842
TTN-AS1,5.740075,2.4496915
TTTY1,-5.4377985,3.3412356
TTTY10,5.72071,3.3895495
TTTY12,-4.6376977,3.4756947
TTTY13,-5.5111637,3.258062
TTTY14,4.57001,3.1871743
TTTY17A,-5.6213646,3.781607
TTTY17B,-5.6221566,3.7731829
TTTY17C,-5.7191896,3.7980843
TTTY18,-4.5909615,3.8374176
TTTY19,-4.623502,4.037806
TTTY1B,-5.510966,3.329089
TTTY2,-5.4044313,3.0045743
TTTY20,-5.0863733,4.92925
TTTY21,-5.99585,3.8579543
TTTY21B,-4.672677,3.337506
TTTY22,-5.491764,3.4822562
TTTY23,-5.6448274,4.4511905
TTTY2B,-5.4565845,3.0861254
TTTY3,-5.579012,3.6656213
TTTY3B,-5.5189505,3.674589
TTTY4,-4.1945524,5.2788973
TTTY4B,-4.173005,5.2831454
TTTY4C,-4.198254,5.2776732
TTTY5,-5.417742,3.3882504
TTTY6,-3.373865,4.906013
TTTY6B,-3.4024608,4.8772125
TTTY7,-5.9494147,3.8433638
TTTY7B,-5.893922,3.8537207
TTTY8,-2.4997032,3.3604321
TTTY8B,-2.5243244,3.3485012
TTTY9B,-4.6487,4.103532
TUB-AS1,-3.4797602,2.8430858
TUBA3FP,3.386964,2.2805042
TUSC7,-3.2847493,2.6144981
TUSC8,0.919067,3.2251692
TWF2-DT,2.1787627,2.02574
TWSG1-DT,5.416014,3.2446237
TXNDC12-AS1,-1.0836668,2.9274242
TYMSOS,4.0834546,1.676396
UAP1-DT,-2.230899,3.6793478
UBA6-DT,5.98492,2.6134856
UBAC2-AS1,4.2795434,1.786311
UBE2D3-AS1,3.9796538,1.6708422
UBE2E1-AS1,-0.49989614,4.1234593
UBE2E2-DT,-3.974166,4.1886835
UBE2E3-DT,-2.063223,4.4605846
UBE2H-DT,0.7929368,4.311248
UBE2Q1-AS1,0.71891946,2.8020337
UBE2R2-AS1,2.0082164,2.797432
UBL7-DT,5.310079,2.2378848
UBOX5-AS1,0.3211823,2.8224165
UBQLN1-AS1,4.049018,1.6960033
UBR5-DT,4.557427,2.2598858
UBXN7-AS1,-1.3778661,3.355553
UCA1,4.0106635,2.3003738
UCHL1-DT,-1.6825104,2.8683367
UCKL1-AS1,4.604436,2.3957438
UFD1-AS1,3.2763941,1.8437394
UFL1-AS1,2.3026216,2.3874102
UGDH-AS1,5.983935,3.2084033
UHRF1BP1L-DT,-1.2209885,3.8475964
UICLM,0.8837211,1.599379
UMLILO,-4.1216726,5.0572786
UMODL1-AS1,-3.8029115,5.3916893
UNC5B-AS1,-1.7300912,4.7857666
UNC5C-AS1,-1.9007956,3.8820064
UPK1A-AS1,-0.021579834,3.5230489
UPP2-IT1,-4.404584,4.7248983
UQCRB-AS1,-0.85393786,4.013769
UQCRFS1-DT,2.0412939,2.9419355
URB1-AS1,4.4706297,1.702699
USH2A-AS1,-4.4486027,4.3536897
USH2A-AS2,-4.6767793,3.1408134
USP12-AS1,-1.7846636,2.5805821
USP12-DT,-2.4985046,5.9989753
USP2-AS1,4.3233423,2.789083
USP27X-DT,3.4135158,1.7513574
USP3-AS1,4.5988927,2.3250759
USP30-AS1,0.8943834,1.5951836
USP34-DT,4.695044,2.2833679
USP38-DT,2.799128,2.291633
USP46-DT,4.0577335,1.741475
USP6NL-AS1,-0.79032344,4.3616104
USP7-AS1,-0.85630286,1.4642199
UST-AS1,-4.118229,3.5444744
UST-AS2,-4.786798,4.643837
UVRAG-DT,0.0028845388,3.963633
UXT-AS1,4.4682326,2.9145153
VAC14-AS1,4.007564,2.9773116
VASH1-AS1,5.129016,2.05753
VASH1-DT,-4.451174,5.255069
VAV3-AS1,-5.815887,5.225771
VCAN-AS1,1.1424711,2.0184822
VIM-AS1,4.545648,1.9401151
VIPR1-AS1,2.6701732,2.6482267
VIRMA-DT,3.2074573,3.0735354
VLDLR-AS1,3.6159637,2.6582086
VOPP1-DT,-2.826357,4.045193
VPS11-DT,-1.5064645,4.486191
VPS13A-AS1,-3.7484283,2.0289943
VPS13B-DT,4.0381675,1.9608341
VPS13C-DT,-0.74061245,3.9900806
VPS33B-DT,3.077901,2.7605054
VPS39-DT,-0.06568309,5.2538853
VPS9D1-AS1,4.8492928,1.7920096
VSIG10L-AS1,-1.5604024,4.8831334
VSTM2A-OT1,-2.8409657,3.56001
VSTM2B-DT,1.8133919,3.4581323
VWA8-AS1,-1.2512022,4.5292463
VWC2L-IT1,-4.5824075,4.2181544
WAC-AS1,6.0340157,2.870773
WAKMAR2,3.7642574,2.1799462
WAPL-DT,3.9789224,1.7988737
WARS2-AS1,6.0949855,2.7369385
WARS2-IT1,4.4448943,3.317116
WASF3-AS1,1.1751157,3.5311313
WASHC5-AS1,0.794477,2.5488746
WASIR1,-4.5764604,4.983568
WASIR2,2.0193586,2.1308262
WASL-DT,4.894187,1.8839138
WDFY3-AS1,-3.3640516,2.3304625
WDFY3-AS2,4.968301,2.3035467
WDR11-DT,2.9684923,3.5688474
WDR35-DT,1.7911048,2.3970165
WDR5-DT,0.28136444,3.2818804
WDR5B-DT,5.771234,2.346819
WDR7-OT1,-1.7570183,3.8125439
WDR86-AS1,0.6470901,1.9565732
WDTC1-DT,-5.2504582,3.9999144
WEE2-AS1,3.4640481,2.519237
WNT5A-AS1,0.8807072,3.0660086
WSPAR,-4.6952567,4.2122407
WT1-AS,2.9689083,4.558363
WWC2-AS1,-4.8338,5.667467
WWC2-AS2,1.3895545,2.6117997
WWC3-AS1,-4.87484,3.86475
WWOX-AS1,0.674284,3.7048779
WWP1-AS1,3.7526166,3.0312274
WWTR1-AS1,3.235327,1.8519589
WWTR1-IT1,0.050637554,3.195135
XACT,6.5229425,3.0301962
XIAP-AS1,-1.4858267,2.7011306
XIRP2-AS1,-4.715915,3.7248294
XIST,5.783126,2.811971
XKR4-AS1,-4.2122517,3.2981238
XPC-AS1,4.5363493,2.0549338
XXYLT1-AS1,-1.782564,3.1719139
XXYLT1-AS2,-0.85236704,2.122748
YAE1-DT,-4.7886024,4.720383
YEATS2-AS1,4.144731,2.2063072
YPEL3-DT,3.5314932,1.8835719
YTHDF3-DT,2.82596,1.7138296
YWHAH-AS1,3.945834,2.9500258
ZBED3-AS1,5.6465273,3.314792
ZBED5-AS1,5.355794,2.1256876
ZBED9-AS1,-4.695996,5.4963207
ZBTB11-AS1,5.377227,2.229053
ZBTB20-AS1,2.0512433,3.1249545
ZBTB20-AS2,-5.045508,4.011468
ZBTB20-AS3,-1.5513393,2.5217593
ZBTB20-AS4,0.8381545,4.3251767
ZBTB20-AS5,-0.89928526,2.3852
ZBTB24-DT,-4.636759,3.7130566
ZBTB40-IT1,0.28809646,3.0334508
ZBTB44-DT,0.88090765,2.5504284
ZBTB46-AS1,-1.9524813,2.73262
ZBTB46-AS2,0.6552441,2.938156
ZBTB47-AS1,4.687208,2.155656
ZBTB7C-AS1,-2.4075854,2.8910332
ZC3H12A-DT,4.4802995,1.8384917
ZCCHC14-DT,0.73581445,3.127485
ZDHHC12-DT,4.2761064,1.5885957
ZDHHC20-IT1,1.7942646,2.4686415
ZEB1-AS1,4.8783245,1.9172282
ZEB2-AS1,0.5288853,1.5201305
ZFAND2A-DT,5.4998665,2.3974276
ZFAND3-DT,-1.2621343,4.0953593
ZFAS1,6.4112477,2.9215946
ZFAT-AS1,-3.2014334,1.9780624
ZFHX2-AS1,5.116477,2.4795265
ZFHX3-AS1,5.531004,2.0718365
ZFHX4-AS1,-0.3447121,4.103456
ZFP28-DT,-1.3335774,4.388714
ZFP3-DT,-4.4779253,4.199009
ZFPM1-AS1,0.8650497,2.7099488
ZFPM2-AS1,3.0535517,1.9632219
ZFX-AS1,-1.5052812,4.863608
ZFY-AS1,-4.141994,4.63715
ZIC4-AS1,-4.434819,4.2062902
ZIM2-AS1,-2.89853,3.931037
ZKSCAN2-DT,5.091935,2.3993983
ZKSCAN7-AS1,1.3293453,2.8448086
ZMIZ1-AS1,3.1474226,1.9154271
ZMPSTE24-DT,4.992143,1.9874927
ZMYM4-AS1,-1.4117709,2.79992
ZMYND10-AS1,-4.450646,4.882229
ZNF114-AS1,0.53574085,2.3776355
ZNF132-DT,4.3933196,2.9542315
ZNF133-AS1,-4.5090766,4.2279787
ZNF197-AS1,-0.6644957,3.906346
ZNF213-AS1,5.9719467,2.718732
ZNF22-AS1,4.034294,1.8303498
ZNF222-DT,-4.4562206,3.0527375
ZNF225-AS1,5.0184956,2.434265
ZNF230-DT,3.1010823,1.8919728
ZNF232-AS1,4.8739486,2.0176234
ZNF236-DT,2.7286074,1.9102398
ZNF24TR,0.44418365,3.1420958
ZNF25-DT,-5.161735,3.2185695
ZNF252P-AS1,3.294494,2.7304082
ZNF277-AS1,-1.0437477,3.8577127
ZNF295-AS1,3.3696914,1.9516948
ZNF30-AS1,-2.0468366,4.2832055
ZNF32-AS1,0.10519538,3.6175628
ZNF32-AS2,3.324555,1.9143981
ZNF32-AS3,-4.9102764,2.3011281
ZNF337-AS1,5.432133,2.3617883
ZNF341-AS1,-1.5684041,4.2596297
ZNF346-IT1,1.5978742,2.7169967
ZNF350-AS1,4.67227,2.361575
ZNF385D-AS1,-5.781684,5.700315
ZNF385D-AS2,-4.4913845,3.9995408
ZNF407-AS1,5.724764,2.3818686
ZNF426-DT,2.8592303,1.828426
ZNF433-AS1,5.403837,2.5110142
ZNF436-AS1,4.280293,1.8039668
ZNF45-AS1,1.6309991,2.8339245
ZNF451-AS1,3.9326,3.0460527
ZNF454-DT,-4.3636336,3.560408
ZNF460-AS1,3.6255028,3.0283082
ZNF470-DT,2.7805755,2.2287538
ZNF474-AS1,-3.801414,5.3223305
ZNF496-DT,5.6840253,2.3849177
ZNF497-AS1,2.672145,1.9579005
ZNF503-AS1,-2.1853504,5.1870303
ZNF503-AS2,3.8596091,1.6494344
ZNF516-AS1,3.4514716,1.7487886
ZNF516-DT,2.063883,2.2267535
ZNF528-AS1,5.3122745,2.6546178
ZNF529-AS1,5.0876455,2.3567047
ZNF561-AS1,6.1760225,2.7867267
ZNF566-AS1,4.184948,1.8686364
ZNF567-DT,5.083052,2.576805
ZNF571-AS1,4.0104876,2.7366529
ZNF582-DT,3.9762836,2.023206
ZNF584-DT,5.763255,2.3348622
ZNF594-DT,4.855445,2.5325801
ZNF628-DT,-4.496811,3.0752041
ZNF630-AS1,-3.4358373,4.100678
ZNF649-AS1,-1.5779344,4.828181
ZNF652-AS1,3.7872074,3.3141274
ZNF667-AS1,5.341546,2.6792324
ZNF674-AS1,5.2314286,2.184718
ZNF687-AS1,2.8149345,1.7894205
ZNF691-DT,4.3778286,2.610177
ZNF692-DT,-4.9584413,3.1696303
ZNF710-AS1,5.295218,1.999034
ZNF747-DT,4.270363,1.8055795
ZNF775-AS1,0.092746094,3.30379
ZNF778-DT,5.106772,2.1405363
ZNF790-AS1,5.2962413,2.7359684
ZNF793-AS1,2.2639928,2.2027383
ZNF8-DT,5.173492,2.034875
ZNF84-DT,-2.4513223,6.1031785
ZNF888-AS1,-1.4523804,4.1211176
ZNNT1,4.1216383,2.1354392
ZNRD1ASP,5.6498294,2.4148872
ZNRD2-DT,4.4094486,1.9846467
ZNRF3-AS1,1.276496,4.02649
ZNRF3-IT1,-1.7304325,2.8439975
ZRANB2-AS1,1.3471307,2.767382
ZRANB2-DT,3.2542477,3.0810337
ZSCAN16-AS1,5.404224,2.3892806
ZSCAN5A-AS1,3.2240052,3.330148
ZSWIM8-AS1,3.4907908,1.8738793
