id,x,y,text,name
1085,51.26,3.874042914233008,"Sample 1085 
              Patient: GSM3415787 
              Expression: 3.874042914233008
            ",NORMAL
1086,66.78,2.8019593295540144,"Sample 1086 
              Patient: GSM3415788 
              Expression: 2.8019593295540144
            ",NORMAL
1087,83.51,3.4604505298101955,"Sample 1087 
              Patient: GSM3415789 
              Expression: 3.4604505298101955
            ",NORMAL
1088,92.43,4.722255832906904,"Sample 1088 
              Patient: GSM3415882 
              Expression: 4.722255832906904
            ",NORMAL
1089,159.57,2.6594130924689576,"Sample 1089 
              Patient: GSM3415886 
              Expression: 2.6594130924689576
            ",NORMAL
1090,61.92,5.087554234050248,"Sample 1090 
              Patient: GSM3415895 
              Expression: 5.087554234050248
            ",NORMAL
1091,41.54,4.420556910368225,"Sample 1091 
              Patient: GTEX-VJYA-1226-SM-3GIJ6 
              Expression: 4.420556910368225
            ",NORMAL
1092,56.72,4.951794886410129,"Sample 1092 
              Patient: GTEX-WFG7-1826-SM-3GIL1 
              Expression: 4.951794886410129
            ",NORMAL
1093,70.29,3.066605050982946,"Sample 1093 
              Patient: GTEX-NFK9-2226-SM-3MJGP 
              Expression: 3.066605050982946
            ",NORMAL
1094,51.02,3.9793794866701178,"Sample 1094 
              Patient: GTEX-OIZH-2026-SM-3NB1M 
              Expression: 3.9793794866701178
            ",NORMAL
1095,23.18,5.517873336156251,"Sample 1095 
              Patient: GTEX-OOBJ-2026-SM-3NB1R 
              Expression: 5.517873336156251
            ",NORMAL
1096,22.56,4.494294995610393,"Sample 1096 
              Patient: GTEX-OOBK-2025-SM-3LK5S 
              Expression: 4.494294995610393
            ",NORMAL
1097,54.77,4.230726953442883,"Sample 1097 
              Patient: GTEX-PLZ6-1126-SM-3P5ZR-1 
              Expression: 4.230726953442883
            ",NORMAL
1098,54.7,4.230726953442883,"Sample 1098 
              Patient: GTEX-PLZ6-1126-SM-3P5ZR-2 
              Expression: 4.230726953442883
            ",NORMAL
1099,0,4.716990277790387,"Sample 1099 
              Patient: GTEX-NPJ8-2426-SM-3MJHL 
              Expression: 4.716990277790387
            ",NORMAL
1176,48.48,4.317152646893669,"Sample 1176 
              Patient: GTEX-RWSA-2026-SM-47JX8 
              Expression: 4.317152646893669
            ",NORMAL
1177,34.56,4.9841501985342775,"Sample 1177 
              Patient: GTEX-XGQ4-1826-SM-4AT6F 
              Expression: 4.9841501985342775
            ",NORMAL
1178,52.12,4.656827057059862,"Sample 1178 
              Patient: GTEX-XQ3S-2526-SM-4BOOG 
              Expression: 4.656827057059862
            ",NORMAL
1179,55,3.9686459926823496,"Sample 1179 
              Patient: GTEX-U3ZM-0926-SM-4DXSW 
              Expression: 3.9686459926823496
            ",NORMAL
1180,61.47,3.875483627405829,"Sample 1180 
              Patient: GTEX-REY6-2126-SM-48FD9 
              Expression: 3.875483627405829
            ",NORMAL
1181,18.24,3.8544829694200122,"Sample 1181 
              Patient: GTEX-XPVG-2026-SM-4B65E 
              Expression: 3.8544829694200122
            ",NORMAL
1182,45.35,4.490923394288261,"Sample 1182 
              Patient: GTEX-S33H-1826-SM-4AD65 
              Expression: 4.490923394288261
            ",NORMAL
1183,36.1,4.570291823717563,"Sample 1183 
              Patient: GTEX-WFG8-1826-SM-4LVM4 
              Expression: 4.570291823717563
            ",NORMAL
1184,68.32,3.772979114999277,"Sample 1184 
              Patient: GTEX-V1D1-1926-SM-4JBGX 
              Expression: 3.772979114999277
            ",NORMAL
1185,35.9,4.9778421934524975,"Sample 1185 
              Patient: GTEX-T8EM-1826-SM-4DM7F 
              Expression: 4.9778421934524975
            ",NORMAL
1186,61.3,3.856144709094002,"Sample 1186 
              Patient: GTEX-SJXC-2026-SM-4DM6N 
              Expression: 3.856144709094002
            ",NORMAL
1187,47.52,3.9691433110415537,"Sample 1187 
              Patient: GTEX-S4Q7-1026-SM-4AD75 
              Expression: 3.9691433110415537
            ",NORMAL
1188,26.07,4.924386946631343,"Sample 1188 
              Patient: GTEX-UTHO-2726-SM-4JBH9 
              Expression: 4.924386946631343
            ",NORMAL
1189,39.72,4.761542305607408,"Sample 1189 
              Patient: GTEX-V955-1826-SM-4JBIL 
              Expression: 4.761542305607408
            ",NORMAL
1190,6.52,4.77167819527634,"Sample 1190 
              Patient: GTEX-SUCS-1126-SM-4DM61 
              Expression: 4.77167819527634
            ",NORMAL
1191,58.74,4.407122469325298,"Sample 1191 
              Patient: GTEX-U4B1-1426-SM-4DXTX 
              Expression: 4.407122469325298
            ",NORMAL
1192,64.87,3.7510272969372513,"Sample 1192 
              Patient: GTEX-X5EB-1826-SM-4E3K8 
              Expression: 3.7510272969372513
            ",NORMAL
1193,23.31,4.7800644625966715,"Sample 1193 
              Patient: GTEX-RM2N-1126-SM-48FCY 
              Expression: 4.7800644625966715
            ",NORMAL
1194,12.67,4.12911078097279,"Sample 1194 
              Patient: GTEX-U3ZH-0926-SM-4DXU4 
              Expression: 4.12911078097279
            ",NORMAL
1195,12.7,2.9705677146616227,"Sample 1195 
              Patient: GTEX-U8XE-2526-SM-4E3IT 
              Expression: 2.9705677146616227
            ",NORMAL
1196,66.77,3.6021595871294623,"Sample 1196 
              Patient: GTEX-SNMC-0926-SM-4DM5U 
              Expression: 3.6021595871294623
            ",NORMAL
1197,48.23,4.476249085899644,"Sample 1197 
              Patient: GTEX-Q2AI-1126-SM-48U19 
              Expression: 4.476249085899644
            ",NORMAL
1198,41.21,4.237647630470673,"Sample 1198 
              Patient: GTEX-S95S-1026-SM-4B64M 
              Expression: 4.237647630470673
            ",NORMAL
1199,40.9,4.821528393834739,"Sample 1199 
              Patient: GTEX-WFON-1626-SM-4LVMV 
              Expression: 4.821528393834739
            ",NORMAL
1200,31.09,4.2265886890605735,"Sample 1200 
              Patient: GTEX-S3XE-1326-SM-4AD4H 
              Expression: 4.2265886890605735
            ",NORMAL
1201,52.14,3.8803692986386347,"Sample 1201 
              Patient: GTEX-XOTO-2826-SM-4B65I 
              Expression: 3.8803692986386347
            ",NORMAL
1202,12.51,4.949174155166015,"Sample 1202 
              Patient: GTEX-T5JC-1226-SM-4DM7C 
              Expression: 4.949174155166015
            ",NORMAL
1203,26.1,4.973920535851282,"Sample 1203 
              Patient: GTEX-U412-2026-SM-4DXSI 
              Expression: 4.973920535851282
            ",NORMAL
1204,11.32,3.4741095569756206,"Sample 1204 
              Patient: GTEX-XXEK-1226-SM-4BRUY 
              Expression: 3.4741095569756206
            ",NORMAL
1205,50.14,3.778416576156068,"Sample 1205 
              Patient: GTEX-WH7G-1726-SM-4LVKY 
              Expression: 3.778416576156068
            ",NORMAL
1206,60.39,3.8579456960805554,"Sample 1206 
              Patient: GTEX-XMK1-1026-SM-4B65H 
              Expression: 3.8579456960805554
            ",NORMAL
1207,21.17,5.010990479338749,"Sample 1207 
              Patient: GTEX-XAJ8-0626-SM-47JY4 
              Expression: 5.010990479338749
            ",NORMAL
1208,56.81,4.11991269736371,"Sample 1208 
              Patient: GTEX-117YX-1526-SM-5H12T 
              Expression: 4.11991269736371
            ",NORMAL
1209,38.09,4.064412272926461,"Sample 1209 
              Patient: GTEX-11O72-2726-SM-5HL6K 
              Expression: 4.064412272926461
            ",NORMAL
1210,50.14,4.821618708894381,"Sample 1210 
              Patient: GTEX-11NSD-0826-SM-5986S 
              Expression: 4.821618708894381
            ",NORMAL
1211,20.84,4.905146070248318,"Sample 1211 
              Patient: GTEX-13NYS-1026-SM-5KLZT 
              Expression: 4.905146070248318
            ",NORMAL
1212,17.1,4.071501110184101,"Sample 1212 
              Patient: GTEX-145LV-1226-SM-5S2QH 
              Expression: 4.071501110184101
            ",NORMAL
1213,40.28,4.491001092489672,"Sample 1213 
              Patient: GTEX-14ABY-0726-SM-5Q5DF 
              Expression: 4.491001092489672
            ",NORMAL
1214,51.77,4.481973753805313,"Sample 1214 
              Patient: GTEX-1399R-0526-SM-5IJEF 
              Expression: 4.481973753805313
            ",NORMAL
1215,18.35,4.544107096942372,"Sample 1215 
              Patient: GTEX-131XF-1926-SM-5DUW4 
              Expression: 4.544107096942372
            ",NORMAL
1216,56.92,4.3900296019990295,"Sample 1216 
              Patient: GTEX-146FQ-1726-SM-5QGPX 
              Expression: 4.3900296019990295
            ",NORMAL
1217,37.1,4.503081922469423,"Sample 1217 
              Patient: GTEX-ZLFU-1726-SM-4WWBU 
              Expression: 4.503081922469423
            ",NORMAL
1218,34.84,4.778864560461838,"Sample 1218 
              Patient: GTEX-13O61-1726-SM-5KM46 
              Expression: 4.778864560461838
            ",NORMAL
1219,58.41,4.159085251917514,"Sample 1219 
              Patient: GTEX-ZT9W-1626-SM-4YCDQ 
              Expression: 4.159085251917514
            ",NORMAL
1220,30.39,4.103385355614442,"Sample 1220 
              Patient: GTEX-ZEX8-2026-SM-4WKF3 
              Expression: 4.103385355614442
            ",NORMAL
1221,57.38,4.529374412038319,"Sample 1221 
              Patient: GTEX-ZVP2-0826-SM-59HJ6 
              Expression: 4.529374412038319
            ",NORMAL
1222,34.01,2.388031038358603,"Sample 1222 
              Patient: GTEX-11WQK-2726-SM-5EQMU 
              Expression: 2.388031038358603
            ",NORMAL
1223,17.14,4.54839765571185,"Sample 1223 
              Patient: GTEX-WK11-2626-SM-4OOSK 
              Expression: 4.54839765571185
            ",NORMAL
1224,35.98,5.333395199896308,"Sample 1224 
              Patient: GTEX-11OF3-1726-SM-5GU5Q 
              Expression: 5.333395199896308
            ",NORMAL
1225,53.45,4.342937998277468,"Sample 1225 
              Patient: GTEX-YF7O-1926-SM-4W1YQ 
              Expression: 4.342937998277468
            ",NORMAL
1226,39.7,4.592457170687225,"Sample 1226 
              Patient: GTEX-11EQ9-1726-SM-5HL6U 
              Expression: 4.592457170687225
            ",NORMAL
1227,44.04,4.998988111981592,"Sample 1227 
              Patient: GTEX-11DYG-2526-SM-5N9BB 
              Expression: 4.998988111981592
            ",NORMAL
1228,47.41,4.64136536963375,"Sample 1228 
              Patient: GTEX-117YW-1426-SM-5EGGO 
              Expression: 4.64136536963375
            ",NORMAL
1229,48.28,4.696546913358342,"Sample 1229 
              Patient: GTEX-14BMV-2326-SM-5RQJ4 
              Expression: 4.696546913358342
            ",NORMAL
1230,34.51,5.02696586859114,"Sample 1230 
              Patient: GTEX-QV44-1526-SM-4R1KI 
              Expression: 5.02696586859114
            ",NORMAL
1231,58.47,4.229150831583907,"Sample 1231 
              Patient: GTEX-QV31-1026-SM-4R1K3 
              Expression: 4.229150831583907
            ",NORMAL
1312,57.65,3.8602903826908754,"Sample 1312 
              Patient: GTEX-YB5E-1826-SM-5IFI4 
              Expression: 3.8602903826908754
            ",NORMAL
1313,45.79,4.806671091712573,"Sample 1313 
              Patient: GTEX-QEG4-2226-SM-4R1JM 
              Expression: 4.806671091712573
            ",NORMAL
1314,31.46,5.127395505655794,"Sample 1314 
              Patient: GTEX-12BJ1-1226-SM-5LUAE 
              Expression: 5.127395505655794
            ",NORMAL
1315,40.31,4.5212252928027095,"Sample 1315 
              Patient: GTEX-148VJ-1826-SM-5Q5DV 
              Expression: 4.5212252928027095
            ",NORMAL
1316,66.42,4.258989268784642,"Sample 1316 
              Patient: GTEX-13FXS-2826-SM-5LZYC 
              Expression: 4.258989268784642
            ",NORMAL
1317,54.28,4.061531335547518,"Sample 1317 
              Patient: GTEX-Y9LG-1826-SM-4VBQC 
              Expression: 4.061531335547518
            ",NORMAL
1318,10.64,4.661923653615842,"Sample 1318 
              Patient: GTEX-11DXZ-1826-SM-5H12Y 
              Expression: 4.661923653615842
            ",NORMAL
1319,25.43,4.47598547415513,"Sample 1319 
              Patient: GTEX-13O21-1126-SM-5N9EV 
              Expression: 4.47598547415513
            ",NORMAL
1320,41.09,2.9505688813996485,"Sample 1320 
              Patient: GTEX-144GM-0826-SM-5O98R 
              Expression: 2.9505688813996485
            ",NORMAL
1321,22.19,4.732955770673716,"Sample 1321 
              Patient: GTEX-WY7C-2026-SM-4ONCM 
              Expression: 4.732955770673716
            ",NORMAL
1322,61.84,3.8376415493227145,"Sample 1322 
              Patient: GTEX-WOFM-0326-SM-4OOSL 
              Expression: 3.8376415493227145
            ",NORMAL
1323,26.79,4.247946687317768,"Sample 1323 
              Patient: GTEX-13FHO-2826-SM-5K7ZA 
              Expression: 4.247946687317768
            ",NORMAL
1324,31.06,4.473791646353464,"Sample 1324 
              Patient: GTEX-QLQ7-1326-SM-4R1JY 
              Expression: 4.473791646353464
            ",NORMAL
1325,49.24,4.258865421760183,"Sample 1325 
              Patient: GTEX-ZZ64-0926-SM-5E44L 
              Expression: 4.258865421760183
            ",NORMAL
1326,42.16,4.529822843268855,"Sample 1326 
              Patient: GTEX-QMRM-1426-SM-4R1K8 
              Expression: 4.529822843268855
            ",NORMAL
1327,32.69,5.307738195015615,"Sample 1327 
              Patient: GTEX-12ZZZ-2026-SM-5LZWJ 
              Expression: 5.307738195015615
            ",NORMAL
1328,57.79,4.294951907064614,"Sample 1328 
              Patient: GTEX-132NY-2826-SM-5P9G2 
              Expression: 4.294951907064614
            ",NORMAL
1329,54.54,4.612415086438772,"Sample 1329 
              Patient: GTEX-111FC-2026-SM-5GZYO 
              Expression: 4.612415086438772
            ",NORMAL
1330,43.62,2.7483825156598103,"Sample 1330 
              Patient: GTEX-ZYFD-2526-SM-5E45L 
              Expression: 2.7483825156598103
            ",NORMAL
1331,24.3,5.229681605031788,"Sample 1331 
              Patient: GTEX-13G51-2326-SM-5LZXV 
              Expression: 5.229681605031788
            ",NORMAL
1332,34.16,4.352322908926732,"Sample 1332 
              Patient: GTEX-111CU-1526-SM-5N9FS 
              Expression: 4.352322908926732
            ",NORMAL
1333,29.71,4.013812351108297,"Sample 1333 
              Patient: GTEX-14C5O-2826-SM-5RQI6 
              Expression: 4.013812351108297
            ",NORMAL
1334,51.65,3.7234123416779594,"Sample 1334 
              Patient: GTEX-132QS-1126-SM-5P9GC 
              Expression: 3.7234123416779594
            ",NORMAL
1335,85.49,4.250483658340199,"Sample 1335 
              Patient: GTEX-ZUA1-2826-SM-59HLE 
              Expression: 4.250483658340199
            ",NORMAL
1336,57.01,4.121561242603977,"Sample 1336 
              Patient: GTEX-13FTW-1226-SM-5LZZ1 
              Expression: 4.121561242603977
            ",NORMAL
1337,32.84,5.470988813047529,"Sample 1337 
              Patient: GTEX-13N2G-1826-SM-5KM1I 
              Expression: 5.470988813047529
            ",NORMAL
1338,63.67,4.053287381775208,"Sample 1338 
              Patient: GTEX-WZTO-0926-SM-4PQZ3 
              Expression: 4.053287381775208
            ",NORMAL
1339,14.86,4.5026200009137725,"Sample 1339 
              Patient: GTEX-1477Z-2226-SM-5QGPG 
              Expression: 4.5026200009137725
            ",NORMAL
1340,59.9,3.1225863791978377,"Sample 1340 
              Patient: GTEX-11TUW-2126-SM-5GU7B 
              Expression: 3.1225863791978377
            ",NORMAL
1341,40.95,4.310180381910675,"Sample 1341 
              Patient: GTEX-139T6-1526-SM-5P9G6 
              Expression: 4.310180381910675
            ",NORMAL
1342,26.8,4.6005796147502505,"Sample 1342 
              Patient: GTEX-13111-1326-SM-5GCNO 
              Expression: 4.6005796147502505
            ",NORMAL
1343,48.49,3.595417654721355,"Sample 1343 
              Patient: GTEX-ZY6K-1526-SM-5GZXE 
              Expression: 3.595417654721355
            ",NORMAL
1344,11.9,4.240665950584675,"Sample 1344 
              Patient: GTEX-YFCO-1626-SM-4W1Z3 
              Expression: 4.240665950584675
            ",NORMAL
1345,52.17,3.6715316770839705,"Sample 1345 
              Patient: GTEX-145LT-0626-SM-5O99E 
              Expression: 3.6715316770839705
            ",NORMAL
1346,44.79,4.28114008335528,"Sample 1346 
              Patient: GTEX-14E6E-1126-SM-5S2R4 
              Expression: 4.28114008335528
            ",NORMAL
1347,26.9,3.7196709158338206,"Sample 1347 
              Patient: GTEX-12696-2226-SM-5EQ65 
              Expression: 3.7196709158338206
            ",NORMAL
1348,43.3,4.700113430844017,"Sample 1348 
              Patient: GTEX-11TT1-2026-SM-5EQM8 
              Expression: 4.700113430844017
            ",NORMAL
1349,37.59,4.448701775414807,"Sample 1349 
              Patient: GTEX-ZPU1-2026-SM-57WFI 
              Expression: 4.448701775414807
            ",NORMAL
1350,37.31,4.47122515565174,"Sample 1350 
              Patient: GTEX-Y8E4-2126-SM-5RQHO 
              Expression: 4.47122515565174
            ",NORMAL
1351,60.06,3.8807249071473726,"Sample 1351 
              Patient: GTEX-12C56-1326-SM-5FQSV 
              Expression: 3.8807249071473726
            ",NORMAL
1352,53.67,4.662680385958511,"Sample 1352 
              Patient: GTEX-11P7K-0626-SM-5985Z 
              Expression: 4.662680385958511
            ",NORMAL
1353,27.12,4.224799660130512,"Sample 1353 
              Patient: GTEX-YJ8A-1126-SM-5IFJU 
              Expression: 4.224799660130512
            ",NORMAL
1354,42.21,4.625259205717808,"Sample 1354 
              Patient: GTEX-1399T-1226-SM-5P9J5 
              Expression: 4.625259205717808
            ",NORMAL
1355,30.22,4.782477005733587,"Sample 1355 
              Patient: GTEX-ZTTD-2726-SM-57WFA 
              Expression: 4.782477005733587
            ",NORMAL
1356,6.95,5.141072997955784,"Sample 1356 
              Patient: GTEX-145LU-2126-SM-5Q5E9 
              Expression: 5.141072997955784
            ",NORMAL
1357,59.83,4.235953219272259,"Sample 1357 
              Patient: GTEX-11P82-1126-SM-5BC5K 
              Expression: 4.235953219272259
            ",NORMAL
1358,14.56,4.603039489833107,"Sample 1358 
              Patient: GTEX-13RTJ-2126-SM-5S2PZ 
              Expression: 4.603039489833107
            ",NORMAL
1359,50.38,4.381814703821549,"Sample 1359 
              Patient: GTEX-ZDYS-1226-SM-5IJF3 
              Expression: 4.381814703821549
            ",NORMAL
1360,38.35,4.964132707915425,"Sample 1360 
              Patient: GTEX-11ZUS-2126-SM-5N9E6 
              Expression: 4.964132707915425
            ",NORMAL
1361,41.13,3.8461283038228093,"Sample 1361 
              Patient: GTEX-WYJK-0626-SM-4ONCZ 
              Expression: 3.8461283038228093
            ",NORMAL
609,110.65,3.8509110918197007,"Sample 609 
              Patient: SAMEA4618852-1 
              Expression: 3.8509110918197007
            ",PRIMARY
610,111.08,3.8663972076043587,"Sample 610 
              Patient: SAMEA4618852-2 
              Expression: 3.8663972076043587
            ",PRIMARY
611,100.45,3.346286684975113,"Sample 611 
              Patient: SAMEA4618853-1 
              Expression: 3.346286684975113
            ",PRIMARY
612,100.62,3.3548577502776973,"Sample 612 
              Patient: SAMEA4618853-2 
              Expression: 3.3548577502776973
            ",PRIMARY
613,116.34,4.1195698855065706,"Sample 613 
              Patient: SAMEA4618854-1 
              Expression: 4.1195698855065706
            ",PRIMARY
614,116.72,4.223148096918684,"Sample 614 
              Patient: SAMEA4618854-2 
              Expression: 4.223148096918684
            ",PRIMARY
615,96.52,3.0584433407800464,"Sample 615 
              Patient: SAMEA4618855-1 
              Expression: 3.0584433407800464
            ",PRIMARY
616,96.24,3.0619173540129014,"Sample 616 
              Patient: SAMEA4618855-2 
              Expression: 3.0619173540129014
            ",PRIMARY
617,99.17,3.202873441480746,"Sample 617 
              Patient: SAMEA4618857-1 
              Expression: 3.202873441480746
            ",PRIMARY
618,99.19,3.2040053667698456,"Sample 618 
              Patient: SAMEA4618857-2 
              Expression: 3.2040053667698456
            ",PRIMARY
619,88,3.967411151603956,"Sample 619 
              Patient: SAMEA4618858-1 
              Expression: 3.967411151603956
            ",PRIMARY
620,87.8,3.9614203592413086,"Sample 620 
              Patient: SAMEA4618858-2 
              Expression: 3.9614203592413086
            ",PRIMARY
621,95.34,2.7094967185317222,"Sample 621 
              Patient: SAMEA4618859-1 
              Expression: 2.7094967185317222
            ",PRIMARY
622,95.65,2.717082953706785,"Sample 622 
              Patient: SAMEA4618859-2 
              Expression: 2.717082953706785
            ",PRIMARY
623,123.45,1.9803197688342327,"Sample 623 
              Patient: SAMEA4618860-1 
              Expression: 1.9803197688342327
            ",PRIMARY
624,124.86,2.0209233248673777,"Sample 624 
              Patient: SAMEA4618860-2 
              Expression: 2.0209233248673777
            ",PRIMARY
625,68.48,4.5635904219397645,"Sample 625 
              Patient: SAMEA4618861-1 
              Expression: 4.5635904219397645
            ",PRIMARY
626,69.04,4.593125719587486,"Sample 626 
              Patient: SAMEA4618861-2 
              Expression: 4.593125719587486
            ",PRIMARY
627,110.54,2.4290390109491744,"Sample 627 
              Patient: SAMEA4618862-1 
              Expression: 2.4290390109491744
            ",PRIMARY
628,111.13,2.4247843809477363,"Sample 628 
              Patient: SAMEA4618862-2 
              Expression: 2.4247843809477363
            ",PRIMARY
629,106.17,2.8010703810405557,"Sample 629 
              Patient: SAMEA4618863-1 
              Expression: 2.8010703810405557
            ",PRIMARY
630,106.56,2.794457507144398,"Sample 630 
              Patient: SAMEA4618863-2 
              Expression: 2.794457507144398
            ",PRIMARY
631,83.85,3.592954850542123,"Sample 631 
              Patient: SAMEA4618864-1 
              Expression: 3.592954850542123
            ",PRIMARY
632,83.08,3.589859525617025,"Sample 632 
              Patient: SAMEA4618864-2 
              Expression: 3.589859525617025
            ",PRIMARY
633,122.72,2.069260433715014,"Sample 633 
              Patient: SAMEA4618865-1 
              Expression: 2.069260433715014
            ",PRIMARY
634,123.64,2.079258803608171,"Sample 634 
              Patient: SAMEA4618865-2 
              Expression: 2.079258803608171
            ",PRIMARY
635,111.09,2.200277151042931,"Sample 635 
              Patient: SAMEA4618866-1 
              Expression: 2.200277151042931
            ",PRIMARY
636,111.72,2.198762727324951,"Sample 636 
              Patient: SAMEA4618866-2 
              Expression: 2.198762727324951
            ",PRIMARY
637,76.94,3.9550721654536187,"Sample 637 
              Patient: SAMEA4618867-1 
              Expression: 3.9550721654536187
            ",PRIMARY
638,76.31,3.940337487988566,"Sample 638 
              Patient: SAMEA4618867-2 
              Expression: 3.940337487988566
            ",PRIMARY
639,69.4,3.99001712943869,"Sample 639 
              Patient: SAMEA4618868-1 
              Expression: 3.99001712943869
            ",PRIMARY
640,68.7,3.995078468153264,"Sample 640 
              Patient: SAMEA4618868-2 
              Expression: 3.995078468153264
            ",PRIMARY
641,89,3.0237130820158247,"Sample 641 
              Patient: SAMEA4618869-1 
              Expression: 3.0237130820158247
            ",PRIMARY
642,88.74,3.039790338449373,"Sample 642 
              Patient: SAMEA4618869-2 
              Expression: 3.039790338449373
            ",PRIMARY
643,90.1,3.145151675184042,"Sample 643 
              Patient: SAMEA4618871-1 
              Expression: 3.145151675184042
            ",PRIMARY
644,90,3.16592600728483,"Sample 644 
              Patient: SAMEA4618871-2 
              Expression: 3.16592600728483
            ",PRIMARY
645,86.08,3.1635828533993937,"Sample 645 
              Patient: SAMEA4618872-1 
              Expression: 3.1635828533993937
            ",PRIMARY
646,85.4,3.1712483532794846,"Sample 646 
              Patient: SAMEA4618872-2 
              Expression: 3.1712483532794846
            ",PRIMARY
647,102.61,3.1820159285700718,"Sample 647 
              Patient: SAMEA4618873-1 
              Expression: 3.1820159285700718
            ",PRIMARY
648,103.23,3.1833061798853706,"Sample 648 
              Patient: SAMEA4618873-2 
              Expression: 3.1833061798853706
            ",PRIMARY
649,88.14,3.928600620570253,"Sample 649 
              Patient: SAMEA4618874-1 
              Expression: 3.928600620570253
            ",PRIMARY
650,88,3.942164360702835,"Sample 650 
              Patient: SAMEA4618874-2 
              Expression: 3.942164360702835
            ",PRIMARY
651,86.91,4.022858435653083,"Sample 651 
              Patient: SAMEA4618875-1 
              Expression: 4.022858435653083
            ",PRIMARY
652,86.28,4.025611983520295,"Sample 652 
              Patient: SAMEA4618875-2 
              Expression: 4.025611983520295
            ",PRIMARY
653,98.19,3.785713924415982,"Sample 653 
              Patient: SAMEA4618876-1 
              Expression: 3.785713924415982
            ",PRIMARY
654,98.16,3.78753367590642,"Sample 654 
              Patient: SAMEA4618876-2 
              Expression: 3.78753367590642
            ",PRIMARY
655,88.19,3.4375195784061403,"Sample 655 
              Patient: SAMEA4618877-1 
              Expression: 3.4375195784061403
            ",PRIMARY
656,88,3.4331214826781755,"Sample 656 
              Patient: SAMEA4618877-2 
              Expression: 3.4331214826781755
            ",PRIMARY
657,91.62,3.4567976141667676,"Sample 657 
              Patient: SAMEA4618878-1 
              Expression: 3.4567976141667676
            ",PRIMARY
658,91.29,3.45408592874385,"Sample 658 
              Patient: SAMEA4618878-2 
              Expression: 3.45408592874385
            ",PRIMARY
659,81.1,3.7211490062335364,"Sample 659 
              Patient: SAMEA4618879-1 
              Expression: 3.7211490062335364
            ",PRIMARY
660,80.04,3.739044662840894,"Sample 660 
              Patient: SAMEA4618879-2 
              Expression: 3.739044662840894
            ",PRIMARY
661,100.07,3.7131744296253157,"Sample 661 
              Patient: SAMEA4618880-1 
              Expression: 3.7131744296253157
            ",PRIMARY
662,100.42,3.69794422037327,"Sample 662 
              Patient: SAMEA4618880-2 
              Expression: 3.69794422037327
            ",PRIMARY
663,102.34,4.124011646227845,"Sample 663 
              Patient: SAMEA4618881-1 
              Expression: 4.124011646227845
            ",PRIMARY
664,102.68,4.199120971397052,"Sample 664 
              Patient: SAMEA4618881-2 
              Expression: 4.199120971397052
            ",PRIMARY
665,95.14,3.808293017493977,"Sample 665 
              Patient: SAMEA4618882-1 
              Expression: 3.808293017493977
            ",PRIMARY
666,95.22,3.8219992989045632,"Sample 666 
              Patient: SAMEA4618882-2 
              Expression: 3.8219992989045632
            ",PRIMARY
667,88.62,3.8268871111308993,"Sample 667 
              Patient: SAMEA4618883-1 
              Expression: 3.8268871111308993
            ",PRIMARY
668,88.32,3.8261368458648293,"Sample 668 
              Patient: SAMEA4618883-2 
              Expression: 3.8261368458648293
            ",PRIMARY
669,76.11,4.085597350275601,"Sample 669 
              Patient: SAMEA4618884-1 
              Expression: 4.085597350275601
            ",PRIMARY
670,75.54,4.072219579194373,"Sample 670 
              Patient: SAMEA4618884-2 
              Expression: 4.072219579194373
            ",PRIMARY
671,91.48,3.9850784711798086,"Sample 671 
              Patient: SAMEA4618885-1 
              Expression: 3.9850784711798086
            ",PRIMARY
672,91.29,3.9819579191215744,"Sample 672 
              Patient: SAMEA4618885-2 
              Expression: 3.9819579191215744
            ",PRIMARY
673,86.27,3.865205400668397,"Sample 673 
              Patient: SAMEA4618886-1 
              Expression: 3.865205400668397
            ",PRIMARY
674,86.23,3.8695471947770845,"Sample 674 
              Patient: SAMEA4618886-2 
              Expression: 3.8695471947770845
            ",PRIMARY
675,101.19,3.3419197710273814,"Sample 675 
              Patient: SAMEA4618887-1 
              Expression: 3.3419197710273814
            ",PRIMARY
676,101.11,3.3378264810960334,"Sample 676 
              Patient: SAMEA4618887-2 
              Expression: 3.3378264810960334
            ",PRIMARY
677,79,3.993405609824485,"Sample 677 
              Patient: SAMEA4618888-1 
              Expression: 3.993405609824485
            ",PRIMARY
678,78.4,3.9841146035259003,"Sample 678 
              Patient: SAMEA4618888-2 
              Expression: 3.9841146035259003
            ",PRIMARY
679,104.42,3.176004514266753,"Sample 679 
              Patient: SAMEA4618889-1 
              Expression: 3.176004514266753
            ",PRIMARY
680,104.89,3.1949582216625467,"Sample 680 
              Patient: SAMEA4618889-2 
              Expression: 3.1949582216625467
            ",PRIMARY
681,113.29,2.6016865619924134,"Sample 681 
              Patient: SAMEA4618890-1 
              Expression: 2.6016865619924134
            ",PRIMARY
682,114.17,2.6103567478575296,"Sample 682 
              Patient: SAMEA4618890-2 
              Expression: 2.6103567478575296
            ",PRIMARY
683,101.56,3.8050659482928744,"Sample 683 
              Patient: SAMEA4618891-1 
              Expression: 3.8050659482928744
            ",PRIMARY
684,101.4,3.7881580753596293,"Sample 684 
              Patient: SAMEA4618891-2 
              Expression: 3.7881580753596293
            ",PRIMARY
685,107.58,2.906590438032354,"Sample 685 
              Patient: SAMEA4618892-1 
              Expression: 2.906590438032354
            ",PRIMARY
686,108.46,2.9310749455126826,"Sample 686 
              Patient: SAMEA4618892-2 
              Expression: 2.9310749455126826
            ",PRIMARY
687,75.68,3.958124486959539,"Sample 687 
              Patient: SAMEA4618893-1 
              Expression: 3.958124486959539
            ",PRIMARY
688,75.04,3.9510504452565747,"Sample 688 
              Patient: SAMEA4618893-2 
              Expression: 3.9510504452565747
            ",PRIMARY
689,61.77,4.059628612868229,"Sample 689 
              Patient: SAMEA4618894-1 
              Expression: 4.059628612868229
            ",PRIMARY
690,60.44,4.07337093633959,"Sample 690 
              Patient: SAMEA4618894-2 
              Expression: 4.07337093633959
            ",PRIMARY
691,98.35,2.8562695396792654,"Sample 691 
              Patient: SAMEA4618895-1 
              Expression: 2.8562695396792654
            ",PRIMARY
692,98.35,2.850074382214438,"Sample 692 
              Patient: SAMEA4618895-2 
              Expression: 2.850074382214438
            ",PRIMARY
693,88.02,3.701405479375551,"Sample 693 
              Patient: SAMEA4618899-1 
              Expression: 3.701405479375551
            ",PRIMARY
694,87.89,3.6963477063705272,"Sample 694 
              Patient: SAMEA4618899-2 
              Expression: 3.6963477063705272
            ",PRIMARY
921,111.72,2.405614205867919,"Sample 921 
              Patient: N0_114T 
              Expression: 2.405614205867919
            ",PRIMARY
922,71.36,3.5345789743850315,"Sample 922 
              Patient: N0_138T 
              Expression: 3.5345789743850315
            ",PRIMARY
923,71.94,3.89255168715368,"Sample 923 
              Patient: N0_221T 
              Expression: 3.89255168715368
            ",PRIMARY
924,114.66,2.8433794325636903,"Sample 924 
              Patient: N0_206T 
              Expression: 2.8433794325636903
            ",PRIMARY
925,58.43,4.113331961298983,"Sample 925 
              Patient: N0_80T 
              Expression: 4.113331961298983
            ",PRIMARY
926,85.96,3.426652815574638,"Sample 926 
              Patient: N0_203T 
              Expression: 3.426652815574638
            ",PRIMARY
927,80.51,4.287797918398841,"Sample 927 
              Patient: N0_79T 
              Expression: 4.287797918398841
            ",PRIMARY
928,51.9,4.263031544637495,"Sample 928 
              Patient: N0_88T 
              Expression: 4.263031544637495
            ",PRIMARY
929,95.1,2.2856594851794845,"Sample 929 
              Patient: N0_85T 
              Expression: 2.2856594851794845
            ",PRIMARY
930,89.48,2.9425598938401785,"Sample 930 
              Patient: N0_102T 
              Expression: 2.9425598938401785
            ",PRIMARY
931,90.41,3.738643428186144,"Sample 931 
              Patient: N0_95T 
              Expression: 3.738643428186144
            ",PRIMARY
932,131.33,1.5620202054773467,"Sample 932 
              Patient: N0_109T 
              Expression: 1.5620202054773467
            ",PRIMARY
933,56.65,4.635340312668788,"Sample 933 
              Patient: N0_104T 
              Expression: 4.635340312668788
            ",PRIMARY
934,53.49,4.2656933785782485,"Sample 934 
              Patient: N0_4T 
              Expression: 4.2656933785782485
            ",PRIMARY
935,102.81,3.225688585718867,"Sample 935 
              Patient: N0_12T 
              Expression: 3.225688585718867
            ",PRIMARY
936,78.79,4.136001961537783,"Sample 936 
              Patient: N0_6T 
              Expression: 4.136001961537783
            ",PRIMARY
937,79.7,3.1766186662684364,"Sample 937 
              Patient: N0_63T 
              Expression: 3.1766186662684364
            ",PRIMARY
938,68.1,3.949561285972541,"Sample 938 
              Patient: N0_54T_r 
              Expression: 3.949561285972541
            ",PRIMARY
939,81.96,3.7639621131709644,"Sample 939 
              Patient: N0_74T 
              Expression: 3.7639621131709644
            ",PRIMARY
940,64.8,3.9299998275010752,"Sample 940 
              Patient: N0_70T 
              Expression: 3.9299998275010752
            ",PRIMARY
941,105.25,3.656203183294079,"Sample 941 
              Patient: N0_144T 
              Expression: 3.656203183294079
            ",PRIMARY
942,69.42,4.552886645399048,"Sample 942 
              Patient: N0_153T 
              Expression: 4.552886645399048
            ",PRIMARY
943,128.95,2.019049713932718,"Sample 943 
              Patient: N0_170T_r 
              Expression: 2.019049713932718
            ",PRIMARY
944,68.54,3.749183459533653,"Sample 944 
              Patient: N0_172T 
              Expression: 3.749183459533653
            ",PRIMARY
945,81.85,4.260985760433976,"Sample 945 
              Patient: N0_179T 
              Expression: 4.260985760433976
            ",PRIMARY
946,60.39,4.339506773892551,"Sample 946 
              Patient: N0_182T 
              Expression: 4.339506773892551
            ",PRIMARY
947,66.28,3.696893040282741,"Sample 947 
              Patient: N0_185T 
              Expression: 3.696893040282741
            ",PRIMARY
948,63.97,4.119222982289419,"Sample 948 
              Patient: N0_186T 
              Expression: 4.119222982289419
            ",PRIMARY
949,82.57,4.232221446894245,"Sample 949 
              Patient: N0_190T 
              Expression: 4.232221446894245
            ",PRIMARY
950,108.83,2.983610030476733,"Sample 950 
              Patient: N0_5T_r 
              Expression: 2.983610030476733
            ",PRIMARY
951,95.49,3.1894515443378806,"Sample 951 
              Patient: N0_143T 
              Expression: 3.1894515443378806
            ",PRIMARY
993,97.66,3.837322950088373,"Sample 993 
              Patient: GSM3409968 
              Expression: 3.837322950088373
            ",PRIMARY
994,97.94,4.0761888654088905,"Sample 994 
              Patient: GSM3409969 
              Expression: 4.0761888654088905
            ",PRIMARY
995,92.78,4.299474625099979,"Sample 995 
              Patient: GSM3409967 
              Expression: 4.299474625099979
            ",PRIMARY
996,91.87,4.808038485034847,"Sample 996 
              Patient: GSM3409966 
              Expression: 4.808038485034847
            ",PRIMARY
997,96.52,3.9425211789064276,"Sample 997 
              Patient: GSM3409970 
              Expression: 3.9425211789064276
            ",PRIMARY
998,81.71,4.342720248493456,"Sample 998 
              Patient: GSM3409972 
              Expression: 4.342720248493456
            ",PRIMARY
999,81.07,4.888677148329192,"Sample 999 
              Patient: GSM3409971 
              Expression: 4.888677148329192
            ",PRIMARY
1000,97.15,3.6769426324782457,"Sample 1000 
              Patient: GSM3409973 
              Expression: 3.6769426324782457
            ",PRIMARY
1001,105.63,4.654477158334185,"Sample 1001 
              Patient: GSM3409976 
              Expression: 4.654477158334185
            ",PRIMARY
1002,89.72,4.675675688827428,"Sample 1002 
              Patient: GSM3409975 
              Expression: 4.675675688827428
            ",PRIMARY
1003,85.36,3.4804029663437297,"Sample 1003 
              Patient: GSM3409977 
              Expression: 3.4804029663437297
            ",PRIMARY
1004,102.13,4.198804912159888,"Sample 1004 
              Patient: GSM3409978 
              Expression: 4.198804912159888
            ",PRIMARY
1005,121.67,3.6741215047434808,"Sample 1005 
              Patient: GSM3409979 
              Expression: 3.6741215047434808
            ",PRIMARY
1006,105.51,4.7644819298553776,"Sample 1006 
              Patient: GSM3409981 
              Expression: 4.7644819298553776
            ",PRIMARY
1007,103.52,3.592798913725857,"Sample 1007 
              Patient: GSM3409980 
              Expression: 3.592798913725857
            ",PRIMARY
1008,101.14,4.506257486545992,"Sample 1008 
              Patient: GSM3409984 
              Expression: 4.506257486545992
            ",PRIMARY
1009,124.7,2.176208714444172,"Sample 1009 
              Patient: GSM3409983 
              Expression: 2.176208714444172
            ",PRIMARY
1010,109.84,4.247251186510989,"Sample 1010 
              Patient: GSM3409982 
              Expression: 4.247251186510989
            ",PRIMARY
1011,93.17,4.368360675842484,"Sample 1011 
              Patient: GSM3409974 
              Expression: 4.368360675842484
            ",PRIMARY
1012,124.52,2.8179713371606394,"Sample 1012 
              Patient: GSM3409985 
              Expression: 2.8179713371606394
            ",PRIMARY
1013,108.71,3.5708849829201075,"Sample 1013 
              Patient: GSM3409986 
              Expression: 3.5708849829201075
            ",PRIMARY
1014,106.09,4.16419813277653,"Sample 1014 
              Patient: GSM3409988 
              Expression: 4.16419813277653
            ",PRIMARY
1015,109.22,3.6558451600116864,"Sample 1015 
              Patient: GSM3409987 
              Expression: 3.6558451600116864
            ",PRIMARY
1016,111.69,3.7076256320368897,"Sample 1016 
              Patient: GSM3409990 
              Expression: 3.7076256320368897
            ",PRIMARY
1017,67.91,4.223533095627386,"Sample 1017 
              Patient: GSM3409991 
              Expression: 4.223533095627386
            ",PRIMARY
1018,100.39,4.0456387759894765,"Sample 1018 
              Patient: GSM3409992 
              Expression: 4.0456387759894765
            ",PRIMARY
1019,125.78,2.699218264077681,"Sample 1019 
              Patient: GSM3409989 
              Expression: 2.699218264077681
            ",PRIMARY
1020,109.68,3.6064862347885693,"Sample 1020 
              Patient: GSM3409994 
              Expression: 3.6064862347885693
            ",PRIMARY
1021,54.88,4.727888458948134,"Sample 1021 
              Patient: GSM3409993 
              Expression: 4.727888458948134
            ",PRIMARY
1022,113.94,2.8128515687069813,"Sample 1022 
              Patient: GSM3409995 
              Expression: 2.8128515687069813
            ",PRIMARY
1023,119.77,3.6719322108007555,"Sample 1023 
              Patient: GSM3409998 
              Expression: 3.6719322108007555
            ",PRIMARY
1024,75.43,4.9678076235276185,"Sample 1024 
              Patient: GSM3409996 
              Expression: 4.9678076235276185
            ",PRIMARY
1025,88.4,4.858665612815625,"Sample 1025 
              Patient: GSM3409997 
              Expression: 4.858665612815625
            ",PRIMARY
1026,93.34,4.379667602648694,"Sample 1026 
              Patient: GSM3410000 
              Expression: 4.379667602648694
            ",PRIMARY
1027,118.82,4.445804854155887,"Sample 1027 
              Patient: GSM3409999 
              Expression: 4.445804854155887
            ",PRIMARY
1028,105.25,4.598580023236844,"Sample 1028 
              Patient: GSM3410001 
              Expression: 4.598580023236844
            ",PRIMARY
1029,116.26,3.25697555371847,"Sample 1029 
              Patient: GSM3410002 
              Expression: 3.25697555371847
            ",PRIMARY
1030,108.41,3.530110300460677,"Sample 1030 
              Patient: GSM3410003 
              Expression: 3.530110300460677
            ",PRIMARY
1031,99.24,3.6893431101130107,"Sample 1031 
              Patient: GSM3410004 
              Expression: 3.6893431101130107
            ",PRIMARY
1032,106.97,4.011077974806396,"Sample 1032 
              Patient: GSM3410005 
              Expression: 4.011077974806396
            ",PRIMARY
1033,83.89,3.861859980024597,"Sample 1033 
              Patient: GSM3410006 
              Expression: 3.861859980024597
            ",PRIMARY
1034,113.51,4.275064765776773,"Sample 1034 
              Patient: GSM3410009 
              Expression: 4.275064765776773
            ",PRIMARY
1035,103.68,3.4876288284925145,"Sample 1035 
              Patient: GSM3410007 
              Expression: 3.4876288284925145
            ",PRIMARY
1036,94.65,4.904848547238408,"Sample 1036 
              Patient: GSM3410008 
              Expression: 4.904848547238408
            ",PRIMARY
1037,123.68,3.281702964318982,"Sample 1037 
              Patient: GSM3410010 
              Expression: 3.281702964318982
            ",PRIMARY
1038,91.39,4.3754567947008285,"Sample 1038 
              Patient: GSM3410012 
              Expression: 4.3754567947008285
            ",PRIMARY
1039,110.43,4.237884413718474,"Sample 1039 
              Patient: GSM3410011 
              Expression: 4.237884413718474
            ",PRIMARY
1040,92.08,3.7815742430236083,"Sample 1040 
              Patient: GSM3410013 
              Expression: 3.7815742430236083
            ",PRIMARY
1041,91.75,3.642559612234962,"Sample 1041 
              Patient: GSM3410014 
              Expression: 3.642559612234962
            ",PRIMARY
1042,128.46,3.1566625122886656,"Sample 1042 
              Patient: GSM3410017 
              Expression: 3.1566625122886656
            ",PRIMARY
1043,117.43,3.4842927792553864,"Sample 1043 
              Patient: GSM3410015 
              Expression: 3.4842927792553864
            ",PRIMARY
1044,131.95,2.0014223340297947,"Sample 1044 
              Patient: GSM3410018 
              Expression: 2.0014223340297947
            ",PRIMARY
1045,76.28,3.750689443639569,"Sample 1045 
              Patient: GSM3410019 
              Expression: 3.750689443639569
            ",PRIMARY
1046,75.33,4.0864321405590305,"Sample 1046 
              Patient: GSM3410016 
              Expression: 4.0864321405590305
            ",PRIMARY
1047,115.16,4.047971107277007,"Sample 1047 
              Patient: GSM3410020 
              Expression: 4.047971107277007
            ",PRIMARY
1048,87.55,4.593330882564886,"Sample 1048 
              Patient: GSM3410022 
              Expression: 4.593330882564886
            ",PRIMARY
1049,91.15,4.791094541799371,"Sample 1049 
              Patient: GSM3410021 
              Expression: 4.791094541799371
            ",PRIMARY
1050,87.28,4.58696297993777,"Sample 1050 
              Patient: GSM3410023 
              Expression: 4.58696297993777
            ",PRIMARY
1051,104.32,4.080360542523613,"Sample 1051 
              Patient: GSM3410024 
              Expression: 4.080360542523613
            ",PRIMARY
1052,101.27,3.947294489362933,"Sample 1052 
              Patient: GSM3410025 
              Expression: 3.947294489362933
            ",PRIMARY
1053,115.6,4.152267239746875,"Sample 1053 
              Patient: GSM3410026 
              Expression: 4.152267239746875
            ",PRIMARY
1054,101.8,4.135121736038725,"Sample 1054 
              Patient: GSM3410028 
              Expression: 4.135121736038725
            ",PRIMARY
1055,97.2,3.313918170201699,"Sample 1055 
              Patient: GSM3410027 
              Expression: 3.313918170201699
            ",PRIMARY
1056,117.33,3.940095217738114,"Sample 1056 
              Patient: GSM3410029 
              Expression: 3.940095217738114
            ",PRIMARY
1057,79.11,4.3337362972571825,"Sample 1057 
              Patient: GSM3410030 
              Expression: 4.3337362972571825
            ",PRIMARY
1058,111.33,3.1223966061920763,"Sample 1058 
              Patient: GSM3410031 
              Expression: 3.1223966061920763
            ",PRIMARY
1059,101.32,3.4993353777803504,"Sample 1059 
              Patient: GSM3410032 
              Expression: 3.4993353777803504
            ",PRIMARY
1060,97.56,4.05416795162295,"Sample 1060 
              Patient: GSM3410034 
              Expression: 4.05416795162295
            ",PRIMARY
1061,93.8,4.490283160298695,"Sample 1061 
              Patient: GSM3410033 
              Expression: 4.490283160298695
            ",PRIMARY
1062,102.36,4.251032149094384,"Sample 1062 
              Patient: GSM3410035 
              Expression: 4.251032149094384
            ",PRIMARY
1063,106.99,4.8350162503394625,"Sample 1063 
              Patient: GSM3410036 
              Expression: 4.8350162503394625
            ",PRIMARY
1064,115.34,3.655446173771442,"Sample 1064 
              Patient: GSM3410039 
              Expression: 3.655446173771442
            ",PRIMARY
1065,86.03,4.857430231550524,"Sample 1065 
              Patient: GSM3410037 
              Expression: 4.857430231550524
            ",PRIMARY
1066,115.17,3.085907360701036,"Sample 1066 
              Patient: GSM3410041 
              Expression: 3.085907360701036
            ",PRIMARY
1067,89.98,4.367230699395706,"Sample 1067 
              Patient: GSM3410038 
              Expression: 4.367230699395706
            ",PRIMARY
1068,109.8,3.2333626347604407,"Sample 1068 
              Patient: GSM3410042 
              Expression: 3.2333626347604407
            ",PRIMARY
1069,103.52,4.234298954429491,"Sample 1069 
              Patient: GSM3410040 
              Expression: 4.234298954429491
            ",PRIMARY
1070,98.84,4.573636207952572,"Sample 1070 
              Patient: GSM3410043 
              Expression: 4.573636207952572
            ",PRIMARY
1071,134.67,3.995999987252098,"Sample 1071 
              Patient: GSM3410044 
              Expression: 3.995999987252098
            ",PRIMARY
1072,107.93,4.579574313659731,"Sample 1072 
              Patient: GSM3410045 
              Expression: 4.579574313659731
            ",PRIMARY
1073,110.72,3.102340837225141,"Sample 1073 
              Patient: GSM3410046 
              Expression: 3.102340837225141
            ",PRIMARY
1074,100.07,3.8547981895739163,"Sample 1074 
              Patient: GSM3410047 
              Expression: 3.8547981895739163
            ",PRIMARY
1075,125.48,2.820551627462037,"Sample 1075 
              Patient: GSM3410049 
              Expression: 2.820551627462037
            ",PRIMARY
1076,106.61,3.6936637506400496,"Sample 1076 
              Patient: GSM3410048 
              Expression: 3.6936637506400496
            ",PRIMARY
1077,104.3,3.354334896736436,"Sample 1077 
              Patient: GSM3410050 
              Expression: 3.354334896736436
            ",PRIMARY
1078,96.96,3.8494924873673058,"Sample 1078 
              Patient: GSM3410051 
              Expression: 3.8494924873673058
            ",PRIMARY
1079,110.92,3.5272436400698846,"Sample 1079 
              Patient: GSM3410052 
              Expression: 3.5272436400698846
            ",PRIMARY
1080,124.98,3.078613385038263,"Sample 1080 
              Patient: GSM3410053 
              Expression: 3.078613385038263
            ",PRIMARY
1081,81.06,4.48466089668381,"Sample 1081 
              Patient: GSM3410055 
              Expression: 4.48466089668381
            ",PRIMARY
1082,135.97,2.7357265521819403,"Sample 1082 
              Patient: GSM3410054 
              Expression: 2.7357265521819403
            ",PRIMARY
1083,100.05,3.9901142273515937,"Sample 1083 
              Patient: GSM3410056 
              Expression: 3.9901142273515937
            ",PRIMARY
1084,114.15,3.611960781680719,"Sample 1084 
              Patient: GSM3410057 
              Expression: 3.611960781680719
            ",PRIMARY
11,186.33,1.6327570047067257,"Sample 11 
              Patient: DTB-188-BL 
              Expression: 1.6327570047067257
            ",mCRPC
13,204.19,3.5451585499745897,"Sample 13 
              Patient: DTB-194-PRO 
              Expression: 3.5451585499745897
            ",mCRPC
16,165.64,1.7296279202100378,"Sample 16 
              Patient: DTB-187-BL 
              Expression: 1.7296279202100378
            ",mCRPC
17,207.04,3.3239740510887077,"Sample 17 
              Patient: DTB-135-PRO 
              Expression: 3.3239740510887077
            ",mCRPC
18,176.36,3.198592241060967,"Sample 18 
              Patient: DTB-232-PRO 
              Expression: 3.198592241060967
            ",mCRPC
23,170.81,2.5899632230616074,"Sample 23 
              Patient: DTB-092-BL 
              Expression: 2.5899632230616074
            ",mCRPC
25,195.62,4.145835942938214,"Sample 25 
              Patient: DTB-074-BL 
              Expression: 4.145835942938214
            ",mCRPC
34,178.68,1.8492471401291795,"Sample 34 
              Patient: DTB-175-BL 
              Expression: 1.8492471401291795
            ",mCRPC
42,183.13,0,"Sample 42 
              Patient: DTB-024-PRO 
              Expression: 0
            ",mCRPC
55,188.06,1.5693336732807044,"Sample 55 
              Patient: DTB-037-BL 
              Expression: 1.5693336732807044
            ",mCRPC
60,170.81,2.1954183020209173,"Sample 60 
              Patient: DTB-251-BL 
              Expression: 2.1954183020209173
            ",mCRPC
66,170.81,0.7540038523489041,"Sample 66 
              Patient: DTB-035-BL 
              Expression: 0.7540038523489041
            ",mCRPC
78,170.85,3.0924675335927683,"Sample 78 
              Patient: DTB-080-BL 
              Expression: 3.0924675335927683
            ",mCRPC
83,178.32,0,"Sample 83 
              Patient: DTB-071-BL 
              Expression: 0
            ",mCRPC
92,177.71,2.013945084877725,"Sample 92 
              Patient: DTB-098-PRO2 
              Expression: 2.013945084877725
            ",mCRPC
95,176.46,2.6567503345898813,"Sample 95 
              Patient: DTB-018-BL 
              Expression: 2.6567503345898813
            ",mCRPC
106,182.62,0.8519344186711298,"Sample 106 
              Patient: DTB-067-PRO 
              Expression: 0.8519344186711298
            ",mCRPC
107,184.08,2.238840844558873,"Sample 107 
              Patient: DTB-214-BL 
              Expression: 2.238840844558873
            ",mCRPC
111,193.89,2.8576095021131653,"Sample 111 
              Patient: DTB-137-PRO 
              Expression: 2.8576095021131653
            ",mCRPC
122,182.1,0.8829679117586948,"Sample 122 
              Patient: DTB-055-PRO 
              Expression: 0.8829679117586948
            ",mCRPC
125,171.12,0.37586984235768506,"Sample 125 
              Patient: DTB-170-BL 
              Expression: 0.37586984235768506
            ",mCRPC
126,172.08,2.314694778587712,"Sample 126 
              Patient: DTB-022-BL 
              Expression: 2.314694778587712
            ",mCRPC
136,170.18,1.9184216904829003,"Sample 136 
              Patient: DTB-143-BL 
              Expression: 1.9184216904829003
            ",mCRPC
146,173.29,1.6403094614201805,"Sample 146 
              Patient: DTB-129-BL 
              Expression: 1.6403094614201805
            ",mCRPC
163,191.5,0,"Sample 163 
              Patient: DTB-059-BL 
              Expression: 0
            ",mCRPC
173,171.59,2.384269877584687,"Sample 173 
              Patient: DTB-104-BL 
              Expression: 2.384269877584687
            ",mCRPC
180,178.6,4.54464920143823,"Sample 180 
              Patient: DTB-266-BL 
              Expression: 4.54464920143823
            ",mCRPC
182,178.78,0.8060064188687239,"Sample 182 
              Patient: DTB-091-BL 
              Expression: 0.8060064188687239
            ",mCRPC
200,177.71,2.6953525774010405,"Sample 200 
              Patient: DTB-112-BL 
              Expression: 2.6953525774010405
            ",mCRPC
209,181.16,3.4132610195746613,"Sample 209 
              Patient: DTB-159-BL 
              Expression: 3.4132610195746613
            ",mCRPC
211,172.53,1.0907129511321485,"Sample 211 
              Patient: DTB-077-PRO 
              Expression: 1.0907129511321485
            ",mCRPC
213,172.53,2.0027680763503977,"Sample 213 
              Patient: DTB-149-BL 
              Expression: 2.0027680763503977
            ",mCRPC
215,201.9,2.532531197704764,"Sample 215 
              Patient: DTB-097-PRO 
              Expression: 2.532531197704764
            ",mCRPC
218,179.07,0.8851426019161505,"Sample 218 
              Patient: DTB-069-BL 
              Expression: 0.8851426019161505
            ",mCRPC
221,181.74,2.044018281458353,"Sample 221 
              Patient: DTB-085-BL 
              Expression: 2.044018281458353
            ",mCRPC
224,174.26,0.49805396599687735,"Sample 224 
              Patient: DTB-220-BL 
              Expression: 0.49805396599687735
            ",mCRPC
234,201.32,1.04293285354906,"Sample 234 
              Patient: DTB-036-BL 
              Expression: 1.04293285354906
            ",mCRPC
238,175.9,1.0339568079533856,"Sample 238 
              Patient: DTB-172-BL 
              Expression: 1.0339568079533856
            ",mCRPC
264,172.53,1.3279146129616597,"Sample 264 
              Patient: DTB-119-PRO 
              Expression: 1.3279146129616597
            ",mCRPC
268,177.41,3.096315035541964,"Sample 268 
              Patient: DTB-258-BL 
              Expression: 3.096315035541964
            ",mCRPC
282,174.31,0.6512698659372039,"Sample 282 
              Patient: DTB-173-BL 
              Expression: 0.6512698659372039
            ",mCRPC
284,173.02,0.8274876992306762,"Sample 284 
              Patient: DTB-020-BL 
              Expression: 0.8274876992306762
            ",mCRPC
286,175.42,0.11176981005072158,"Sample 286 
              Patient: DTB-176-BL 
              Expression: 0.11176981005072158
            ",mCRPC
287,175.97,4.43896328239831,"Sample 287 
              Patient: DTB-090-PRO 
              Expression: 4.43896328239831
            ",mCRPC
288,174.26,2.359406205914649,"Sample 288 
              Patient: DTB-222-BL 
              Expression: 2.359406205914649
            ",mCRPC
299,174.26,0,"Sample 299 
              Patient: DTB-060-BL 
              Expression: 0
            ",mCRPC
302,169.08,0.8628339070438835,"Sample 302 
              Patient: DTB-186-BL 
              Expression: 0.8628339070438835
            ",mCRPC
308,190.37,1.5538425747202218,"Sample 308 
              Patient: DTB-202-BL 
              Expression: 1.5538425747202218
            ",mCRPC
309,181.16,1.089060342755904,"Sample 309 
              Patient: DTB-124-BL 
              Expression: 1.089060342755904
            ",mCRPC
313,170.81,2.952088148737009,"Sample 313 
              Patient: DTB-255-BL 
              Expression: 2.952088148737009
            ",mCRPC
331,175.98,0,"Sample 331 
              Patient: DTB-034-BL 
              Expression: 0
            ",mCRPC
332,175.98,3.136167124326215,"Sample 332 
              Patient: DTB-140-BL 
              Expression: 3.136167124326215
            ",mCRPC
341,180.13,1.0594617760070497,"Sample 341 
              Patient: DTB-265-PRO 
              Expression: 1.0594617760070497
            ",mCRPC
342,174.46,1.3798726178022043,"Sample 342 
              Patient: DTB-094-BL 
              Expression: 1.3798726178022043
            ",mCRPC
344,173.55,1.8470508161477197,"Sample 344 
              Patient: DTB-260-BL 
              Expression: 1.8470508161477197
            ",mCRPC
354,172.4,1.7979833722225222,"Sample 354 
              Patient: DTB-064-BL 
              Expression: 1.7979833722225222
            ",mCRPC
368,175.62,0.7316831179604311,"Sample 368 
              Patient: DTB-127-PRO 
              Expression: 0.7316831179604311
            ",mCRPC
371,172.53,1.4318651206376105,"Sample 371 
              Patient: DTB-146-BL 
              Expression: 1.4318651206376105
            ",mCRPC
385,169.08,3.137759973452866,"Sample 385 
              Patient: DTB-234-BL 
              Expression: 3.137759973452866
            ",mCRPC
398,171.76,1.1041295740644494,"Sample 398 
              Patient: DTB-101-BL 
              Expression: 1.1041295740644494
            ",mCRPC
400,179.23,0.5857295499356159,"Sample 400 
              Patient: DTB-210-BL 
              Expression: 0.5857295499356159
            ",mCRPC
405,170.94,1.106160616953842,"Sample 405 
              Patient: DTB-204-BL 
              Expression: 1.106160616953842
            ",mCRPC
406,166.5,2.5893751851665234,"Sample 406 
              Patient: DTB-201-PRO 
              Expression: 2.5893751851665234
            ",mCRPC
429,181.29,2.011115007465938,"Sample 429 
              Patient: DTB-009-BL 
              Expression: 2.011115007465938
            ",mCRPC
441,175.98,2.0935179260664634,"Sample 441 
              Patient: DTB-089-BL 
              Expression: 2.0935179260664634
            ",mCRPC
443,163.91,2.77588905300405,"Sample 443 
              Patient: DTB-252-BL 
              Expression: 2.77588905300405
            ",mCRPC
444,176.21,2.303575632970602,"Sample 444 
              Patient: DTB-190-BL 
              Expression: 2.303575632970602
            ",mCRPC
451,177.51,0.7202004442152774,"Sample 451 
              Patient: DTB-213-BL 
              Expression: 0.7202004442152774
            ",mCRPC
459,172.53,1.7153583068692393,"Sample 459 
              Patient: DTB-132-BL 
              Expression: 1.7153583068692393
            ",mCRPC
472,174.37,3.3032575583364703,"Sample 472 
              Patient: DTB-011-BL 
              Expression: 3.3032575583364703
            ",mCRPC
473,174.26,2.3997039610482442,"Sample 473 
              Patient: DTB-111-PRO 
              Expression: 2.3997039610482442
            ",mCRPC
486,172.31,1.9645112667015519,"Sample 486 
              Patient: DTB-023-BL 
              Expression: 1.9645112667015519
            ",mCRPC
491,172.69,2.4988440721880267,"Sample 491 
              Patient: DTB-141-BL 
              Expression: 2.4988440721880267
            ",mCRPC
492,212.66,0,"Sample 492 
              Patient: DTB-061-BL 
              Expression: 0
            ",mCRPC
500,161.75,3.1841704057846125,"Sample 500 
              Patient: DTB-151-BL 
              Expression: 3.1841704057846125
            ",mCRPC
506,179.36,0.3033346982186021,"Sample 506 
              Patient: DTB-167-PRO 
              Expression: 0.3033346982186021
            ",mCRPC
508,186.87,2.675774601608103,"Sample 508 
              Patient: DTB-005-BL 
              Expression: 2.675774601608103
            ",mCRPC
521,174.98,2.7540375367306926,"Sample 521 
              Patient: DTB-261-BL 
              Expression: 2.7540375367306926
            ",mCRPC
522,199.55,3.656494151163436,"Sample 522 
              Patient: DTB-008-BL 
              Expression: 3.656494151163436
            ",mCRPC
528,183.82,1.3238494874061146,"Sample 528 
              Patient: DTB-053-BL 
              Expression: 1.3238494874061146
            ",mCRPC
536,174.26,3.709338544666717,"Sample 536 
              Patient: DTB-019-PRO 
              Expression: 3.709338544666717
            ",mCRPC
538,169.08,1.5667995951852183,"Sample 538 
              Patient: DTB-206-BL 
              Expression: 1.5667995951852183
            ",mCRPC
542,192.99,1.0634094776999692,"Sample 542 
              Patient: DTB-021-BL 
              Expression: 1.0634094776999692
            ",mCRPC
544,172.53,0.49729020700823967,"Sample 544 
              Patient: DTB-128-BL 
              Expression: 0.49729020700823967
            ",mCRPC
545,203.01,4.56446113294372,"Sample 545 
              Patient: DTB-040-BL 
              Expression: 4.56446113294372
            ",mCRPC
546,176.16,1.368374635693846,"Sample 546 
              Patient: DTB-138-BL 
              Expression: 1.368374635693846
            ",mCRPC
563,177.71,0.21340897740945117,"Sample 563 
              Patient: DTB-183-BL 
              Expression: 0.21340897740945117
            ",mCRPC
566,197.42,1.30935314691537,"Sample 566 
              Patient: DTB-003-BL 
              Expression: 1.30935314691537
            ",mCRPC
570,202.85,0.30141082916650536,"Sample 570 
              Patient: DTB-205-BL 
              Expression: 0.30141082916650536
            ",mCRPC
572,166.99,3.392817547017182,"Sample 572 
              Patient: DTB-223-BL 
              Expression: 3.392817547017182
            ",mCRPC
579,193.23,4.295975211925866,"Sample 579 
              Patient: DTB-216-PRO 
              Expression: 4.295975211925866
            ",mCRPC
592,173.55,1.4134311183780066,"Sample 592 
              Patient: DTB-083-BL 
              Expression: 1.4134311183780066
            ",mCRPC
594,186.32,4.357684079303988,"Sample 594 
              Patient: DTB-126-BL 
              Expression: 4.357684079303988
            ",mCRPC
595,175.98,1.0421185715470387,"Sample 595 
              Patient: DTB-165-PRO 
              Expression: 1.0421185715470387
            ",mCRPC
596,193.5,1.9260887199401824,"Sample 596 
              Patient: DTB-042-BL 
              Expression: 1.9260887199401824
            ",mCRPC
599,169.34,2.5579149192023345,"Sample 599 
              Patient: SAMEA4618845-1 
              Expression: 2.5579149192023345
            ",mCRPC
600,169.75,2.5462228187221814,"Sample 600 
              Patient: SAMEA4618845-2 
              Expression: 2.5462228187221814
            ",mCRPC
601,169.79,2.6179793190740215,"Sample 601 
              Patient: SAMEA4618846-1 
              Expression: 2.6179793190740215
            ",mCRPC
602,178.41,2.6257556801650503,"Sample 602 
              Patient: SAMEA4618846-2 
              Expression: 2.6257556801650503
            ",mCRPC
603,158.23,2.2384788951719345,"Sample 603 
              Patient: SAMEA4618847-1 
              Expression: 2.2384788951719345
            ",mCRPC
604,159.05,2.207120912174254,"Sample 604 
              Patient: SAMEA4618847-2 
              Expression: 2.207120912174254
            ",mCRPC
605,154.85,3.0937430959387964,"Sample 605 
              Patient: SAMEA4618848-1 
              Expression: 3.0937430959387964
            ",mCRPC
606,155.84,3.1836982439769885,"Sample 606 
              Patient: SAMEA4618848-2 
              Expression: 3.1836982439769885
            ",mCRPC
607,75.04,3.478183661764793,"Sample 607 
              Patient: SAMEA4618849-1 
              Expression: 3.478183661764793
            ",mCRPC
608,76.81,3.544321235688741,"Sample 608 
              Patient: SAMEA4618849-2 
              Expression: 3.544321235688741
            ",mCRPC
699,182.24,3.0661765921395814,"Sample 699 
              Patient: DTB-102-PRO 
              Expression: 3.0661765921395814
            ",mCRPC
734,179.04,0.7348535348816728,"Sample 734 
              Patient: DTB-100-BL 
              Expression: 0.7348535348816728
            ",mCRPC
744,189.78,1.474917215662352,"Sample 744 
              Patient: DTB-156-BL 
              Expression: 1.474917215662352
            ",mCRPC
747,168.08,1.6572722807761486,"Sample 747 
              Patient: DTB-121-BL 
              Expression: 1.6572722807761486
            ",mCRPC
748,205.25,1.3867860561250753,"Sample 748 
              Patient: 06115014-T-C-1_SI_4539 
              Expression: 1.3867860561250753
            ",mCRPC
749,222.45,2.0889584511455106,"Sample 749 
              Patient: 06115013-T-C-2_SI_4538 
              Expression: 2.0889584511455106
            ",mCRPC
750,218.24,3.3892680783307387,"Sample 750 
              Patient: 05115359-T-A-1_SI_9074 
              Expression: 3.3892680783307387
            ",mCRPC
751,168.67,1.4622167111078404,"Sample 751 
              Patient: 05115327-T-A-1_SI_8527 
              Expression: 1.4622167111078404
            ",mCRPC
752,220.27,3.0290927249580584,"Sample 752 
              Patient: 05115291-T-C-1_SI_8408 
              Expression: 3.0290927249580584
            ",mCRPC
753,161.4,2.1508289436732815,"Sample 753 
              Patient: 05115290-T-A-1_SI_8296 
              Expression: 2.1508289436732815
            ",mCRPC
754,214.45,2.711658993523462,"Sample 754 
              Patient: 05115276-T-A-1_SI_8407 
              Expression: 2.711658993523462
            ",mCRPC
755,179.75,1.4270430258831366,"Sample 755 
              Patient: 05115261-T-A-2_SI_7590 
              Expression: 1.4270430258831366
            ",mCRPC
756,176.65,2.4446975650867455,"Sample 756 
              Patient: 05115260-T-A-1_SI_8256 
              Expression: 2.4446975650867455
            ",mCRPC
757,186.32,2.6859022453543235,"Sample 757 
              Patient: 05115259-T-C-2_SI_6554 
              Expression: 2.6859022453543235
            ",mCRPC
758,223.57,0.7608800053458131,"Sample 758 
              Patient: 05115258-T-A-4_SI_6061 
              Expression: 0.7608800053458131
            ",mCRPC
759,170.81,2.2041126126058663,"Sample 759 
              Patient: 05115256-T-C-2_SI_7956 
              Expression: 2.2041126126058663
            ",mCRPC
760,196.96,2.5799853171160847,"Sample 760 
              Patient: 05115254-T-A-1_SI_7821 
              Expression: 2.5799853171160847
            ",mCRPC
761,196.69,1.8658314912697107,"Sample 761 
              Patient: 05115203-T-A-1_SI_7068-1 
              Expression: 1.8658314912697107
            ",mCRPC
762,196.69,1.9233818925766322,"Sample 762 
              Patient: 05115203-T-A-1_SI_7068-2 
              Expression: 1.9233818925766322
            ",mCRPC
763,185.6,1.6846077787885874,"Sample 763 
              Patient: 05115255-T-A-2_SI_8294 
              Expression: 1.6846077787885874
            ",mCRPC
764,182.56,3.3602495419053735,"Sample 764 
              Patient: 05115197-T-A-1_SI_7237 
              Expression: 3.3602495419053735
            ",mCRPC
765,189.78,1.0662617925052873,"Sample 765 
              Patient: 05115196-T-A-1_SI_7233 
              Expression: 1.0662617925052873
            ",mCRPC
766,221.52,3.675323331987816,"Sample 766 
              Patient: 05115195-T-A-1_SI_7118 
              Expression: 3.675323331987816
            ",mCRPC
767,185.28,1.5481855321534244,"Sample 767 
              Patient: 05115194-T-A-1_SI_7070-1 
              Expression: 1.5481855321534244
            ",mCRPC
768,185.1,1.5787389370749612,"Sample 768 
              Patient: 05115194-T-A-1_SI_7070-2 
              Expression: 1.5787389370749612
            ",mCRPC
769,188.55,2.128589139356799,"Sample 769 
              Patient: 05115193-T-A-1_SI_7585 
              Expression: 2.128589139356799
            ",mCRPC
770,165.31,1.3449785909727214,"Sample 770 
              Patient: 05115187-T-A-1_SI_7398 
              Expression: 1.3449785909727214
            ",mCRPC
771,185.28,2.0660753162256715,"Sample 771 
              Patient: 05115186-T-A-2_SI_6848 
              Expression: 2.0660753162256715
            ",mCRPC
772,190.81,0.8822982294891886,"Sample 772 
              Patient: 05115160-T-A-1_SI_7203 
              Expression: 0.8822982294891886
            ",mCRPC
773,222.72,0.9632869468639194,"Sample 773 
              Patient: 05115158-T-B-1_SI_7010 
              Expression: 0.9632869468639194
            ",mCRPC
774,198,2.502377994589656,"Sample 774 
              Patient: 05115130-T-A-1_SI_6695 
              Expression: 2.502377994589656
            ",mCRPC
775,213.46,2.761920818881076,"Sample 775 
              Patient: 05115129-T-A-1_SI_6690 
              Expression: 2.761920818881076
            ",mCRPC
776,161.25,2.145563153712691,"Sample 776 
              Patient: 05115128-T-A-1_SI_6851 
              Expression: 2.145563153712691
            ",mCRPC
777,190.66,1.806175473852423,"Sample 777 
              Patient: 05115127-T-A-1_SI_6321 
              Expression: 1.806175473852423
            ",mCRPC
778,180.47,2.3054669063211968,"Sample 778 
              Patient: 05115078-T-C-1_SI_6325 
              Expression: 2.3054669063211968
            ",mCRPC
779,192.28,2.1721717938618914,"Sample 779 
              Patient: 05115075-T-A-1_SI_6209 
              Expression: 2.1721717938618914
            ",mCRPC
780,179.43,1.6042952411584674,"Sample 780 
              Patient: 05115073-T-C-1_SI_6059 
              Expression: 1.6042952411584674
            ",mCRPC
781,196.25,2.977961110038377,"Sample 781 
              Patient: 05115058-T-A-1_SI_6271 
              Expression: 2.977961110038377
            ",mCRPC
782,182.64,1.950060760448699,"Sample 782 
              Patient: 05115057-T-A-2_SI_5873 
              Expression: 1.950060760448699
            ",mCRPC
783,217.89,2.912777644665312,"Sample 783 
              Patient: 05115034-T-A-1_SI_5924 
              Expression: 2.912777644665312
            ",mCRPC
784,182.28,4.126902994640782,"Sample 784 
              Patient: 05115033-T-A-1_SI_5668 
              Expression: 4.126902994640782
            ",mCRPC
785,223.96,1.5351860529210675,"Sample 785 
              Patient: 05115031-T-C-1_SI_5594 
              Expression: 1.5351860529210675
            ",mCRPC
786,190.36,2.0506234134226102,"Sample 786 
              Patient: 05115032-T-A-2_SI_5665 
              Expression: 2.0506234134226102
            ",mCRPC
787,189.83,0.5319440950664753,"Sample 787 
              Patient: 05115030-T-A-1_SI_5551 
              Expression: 0.5319440950664753
            ",mCRPC
788,218.81,2.09552000000805,"Sample 788 
              Patient: 05115029-T-A-1_SI_5410 
              Expression: 2.09552000000805
            ",mCRPC
789,63.48,3.428500478658395,"Sample 789 
              Patient: 05115028-T-A-1_SI_5258 
              Expression: 3.428500478658395
            ",mCRPC
790,142.32,2.2177989083802516,"Sample 790 
              Patient: 05115027-T-A-2_SI_5092 
              Expression: 2.2177989083802516
            ",mCRPC
791,153.09,2.170937738782192,"Sample 791 
              Patient: 05115026-T-A-1_SI_4966 
              Expression: 2.170937738782192
            ",mCRPC
792,228.75,2.9798456991618427,"Sample 792 
              Patient: 05115024-T-A-1_SI_4737 
              Expression: 2.9798456991618427
            ",mCRPC
793,237.38,1.2797856407815411,"Sample 793 
              Patient: WCMC155_1_N_RNA_Tumor 
              Expression: 1.2797856407815411
            ",mCRPC
794,183.39,0.801096304030217,"Sample 794 
              Patient: WCMC188_1_C_RNA_Tumor 
              Expression: 0.801096304030217
            ",mCRPC
795,241.67,3.7574396919400272,"Sample 795 
              Patient: WCMC192_1_N_RNA_Tumor 
              Expression: 3.7574396919400272
            ",mCRPC
796,80.74,3.757230935394861,"Sample 796 
              Patient: WCMC187_1_C_RNA_Tumor 
              Expression: 3.757230935394861
            ",mCRPC
797,220.15,0.5217898568534277,"Sample 797 
              Patient: WCMC0_10_N_RNA_Tumor 
              Expression: 0.5217898568534277
            ",mCRPC
798,230.04,1.465983279977504,"Sample 798 
              Patient: WCMC0_9_N_RNA_Tumor 
              Expression: 1.465983279977504
            ",mCRPC
799,214.18,1.5093292053842793,"Sample 799 
              Patient: WCMC212_1_N_RNA_Tumor 
              Expression: 1.5093292053842793
            ",mCRPC
800,226.69,0.9747831280858837,"Sample 800 
              Patient: WCMC0_1_N_RNA_Tumor 
              Expression: 0.9747831280858837
            ",mCRPC
801,216.81,2.5337857326279822,"Sample 801 
              Patient: WCMC159_6_C_RNA_Tumor 
              Expression: 2.5337857326279822
            ",mCRPC
802,227.32,0.9701430719052242,"Sample 802 
              Patient: WCMC0_6_N_RNA_Tumor 
              Expression: 0.9701430719052242
            ",mCRPC
803,195.02,0.4872463336311701,"Sample 803 
              Patient: WCMC139_1_C_RNA_Tumor 
              Expression: 0.4872463336311701
            ",mCRPC
804,169.75,2.0829671498669735,"Sample 804 
              Patient: WCMC63_1_C_RNA_Tumor 
              Expression: 2.0829671498669735
            ",mCRPC
805,181.16,1.4621744185352707,"Sample 805 
              Patient: WCMC119_1_C_RNA_Tumor 
              Expression: 1.4621744185352707
            ",mCRPC
806,68.27,3.44211150647344,"Sample 806 
              Patient: WCMC11_1_C_RNA_Tumor 
              Expression: 3.44211150647344
            ",mCRPC
807,51.29,3.0960586572386712,"Sample 807 
              Patient: WCMC4_1_C_RNA_Tumor 
              Expression: 3.0960586572386712
            ",mCRPC
808,225.74,3.796679073709675,"Sample 808 
              Patient: WCMC170_1_C_RNA_Tumor 
              Expression: 3.796679073709675
            ",mCRPC
809,205.31,3.506336415264624,"Sample 809 
              Patient: WCMC90_5_C_RNA_Tumor 
              Expression: 3.506336415264624
            ",mCRPC
810,215.25,2.7678361053050953,"Sample 810 
              Patient: WCMC90_3_C_RNA_Tumor 
              Expression: 2.7678361053050953
            ",mCRPC
811,223.42,3.054495709497915,"Sample 811 
              Patient: WCMC90_1_C_RNA_Tumor 
              Expression: 3.054495709497915
            ",mCRPC
812,181.77,1.2386488719184277,"Sample 812 
              Patient: WCMC195_1_C_RNA_Tumor 
              Expression: 1.2386488719184277
            ",mCRPC
813,215.86,3.608092074590767,"Sample 813 
              Patient: WCMC158_1_C_RNA_Tumor 
              Expression: 3.608092074590767
            ",mCRPC
814,224.57,1.2814960304300897,"Sample 814 
              Patient: WCMC12_2_N_RNA_Tumor 
              Expression: 1.2814960304300897
            ",mCRPC
815,240.88,1.673223765473531,"Sample 815 
              Patient: WCMC169_1_C_RNA_Tumor 
              Expression: 1.673223765473531
            ",mCRPC
816,188.06,1.2566147511073376,"Sample 816 
              Patient: WCMC161_1_C_RNA_Tumor 
              Expression: 1.2566147511073376
            ",mCRPC
817,219.43,3.0803780901528963,"Sample 817 
              Patient: WCMC9_2_C_RNA_Tumor 
              Expression: 3.0803780901528963
            ",mCRPC
818,199.82,4.1173976474876985,"Sample 818 
              Patient: WCMC2_1_C_RNA_Tumor 
              Expression: 4.1173976474876985
            ",mCRPC
819,203.9,1.124983790147945,"Sample 819 
              Patient: WCMC159_2_C_RNA_Tumor 
              Expression: 1.124983790147945
            ",mCRPC
820,224.67,3.5286518697110623,"Sample 820 
              Patient: WCMC189_1_C_RNA_Tumor 
              Expression: 3.5286518697110623
            ",mCRPC
821,200.14,1.1855514014070523,"Sample 821 
              Patient: WCMC159_3_C_RNA_Tumor 
              Expression: 1.1855514014070523
            ",mCRPC
822,187.85,2.682215300604426,"Sample 822 
              Patient: WCMC91_1_C_RNA_Tumor 
              Expression: 2.682215300604426
            ",mCRPC
823,222.31,3.2019018519157427,"Sample 823 
              Patient: WCMC14_1_C_RNA_Tumor 
              Expression: 3.2019018519157427
            ",mCRPC
824,197.32,0.5274464566268928,"Sample 824 
              Patient: WCMC59_1_C_RNA_Tumor 
              Expression: 0.5274464566268928
            ",mCRPC
825,167.07,2.503792968757498,"Sample 825 
              Patient: WCMC89_1_C_RNA_Tumor 
              Expression: 2.503792968757498
            ",mCRPC
826,223.59,3.3401985654649793,"Sample 826 
              Patient: WCMC162_1_C_RNA_Tumor 
              Expression: 3.3401985654649793
            ",mCRPC
827,201.04,1.2708235814493924,"Sample 827 
              Patient: WCMC159_1_C_RNA_Tumor 
              Expression: 1.2708235814493924
            ",mCRPC
828,235.56,2.4122919128399363,"Sample 828 
              Patient: WCMC0_8_N_RNA_Tumor 
              Expression: 2.4122919128399363
            ",mCRPC
829,220.09,3.399815869337589,"Sample 829 
              Patient: WCMC131_1_C_RNA_Tumor 
              Expression: 3.399815869337589
            ",mCRPC
830,200.14,2.7347026035119537,"Sample 830 
              Patient: WCMC164_1_C_RNA_Tumor 
              Expression: 2.7347026035119537
            ",mCRPC
831,183.21,2.176100735011037,"Sample 831 
              Patient: WCMC7520_1_N_RNA_Tumor 
              Expression: 2.176100735011037
            ",mCRPC
832,234.77,4.460719892222892,"Sample 832 
              Patient: WCMC4240_1_N_RNA_Tumor 
              Expression: 4.460719892222892
            ",mCRPC
833,191.84,1.1024465463168251,"Sample 833 
              Patient: WCMC9_1_C_RNA_Tumor 
              Expression: 1.1024465463168251
            ",mCRPC
834,221.69,1.9123284284585917,"Sample 834 
              Patient: WCMC163_1_N_RNA_Tumor 
              Expression: 1.9123284284585917
            ",mCRPC
835,239.89,4.139954956051939,"Sample 835 
              Patient: WCMC252_1_N_RNA_Tumor 
              Expression: 4.139954956051939
            ",mCRPC
836,203.59,1.2988277698536,"Sample 836 
              Patient: WCMC159_5_C_RNA_Tumor 
              Expression: 1.2988277698536
            ",mCRPC
837,208.5,2.578507231514076,"Sample 837 
              Patient: WCMC172_1_C_RNA_Tumor 
              Expression: 2.578507231514076
            ",mCRPC
838,224.76,3.93106241912547,"Sample 838 
              Patient: WCMC90_4_C_RNA_Tumor 
              Expression: 3.93106241912547
            ",mCRPC
839,209.87,2.708386665640367,"Sample 839 
              Patient: WCMC210_1_N_RNA_Tumor 
              Expression: 2.708386665640367
            ",mCRPC
840,229.82,0.8351702628607142,"Sample 840 
              Patient: WCMC0_5_N_RNA_Tumor 
              Expression: 0.8351702628607142
            ",mCRPC
841,253.49,3.4488341474806377,"Sample 841 
              Patient: WCMC90_2_C_RNA_Tumor 
              Expression: 3.4488341474806377
            ",mCRPC
842,222.36,4.008508679377809,"Sample 842 
              Patient: S74_RNA_V1N 
              Expression: 4.008508679377809
            ",mCRPC
843,246.85,4.7892436251812125,"Sample 843 
              Patient: S31_RNA_V1N 
              Expression: 4.7892436251812125
            ",mCRPC
844,190.77,2.689142018737097,"Sample 844 
              Patient: S59_RNA_V1N 
              Expression: 2.689142018737097
            ",mCRPC
845,200.89,2.593529096637115,"Sample 845 
              Patient: S58_RNA_V1T 
              Expression: 2.593529096637115
            ",mCRPC
846,187.53,0.9381077419035817,"Sample 846 
              Patient: S14_RNA_V1T 
              Expression: 0.9381077419035817
            ",mCRPC
847,228.25,1.924718558920088,"Sample 847 
              Patient: S69_RNA_V1N 
              Expression: 1.924718558920088
            ",mCRPC
848,189.18,0.5470637826316492,"Sample 848 
              Patient: S43_RNA_V1T 
              Expression: 0.5470637826316492
            ",mCRPC
849,212.71,1.870197856486793,"Sample 849 
              Patient: S68_RNA_V1N 
              Expression: 1.870197856486793
            ",mCRPC
850,182.66,1.4292850468728369,"Sample 850 
              Patient: S39_RNA_V1N 
              Expression: 1.4292850468728369
            ",mCRPC
851,229.52,3.140464665242193,"Sample 851 
              Patient: S54_RNA_V1N 
              Expression: 3.140464665242193
            ",mCRPC
852,229.74,3.1328332705774664,"Sample 852 
              Patient: S7_RNA_V1N 
              Expression: 3.1328332705774664
            ",mCRPC
853,181.39,1.299123053307614,"Sample 853 
              Patient: S46_RNA_V1T 
              Expression: 1.299123053307614
            ",mCRPC
854,238.88,3.1596126385377175,"Sample 854 
              Patient: S18_RNA_V1N 
              Expression: 3.1596126385377175
            ",mCRPC
855,207.88,1.634858925790467,"Sample 855 
              Patient: S10_RNA_V1N 
              Expression: 1.634858925790467
            ",mCRPC
856,181.13,4.52298533010176,"Sample 856 
              Patient: S78_RNA_V1N 
              Expression: 4.52298533010176
            ",mCRPC
857,169.26,1.2291046313642093,"Sample 857 
              Patient: S20_RNA_V1T 
              Expression: 1.2291046313642093
            ",mCRPC
858,197.97,1.3393992582282095,"Sample 858 
              Patient: S56_RNA_V1T 
              Expression: 1.3393992582282095
            ",mCRPC
859,181.3,2.799015497789322,"Sample 859 
              Patient: S1_RNA_V1N 
              Expression: 2.799015497789322
            ",mCRPC
860,204.06,3.281283535382259,"Sample 860 
              Patient: S72_RNA_V1N 
              Expression: 3.281283535382259
            ",mCRPC
861,245.32,3.088755664823211,"Sample 861 
              Patient: S52_RNA_V1N 
              Expression: 3.088755664823211
            ",mCRPC
862,47.21,4.180439815420371,"Sample 862 
              Patient: S5_RNA_V1T 
              Expression: 4.180439815420371
            ",mCRPC
863,240.38,4.253457465972392,"Sample 863 
              Patient: S3_RNA_V1N 
              Expression: 4.253457465972392
            ",mCRPC
864,237.34,3.6198456734550843,"Sample 864 
              Patient: S26_RNA_V1T 
              Expression: 3.6198456734550843
            ",mCRPC
865,203.59,4.1976628142494645,"Sample 865 
              Patient: S71_RNA_V1N 
              Expression: 4.1976628142494645
            ",mCRPC
866,210.3,0,"Sample 866 
              Patient: S47_RNA_V1N 
              Expression: 0
            ",mCRPC
867,188.75,2.1156375269546603,"Sample 867 
              Patient: S79_RNA_V1N 
              Expression: 2.1156375269546603
            ",mCRPC
868,257.08,5.238903799620765,"Sample 868 
              Patient: S85_RNA_V1N 
              Expression: 5.238903799620765
            ",mCRPC
869,182.39,2.5250545789732186,"Sample 869 
              Patient: S22_RNA_V1N 
              Expression: 2.5250545789732186
            ",mCRPC
870,175.98,3.952190693820336,"Sample 870 
              Patient: S75_RNA_V1T 
              Expression: 3.952190693820336
            ",mCRPC
871,201.41,2.1637047317855065,"Sample 871 
              Patient: S13_RNA_V1N 
              Expression: 2.1637047317855065
            ",mCRPC
872,186.04,2.2417670583738234,"Sample 872 
              Patient: S65_RNA_V1N 
              Expression: 2.2417670583738234
            ",mCRPC
873,174.72,1.5401587346937835,"Sample 873 
              Patient: S34_RNA_V1T 
              Expression: 1.5401587346937835
            ",mCRPC
874,207.68,2.994231105881343,"Sample 874 
              Patient: S55_RNA_V1N 
              Expression: 2.994231105881343
            ",mCRPC
875,220.05,3.0484958407415137,"Sample 875 
              Patient: S24_RNA_V1N 
              Expression: 3.0484958407415137
            ",mCRPC
876,218.02,3.5396701299334916,"Sample 876 
              Patient: S19_RNA_V1N 
              Expression: 3.5396701299334916
            ",mCRPC
877,182.11,3.0533057237449075,"Sample 877 
              Patient: S21_RNA_V1N 
              Expression: 3.0533057237449075
            ",mCRPC
878,207.67,3.9611987540701383,"Sample 878 
              Patient: S57_RNA_V1N 
              Expression: 3.9611987540701383
            ",mCRPC
879,250.66,4.32095800289856,"Sample 879 
              Patient: S35_RNA_V1T 
              Expression: 4.32095800289856
            ",mCRPC
880,210.93,3.929933975632941,"Sample 880 
              Patient: S41_RNA_V1N 
              Expression: 3.929933975632941
            ",mCRPC
881,187.15,1.7885112865040058,"Sample 881 
              Patient: S27_RNA_V1T 
              Expression: 1.7885112865040058
            ",mCRPC
882,210.75,3.400367118701332,"Sample 882 
              Patient: S16_RNA_V1N 
              Expression: 3.400367118701332
            ",mCRPC
883,203.38,2.6878093649136052,"Sample 883 
              Patient: S48_RNA_V1N 
              Expression: 2.6878093649136052
            ",mCRPC
884,202.25,1.839952587865422,"Sample 884 
              Patient: S17_RNA_V1N 
              Expression: 1.839952587865422
            ",mCRPC
885,189.06,0.9536794768984044,"Sample 885 
              Patient: S2_RNA_V1N 
              Expression: 0.9536794768984044
            ",mCRPC
886,185.41,3.2850550776120624,"Sample 886 
              Patient: S23_RNA_V1N 
              Expression: 3.2850550776120624
            ",mCRPC
887,63.2,4.522451480383926,"Sample 887 
              Patient: S36_RNA_V1T 
              Expression: 4.522451480383926
            ",mCRPC
888,179.32,0.9695712956174773,"Sample 888 
              Patient: S80_RNA_V1T 
              Expression: 0.9695712956174773
            ",mCRPC
889,191.28,2.540645199609413,"Sample 889 
              Patient: S62_RNA_V1N 
              Expression: 2.540645199609413
            ",mCRPC
890,218.46,3.883171612867819,"Sample 890 
              Patient: S64_RNA_V1N 
              Expression: 3.883171612867819
            ",mCRPC
891,166.89,2.167030950685998,"Sample 891 
              Patient: S63_RNA_V1T 
              Expression: 2.167030950685998
            ",mCRPC
892,224.95,4.263102051497387,"Sample 892 
              Patient: S76_RNA_V1N 
              Expression: 4.263102051497387
            ",mCRPC
893,243.05,3.616574700579627,"Sample 893 
              Patient: S40_RNA_V1N 
              Expression: 3.616574700579627
            ",mCRPC
894,228.65,3.927422840488551,"Sample 894 
              Patient: S12_RNA_V1N 
              Expression: 3.927422840488551
            ",mCRPC
895,177.37,4.457669412215503,"Sample 895 
              Patient: S61_RNA_V1T 
              Expression: 4.457669412215503
            ",mCRPC
896,206.82,0.6286898950018596,"Sample 896 
              Patient: S30_RNA_V1N 
              Expression: 0.6286898950018596
            ",mCRPC
897,204.5,2.01558161656049,"Sample 897 
              Patient: S38_RNA_V1N 
              Expression: 2.01558161656049
            ",mCRPC
898,223.4,3.4899329531062535,"Sample 898 
              Patient: S53_RNA_V1N 
              Expression: 3.4899329531062535
            ",mCRPC
899,194.54,2.476932901833105,"Sample 899 
              Patient: S84_RNA_V1T 
              Expression: 2.476932901833105
            ",mCRPC
900,202.04,3.681538226599708,"Sample 900 
              Patient: S81_RNA_V1N 
              Expression: 3.681538226599708
            ",mCRPC
901,232.92,2.892490032575116,"Sample 901 
              Patient: S25_RNA_V1N 
              Expression: 2.892490032575116
            ",mCRPC
902,217.51,3.7017251019294113,"Sample 902 
              Patient: S88_RNA_V1N 
              Expression: 3.7017251019294113
            ",mCRPC
903,211.84,3.0914213744544634,"Sample 903 
              Patient: S9_RNA_V1N 
              Expression: 3.0914213744544634
            ",mCRPC
904,207.6,3.2872874511702617,"Sample 904 
              Patient: S15_RNA_V1N 
              Expression: 3.2872874511702617
            ",mCRPC
905,176.54,3.144362813864992,"Sample 905 
              Patient: S83_RNA_V1T 
              Expression: 3.144362813864992
            ",mCRPC
906,222.52,3.748575055045451,"Sample 906 
              Patient: S42_RNA_V1N 
              Expression: 3.748575055045451
            ",mCRPC
907,184.09,1.7016210148244153,"Sample 907 
              Patient: S86_RNA_V1N 
              Expression: 1.7016210148244153
            ",mCRPC
908,223.82,2.741613591727862,"Sample 908 
              Patient: S29_RNA_V1N 
              Expression: 2.741613591727862
            ",mCRPC
909,183.42,2.111335785035673,"Sample 909 
              Patient: S87_RNA_V1T 
              Expression: 2.111335785035673
            ",mCRPC
910,223.16,4.161027106064373,"Sample 910 
              Patient: S6_RNA_V1N 
              Expression: 4.161027106064373
            ",mCRPC
911,188.15,2.3921698058424226,"Sample 911 
              Patient: S60_RNA_V1N 
              Expression: 2.3921698058424226
            ",mCRPC
912,207.04,2.822578643004136,"Sample 912 
              Patient: S11_RNA_V1N 
              Expression: 2.822578643004136
            ",mCRPC
913,171.67,0.3261448651715896,"Sample 913 
              Patient: S8_RNA_V1T 
              Expression: 0.3261448651715896
            ",mCRPC
914,219.03,3.5167731821156303,"Sample 914 
              Patient: S77_RNA_V1N 
              Expression: 3.5167731821156303
            ",mCRPC
915,175.18,0.9712663729403406,"Sample 915 
              Patient: S66_RNA_V1T 
              Expression: 0.9712663729403406
            ",mCRPC
916,201.86,4.596906743457552,"Sample 916 
              Patient: S82_RNA_V1N 
              Expression: 4.596906743457552
            ",mCRPC
917,221.25,2.951561844251038,"Sample 917 
              Patient: S51_RNA_V1T 
              Expression: 2.951561844251038
            ",mCRPC
918,211.81,2.9258063782577954,"Sample 918 
              Patient: S50_RNA_V1N 
              Expression: 2.9258063782577954
            ",mCRPC
919,248.71,4.972069447968752,"Sample 919 
              Patient: S45_RNA_V1N 
              Expression: 4.972069447968752
            ",mCRPC
920,173.99,2.2445773092044354,"Sample 920 
              Patient: S49_RNA_V1T 
              Expression: 2.2445773092044354
            ",mCRPC
952,253.28,3.0809629439786628,"Sample 952 
              Patient: GSM3330157 
              Expression: 3.0809629439786628
            ",mCRPC
953,231.04,4.106936209651504,"Sample 953 
              Patient: GSM3330156 
              Expression: 4.106936209651504
            ",mCRPC
954,203.85,3.0779682397327397,"Sample 954 
              Patient: GSM3330158 
              Expression: 3.0779682397327397
            ",mCRPC
955,189.77,4.0946521518077805,"Sample 955 
              Patient: GSM3330160 
              Expression: 4.0946521518077805
            ",mCRPC
956,212.06,2.749344281498567,"Sample 956 
              Patient: GSM3330159 
              Expression: 2.749344281498567
            ",mCRPC
957,186.29,1.5789216234261585,"Sample 957 
              Patient: GSM3330161 
              Expression: 1.5789216234261585
            ",mCRPC
958,237.99,3.476862846195603,"Sample 958 
              Patient: GSM3330162 
              Expression: 3.476862846195603
            ",mCRPC
959,232.8,3.6053581923130253,"Sample 959 
              Patient: GSM3330163 
              Expression: 3.6053581923130253
            ",mCRPC
960,222.86,1.906014311401568,"Sample 960 
              Patient: GSM3330164 
              Expression: 1.906014311401568
            ",mCRPC
961,197.62,1.5927839025970152,"Sample 961 
              Patient: GSM3330165 
              Expression: 1.5927839025970152
            ",mCRPC
962,241.96,4.437401872582023,"Sample 962 
              Patient: GSM3330166 
              Expression: 4.437401872582023
            ",mCRPC
963,240.2,1.7072755335908583,"Sample 963 
              Patient: GSM3330167 
              Expression: 1.7072755335908583
            ",mCRPC
964,241.99,2.837092374701828,"Sample 964 
              Patient: GSM3330168 
              Expression: 2.837092374701828
            ",mCRPC
965,183.2,1.2161428166131436,"Sample 965 
              Patient: GSM3330169 
              Expression: 1.2161428166131436
            ",mCRPC
966,185.25,2.2235072713599555,"Sample 966 
              Patient: GSM3330170 
              Expression: 2.2235072713599555
            ",mCRPC
967,176.14,1.2771097057520981,"Sample 967 
              Patient: GSM3330172 
              Expression: 1.2771097057520981
            ",mCRPC
968,194.19,2.0283437252880536,"Sample 968 
              Patient: GSM3330171 
              Expression: 2.0283437252880536
            ",mCRPC
969,199.41,1.056528239186361,"Sample 969 
              Patient: GSM3330173 
              Expression: 1.056528239186361
            ",mCRPC
970,240.15,3.0728059571719704,"Sample 970 
              Patient: GSM3330175 
              Expression: 3.0728059571719704
            ",mCRPC
971,247.33,3.5499261590540963,"Sample 971 
              Patient: GSM3330174 
              Expression: 3.5499261590540963
            ",mCRPC
972,185.92,0.6629924044776121,"Sample 972 
              Patient: GSM3330176 
              Expression: 0.6629924044776121
            ",mCRPC
973,202.78,1.7807664371436387,"Sample 973 
              Patient: GSM3330177 
              Expression: 1.7807664371436387
            ",mCRPC
974,192.06,1.6276237514897824,"Sample 974 
              Patient: GSM3330179 
              Expression: 1.6276237514897824
            ",mCRPC
975,198.16,1.4485757516731812,"Sample 975 
              Patient: GSM3330178 
              Expression: 1.4485757516731812
            ",mCRPC
976,210.25,2.296008498414221,"Sample 976 
              Patient: GSM3330182 
              Expression: 2.296008498414221
            ",mCRPC
977,231.87,2.0365739412209445,"Sample 977 
              Patient: GSM3330181 
              Expression: 2.0365739412209445
            ",mCRPC
978,208.01,2.4511668958635715,"Sample 978 
              Patient: GSM3330180 
              Expression: 2.4511668958635715
            ",mCRPC
979,244.92,1.3383429732704384,"Sample 979 
              Patient: GSM3330183 
              Expression: 1.3383429732704384
            ",mCRPC
980,202.65,1.3498596843631083,"Sample 980 
              Patient: GSM3330184 
              Expression: 1.3498596843631083
            ",mCRPC
981,225.18,2.8063740410678877,"Sample 981 
              Patient: GSM3330185 
              Expression: 2.8063740410678877
            ",mCRPC
982,183.63,1.8316403732274675,"Sample 982 
              Patient: GSM3330188 
              Expression: 1.8316403732274675
            ",mCRPC
983,207.89,1.6931620114820047,"Sample 983 
              Patient: GSM3330186 
              Expression: 1.6931620114820047
            ",mCRPC
984,199.66,1.4135294379028447,"Sample 984 
              Patient: GSM3330187 
              Expression: 1.4135294379028447
            ",mCRPC
985,188.64,1.7541782040002973,"Sample 985 
              Patient: GSM3330189 
              Expression: 1.7541782040002973
            ",mCRPC
986,202.16,1.864373750596731,"Sample 986 
              Patient: GSM3330190 
              Expression: 1.864373750596731
            ",mCRPC
987,186.33,0.7321459813417808,"Sample 987 
              Patient: GSM3330191 
              Expression: 0.7321459813417808
            ",mCRPC
988,233.82,0.670124375215146,"Sample 988 
              Patient: GSM3330193 
              Expression: 0.670124375215146
            ",mCRPC
989,192.73,0.9471142545690695,"Sample 989 
              Patient: GSM3330192 
              Expression: 0.9471142545690695
            ",mCRPC
990,209.58,0.4014586759077974,"Sample 990 
              Patient: GSM3330194 
              Expression: 0.4014586759077974
            ",mCRPC
991,247.57,3.0231922425648414,"Sample 991 
              Patient: GSM3330195 
              Expression: 3.0231922425648414
            ",mCRPC
992,238.68,3.0969341082118254,"Sample 992 
              Patient: GSM3330196 
              Expression: 3.0969341082118254
            ",mCRPC
1100,168.59,1.7633754425283266,"Sample 1100 
              Patient: 5115409_SI_10142 
              Expression: 1.7633754425283266
            ",mCRPC
1101,172.53,0.9946556056481185,"Sample 1101 
              Patient: 5115410_SI_10143 
              Expression: 0.9946556056481185
            ",mCRPC
1102,227.58,3.6036899216435763,"Sample 1102 
              Patient: 5115547_SI_10311 
              Expression: 3.6036899216435763
            ",mCRPC
1103,193.98,2.7952867597012854,"Sample 1103 
              Patient: 5115412_SI_10414 
              Expression: 2.7952867597012854
            ",mCRPC
1104,184.61,1.2624561397426017,"Sample 1104 
              Patient: 5115528_SI_10697 
              Expression: 1.2624561397426017
            ",mCRPC
1105,172.61,1.2115456516141956,"Sample 1105 
              Patient: 5115506_SI_10724 
              Expression: 1.2115456516141956
            ",mCRPC
1106,176.78,2.9342023936397457,"Sample 1106 
              Patient: 5115608_SI_11081 
              Expression: 2.9342023936397457
            ",mCRPC
1107,184.66,3.161889853933267,"Sample 1107 
              Patient: 5115610_SI_11361 
              Expression: 3.161889853933267
            ",mCRPC
1108,190.93,2.9922707903441936,"Sample 1108 
              Patient: 5115611_SI_11362 
              Expression: 2.9922707903441936
            ",mCRPC
1109,167.01,3.4020212687116795,"Sample 1109 
              Patient: 5115612_SI_11363 
              Expression: 3.4020212687116795
            ",mCRPC
1110,213.17,1.0742332255012994,"Sample 1110 
              Patient: 5115614_SI_11763 
              Expression: 1.0742332255012994
            ",mCRPC
1111,172.17,2.455863226710495,"Sample 1111 
              Patient: 5115651_SI_12472 
              Expression: 2.455863226710495
            ",mCRPC
1112,192.01,0.8810242389313754,"Sample 1112 
              Patient: 05115406-T-B-1_SI_9309 
              Expression: 0.8810242389313754
            ",mCRPC
1113,216.92,4.152338087940617,"Sample 1113 
              Patient: 5115407_SI_9310 
              Expression: 4.152338087940617
            ",mCRPC
1114,185.94,1.7877531841865133,"Sample 1114 
              Patient: 05115405-T-A-1_SI_9377 
              Expression: 1.7877531841865133
            ",mCRPC
1115,175.98,1.1369609472821578,"Sample 1115 
              Patient: 5115408_SI_9793 
              Expression: 1.1369609472821578
            ",mCRPC
1116,224.29,3.05070547777431,"Sample 1116 
              Patient: 05115501-T-A-1_SI_9988 
              Expression: 3.05070547777431
            ",mCRPC
1117,203.09,0.7106887005116831,"Sample 1117 
              Patient: GSM3591016 
              Expression: 0.7106887005116831
            ",mCRPC
1118,161.15,2.1508822414486737,"Sample 1118 
              Patient: GSM3591017 
              Expression: 2.1508822414486737
            ",mCRPC
1119,157.73,3.302310166412266,"Sample 1119 
              Patient: GSM3591018 
              Expression: 3.302310166412266
            ",mCRPC
1120,210.64,0.40476245336715516,"Sample 1120 
              Patient: GSM3591019 
              Expression: 0.40476245336715516
            ",mCRPC
1121,192.14,1.4746946812205826,"Sample 1121 
              Patient: GSM3591021 
              Expression: 1.4746946812205826
            ",mCRPC
1122,208.42,2.381174478954623,"Sample 1122 
              Patient: GSM3591022 
              Expression: 2.381174478954623
            ",mCRPC
1123,193.93,2.0007030200565024,"Sample 1123 
              Patient: GSM3591023 
              Expression: 2.0007030200565024
            ",mCRPC
1124,181.17,1.1179692693111216,"Sample 1124 
              Patient: GSM3591024 
              Expression: 1.1179692693111216
            ",mCRPC
1125,223.29,1.835374073518955,"Sample 1125 
              Patient: GSM3591025 
              Expression: 1.835374073518955
            ",mCRPC
1126,227.68,1.7268897362009743,"Sample 1126 
              Patient: GSM3591026 
              Expression: 1.7268897362009743
            ",mCRPC
1127,203.1,3.6248590186052105,"Sample 1127 
              Patient: GSM3591027 
              Expression: 3.6248590186052105
            ",mCRPC
1128,201.44,3.4218026062093427,"Sample 1128 
              Patient: GSM3591028 
              Expression: 3.4218026062093427
            ",mCRPC
1129,184.61,3.4159284847998377,"Sample 1129 
              Patient: GSM3591029 
              Expression: 3.4159284847998377
            ",mCRPC
1130,159.75,2.8189437374126376,"Sample 1130 
              Patient: GSM3591030 
              Expression: 2.8189437374126376
            ",mCRPC
1131,166.35,2.8121123970223114,"Sample 1131 
              Patient: GSM3591031 
              Expression: 2.8121123970223114
            ",mCRPC
1132,192.59,2.355127378396862,"Sample 1132 
              Patient: GSM3591032 
              Expression: 2.355127378396862
            ",mCRPC
1133,198.82,0.6541689845209426,"Sample 1133 
              Patient: GSM3591033 
              Expression: 0.6541689845209426
            ",mCRPC
1134,169.62,2.2691957920555774,"Sample 1134 
              Patient: GSM3591034 
              Expression: 2.2691957920555774
            ",mCRPC
1135,189.31,2.579272017712858,"Sample 1135 
              Patient: GSM3591035 
              Expression: 2.579272017712858
            ",mCRPC
1136,169.5,1.4748623159177627,"Sample 1136 
              Patient: GSM3591036 
              Expression: 1.4748623159177627
            ",mCRPC
1137,174.51,1.3696459815199906,"Sample 1137 
              Patient: GSM3591037 
              Expression: 1.3696459815199906
            ",mCRPC
1138,209.89,2.695965812506972,"Sample 1138 
              Patient: GSM3591038 
              Expression: 2.695965812506972
            ",mCRPC
1139,164.76,2.3687651691597864,"Sample 1139 
              Patient: GSM3591039 
              Expression: 2.3687651691597864
            ",mCRPC
1140,168.64,0.4806964641738266,"Sample 1140 
              Patient: GSM3591040 
              Expression: 0.4806964641738266
            ",mCRPC
1141,189.17,1.0160316007394607,"Sample 1141 
              Patient: GSM3591041 
              Expression: 1.0160316007394607
            ",mCRPC
1142,196.99,1.2869867012812395,"Sample 1142 
              Patient: GSM3591042 
              Expression: 1.2869867012812395
            ",mCRPC
1143,180.06,0.7020729790945518,"Sample 1143 
              Patient: GSM3591043 
              Expression: 0.7020729790945518
            ",mCRPC
1144,256.36,3.417860896641662,"Sample 1144 
              Patient: GSM3591044 
              Expression: 3.417860896641662
            ",mCRPC
1145,249.62,3.5607477197748922,"Sample 1145 
              Patient: GSM3591045 
              Expression: 3.5607477197748922
            ",mCRPC
1146,196.69,3.578947712328579,"Sample 1146 
              Patient: GSM3591048 
              Expression: 3.578947712328579
            ",mCRPC
1147,244.1,3.966364332874531,"Sample 1147 
              Patient: GSM3591054 
              Expression: 3.966364332874531
            ",mCRPC
1148,204.61,1.4400264630522346,"Sample 1148 
              Patient: GSM3591055 
              Expression: 1.4400264630522346
            ",mCRPC
1149,182.62,0.9435886017385983,"Sample 1149 
              Patient: GSM3591057 
              Expression: 0.9435886017385983
            ",mCRPC
1150,179.95,1.7801882040169947,"Sample 1150 
              Patient: GSM3591064 
              Expression: 1.7801882040169947
            ",mCRPC
1151,247.94,3.5314879753884942,"Sample 1151 
              Patient: GSM3591066 
              Expression: 3.5314879753884942
            ",mCRPC
1152,219.68,1.544967869238194,"Sample 1152 
              Patient: GSM3591068 
              Expression: 1.544967869238194
            ",mCRPC
1153,206.24,1.719648044056731,"Sample 1153 
              Patient: GSM3591069 
              Expression: 1.719648044056731
            ",mCRPC
1154,201.34,2.055043767993381,"Sample 1154 
              Patient: GSM3591072 
              Expression: 2.055043767993381
            ",mCRPC
1155,191.16,1.2961517447922037,"Sample 1155 
              Patient: GSM3591076 
              Expression: 1.2961517447922037
            ",mCRPC
1156,233.14,2.491527411061086,"Sample 1156 
              Patient: GSM3591079 
              Expression: 2.491527411061086
            ",mCRPC
1157,222.24,2.125499217181458,"Sample 1157 
              Patient: GSM3591080 
              Expression: 2.125499217181458
            ",mCRPC
1158,181.78,1.118471033849078,"Sample 1158 
              Patient: GSM3591092 
              Expression: 1.118471033849078
            ",mCRPC
1159,180.81,0.7243428171248476,"Sample 1159 
              Patient: GSM3591093 
              Expression: 0.7243428171248476
            ",mCRPC
1160,250.8,2.8637108308256796,"Sample 1160 
              Patient: GSM3591098 
              Expression: 2.8637108308256796
            ",mCRPC
1161,205.91,1.6677928649129619,"Sample 1161 
              Patient: GSM3591099 
              Expression: 1.6677928649129619
            ",mCRPC
1162,204.47,1.7522882499314685,"Sample 1162 
              Patient: GSM3591100 
              Expression: 1.7522882499314685
            ",mCRPC
1163,207.61,1.0111563095749965,"Sample 1163 
              Patient: GSM3591101 
              Expression: 1.0111563095749965
            ",mCRPC
1164,244.18,1.2028738235045975,"Sample 1164 
              Patient: GSM3591102 
              Expression: 1.2028738235045975
            ",mCRPC
1165,233.74,1.1897094017818082,"Sample 1165 
              Patient: GSM3591103 
              Expression: 1.1897094017818082
            ",mCRPC
1166,214.17,0.8607697629942472,"Sample 1166 
              Patient: GSM3591104 
              Expression: 0.8607697629942472
            ",mCRPC
1167,200.38,3.180431218718606,"Sample 1167 
              Patient: GSM3591105 
              Expression: 3.180431218718606
            ",mCRPC
1168,201.09,1.3765124787988061,"Sample 1168 
              Patient: GSM3591106 
              Expression: 1.3765124787988061
            ",mCRPC
1169,181.67,0.7236754137088104,"Sample 1169 
              Patient: GSM3591107 
              Expression: 0.7236754137088104
            ",mCRPC
1170,187.27,1.774631898098677,"Sample 1170 
              Patient: GSM3591108 
              Expression: 1.774631898098677
            ",mCRPC
1171,177.02,1.1539847545781388,"Sample 1171 
              Patient: GSM3591109 
              Expression: 1.1539847545781388
            ",mCRPC
1172,197.31,3.3014541274909055,"Sample 1172 
              Patient: GSM3591110 
              Expression: 3.3014541274909055
            ",mCRPC
1173,218.76,1.4816154716925165,"Sample 1173 
              Patient: GSM3591112 
              Expression: 1.4816154716925165
            ",mCRPC
1174,218.48,0.9667652810463768,"Sample 1174 
              Patient: GSM3591111 
              Expression: 0.9667652810463768
            ",mCRPC
1175,214.34,1.2691977603860036,"Sample 1175 
              Patient: GSM3591113 
              Expression: 1.2691977603860036
            ",mCRPC
1232,253.27,3.0812979149087325,"Sample 1232 
              Patient: GSM4422675 
              Expression: 3.0812979149087325
            ",mCRPC
1233,203.81,3.0777958496946463,"Sample 1233 
              Patient: GSM4422676 
              Expression: 3.0777958496946463
            ",mCRPC
1234,212.02,2.749344281498567,"Sample 1234 
              Patient: GSM4422678 
              Expression: 2.749344281498567
            ",mCRPC
1235,189.73,4.094665082746325,"Sample 1235 
              Patient: GSM4422679 
              Expression: 4.094665082746325
            ",mCRPC
1236,186.33,1.5789216234261585,"Sample 1236 
              Patient: GSM4422680 
              Expression: 1.5789216234261585
            ",mCRPC
1237,237.96,3.476858457094616,"Sample 1237 
              Patient: GSM4422681 
              Expression: 3.476858457094616
            ",mCRPC
1238,232.85,3.6053615086906254,"Sample 1238 
              Patient: GSM4422682 
              Expression: 3.6053615086906254
            ",mCRPC
1239,222.98,1.9060391933939274,"Sample 1239 
              Patient: GSM4422684 
              Expression: 1.9060391933939274
            ",mCRPC
1240,197.48,1.5927839025970152,"Sample 1240 
              Patient: GSM4422686 
              Expression: 1.5927839025970152
            ",mCRPC
1241,208.25,0.6355317852169003,"Sample 1241 
              Patient: GSM4422688 
              Expression: 0.6355317852169003
            ",mCRPC
1242,242.1,4.437230531303839,"Sample 1242 
              Patient: GSM4422689 
              Expression: 4.437230531303839
            ",mCRPC
1243,240.25,1.7072755335908583,"Sample 1243 
              Patient: GSM4422690 
              Expression: 1.7072755335908583
            ",mCRPC
1244,242.19,2.837092374701828,"Sample 1244 
              Patient: GSM4422691 
              Expression: 2.837092374701828
            ",mCRPC
1245,183.21,1.2161428166131436,"Sample 1245 
              Patient: GSM4422692 
              Expression: 1.2161428166131436
            ",mCRPC
1246,185.1,2.2235072713599555,"Sample 1246 
              Patient: GSM4422693 
              Expression: 2.2235072713599555
            ",mCRPC
1247,194.18,2.0283198104229303,"Sample 1247 
              Patient: GSM4422694 
              Expression: 2.0283198104229303
            ",mCRPC
1248,176.26,1.2771097057520981,"Sample 1248 
              Patient: GSM4422696 
              Expression: 1.2771097057520981
            ",mCRPC
1249,199.47,1.056528239186361,"Sample 1249 
              Patient: GSM4422698 
              Expression: 1.056528239186361
            ",mCRPC
1250,247.43,3.549917484200393,"Sample 1250 
              Patient: GSM4422701 
              Expression: 3.549917484200393
            ",mCRPC
1251,240.3,3.0728059571719704,"Sample 1251 
              Patient: GSM4422702 
              Expression: 3.0728059571719704
            ",mCRPC
1252,185.84,0.6629924044776121,"Sample 1252 
              Patient: GSM4422704 
              Expression: 0.6629924044776121
            ",mCRPC
1253,202.78,1.7805712446973108,"Sample 1253 
              Patient: GSM4422705 
              Expression: 1.7805712446973108
            ",mCRPC
1254,194.17,0.8408053715151235,"Sample 1254 
              Patient: GSM4422706 
              Expression: 0.8408053715151235
            ",mCRPC
1255,198.16,1.4485602709522667,"Sample 1255 
              Patient: GSM4422707 
              Expression: 1.4485602709522667
            ",mCRPC
1256,192.08,1.6276237514897824,"Sample 1256 
              Patient: GSM4422709 
              Expression: 1.6276237514897824
            ",mCRPC
1257,207.98,2.4512012154350526,"Sample 1257 
              Patient: GSM4422710 
              Expression: 2.4512012154350526
            ",mCRPC
1258,231.88,2.0365739412209445,"Sample 1258 
              Patient: GSM4422711 
              Expression: 2.0365739412209445
            ",mCRPC
1259,210.22,2.295998430243736,"Sample 1259 
              Patient: GSM4422714 
              Expression: 2.295998430243736
            ",mCRPC
1260,244.85,1.338307411333118,"Sample 1260 
              Patient: GSM4422715 
              Expression: 1.338307411333118
            ",mCRPC
1261,202.66,1.3500266021753997,"Sample 1261 
              Patient: GSM4422716 
              Expression: 1.3500266021753997
            ",mCRPC
1262,225.16,2.8063622212939583,"Sample 1262 
              Patient: GSM4422717 
              Expression: 2.8063622212939583
            ",mCRPC
1263,207.81,1.693147153582224,"Sample 1263 
              Patient: GSM4422718 
              Expression: 1.693147153582224
            ",mCRPC
1264,199.73,1.4135294379028447,"Sample 1264 
              Patient: GSM4422719 
              Expression: 1.4135294379028447
            ",mCRPC
1265,226.91,2.847708326681044,"Sample 1265 
              Patient: GSM4422720 
              Expression: 2.847708326681044
            ",mCRPC
1266,183.61,1.8316792267487034,"Sample 1266 
              Patient: GSM4422721 
              Expression: 1.8316792267487034
            ",mCRPC
1267,229.19,1.2574224918407477,"Sample 1267 
              Patient: GSM4422722 
              Expression: 1.2574224918407477
            ",mCRPC
1268,188.64,1.7541782040002973,"Sample 1268 
              Patient: GSM4422723 
              Expression: 1.7541782040002973
            ",mCRPC
1269,202.19,1.864373750596731,"Sample 1269 
              Patient: GSM4422724 
              Expression: 1.864373750596731
            ",mCRPC
1270,186.33,0.7321459813417808,"Sample 1270 
              Patient: GSM4422725 
              Expression: 0.7321459813417808
            ",mCRPC
1271,192.75,0.9471142545690695,"Sample 1271 
              Patient: GSM4422726 
              Expression: 0.9471142545690695
            ",mCRPC
1272,181.66,1.118471033849078,"Sample 1272 
              Patient: GSM4422727 
              Expression: 1.118471033849078
            ",mCRPC
1273,233.85,0.670124375215146,"Sample 1273 
              Patient: GSM4422729 
              Expression: 0.670124375215146
            ",mCRPC
1274,209.7,0.4014586759077974,"Sample 1274 
              Patient: GSM4422730 
              Expression: 0.4014586759077974
            ",mCRPC
1275,247.58,3.0231922425648414,"Sample 1275 
              Patient: GSM4422731 
              Expression: 3.0231922425648414
            ",mCRPC
1276,238.71,3.0969341082118254,"Sample 1276 
              Patient: GSM4422732 
              Expression: 3.0969341082118254
            ",mCRPC
1277,217.39,0.564781115880996,"Sample 1277 
              Patient: GSM4422736 
              Expression: 0.564781115880996
            ",mCRPC
1278,244.54,0.9799269955259358,"Sample 1278 
              Patient: GSM4422739 
              Expression: 0.9799269955259358
            ",mCRPC
1279,245.81,0.8918400624563027,"Sample 1279 
              Patient: GSM4422740 
              Expression: 0.8918400624563027
            ",mCRPC
1280,250.98,1.8210110081741653,"Sample 1280 
              Patient: GSM4422742 
              Expression: 1.8210110081741653
            ",mCRPC
1281,216.79,2.153478361055954,"Sample 1281 
              Patient: GSM4422753 
              Expression: 2.153478361055954
            ",mCRPC
1282,232.07,2.217138545968816,"Sample 1282 
              Patient: GSM4422754 
              Expression: 2.217138545968816
            ",mCRPC
1283,210.27,2.375953683011463,"Sample 1283 
              Patient: GSM4422756 
              Expression: 2.375953683011463
            ",mCRPC
1284,211.01,1.4142788652098426,"Sample 1284 
              Patient: GSM4422755 
              Expression: 1.4142788652098426
            ",mCRPC
1285,202.52,1.205240109055887,"Sample 1285 
              Patient: GSM4422758 
              Expression: 1.205240109055887
            ",mCRPC
1286,189.52,1.8301770453397461,"Sample 1286 
              Patient: GSM4422757 
              Expression: 1.8301770453397461
            ",mCRPC
1287,192.1,1.5168997065760126,"Sample 1287 
              Patient: GSM4422759 
              Expression: 1.5168997065760126
            ",mCRPC
1288,183.16,1.2292727245784612,"Sample 1288 
              Patient: GSM4422760 
              Expression: 1.2292727245784612
            ",mCRPC
1289,178.17,1.3595330828229948,"Sample 1289 
              Patient: GSM4422761 
              Expression: 1.3595330828229948
            ",mCRPC
1290,193.64,0.425390438519802,"Sample 1290 
              Patient: GSM4422762 
              Expression: 0.425390438519802
            ",mCRPC
1291,214.75,0.2932460382986847,"Sample 1291 
              Patient: GSM4422763 
              Expression: 0.2932460382986847
            ",mCRPC
1292,223.18,1.5814252901378858,"Sample 1292 
              Patient: GSM4422764 
              Expression: 1.5814252901378858
            ",mCRPC
1293,230.72,2.070621508489862,"Sample 1293 
              Patient: GSM4422765 
              Expression: 2.070621508489862
            ",mCRPC
1294,206.09,2.092030294284132,"Sample 1294 
              Patient: GSM4422766 
              Expression: 2.092030294284132
            ",mCRPC
1295,199.4,3.071126100913682,"Sample 1295 
              Patient: GSM4422768 
              Expression: 3.071126100913682
            ",mCRPC
1296,183.71,2.9067431864123345,"Sample 1296 
              Patient: GSM4422767 
              Expression: 2.9067431864123345
            ",mCRPC
1297,239.33,4.027016791463407,"Sample 1297 
              Patient: GSM4422769 
              Expression: 4.027016791463407
            ",mCRPC
1298,186.78,1.7669650260582332,"Sample 1298 
              Patient: GSM4422632 
              Expression: 1.7669650260582332
            ",mCRPC
1299,167.56,1.2308493571536936,"Sample 1299 
              Patient: GSM4422633 
              Expression: 1.2308493571536936
            ",mCRPC
1300,178.91,1.419747731078249,"Sample 1300 
              Patient: GSM4422634 
              Expression: 1.419747731078249
            ",mCRPC
1301,186.07,2.4007089306501617,"Sample 1301 
              Patient: GSM4422636 
              Expression: 2.4007089306501617
            ",mCRPC
1302,192.44,1.8703148893733195,"Sample 1302 
              Patient: GSM4422635 
              Expression: 1.8703148893733195
            ",mCRPC
1303,182.23,1.522094920220262,"Sample 1303 
              Patient: GSM4422637 
              Expression: 1.522094920220262
            ",mCRPC
1304,188.55,2.469987848607984,"Sample 1304 
              Patient: GSM4422638 
              Expression: 2.469987848607984
            ",mCRPC
1305,188.45,1.357483064364876,"Sample 1305 
              Patient: GSM4422639 
              Expression: 1.357483064364876
            ",mCRPC
1306,202.69,5.164464588788744,"Sample 1306 
              Patient: GSM4422640 
              Expression: 5.164464588788744
            ",mCRPC
1307,175.76,1.5615110347914198,"Sample 1307 
              Patient: GSM4422641 
              Expression: 1.5615110347914198
            ",mCRPC
1308,214.28,2.083503351225422,"Sample 1308 
              Patient: GSM4422642 
              Expression: 2.083503351225422
            ",mCRPC
1309,201.5,2.2207938170967116,"Sample 1309 
              Patient: GSM4422643 
              Expression: 2.2207938170967116
            ",mCRPC
1310,231.09,4.106984804743005,"Sample 1310 
              Patient: GSM4422648 
              Expression: 4.106984804743005
            ",mCRPC
1311,222.17,2.8732578484109363,"Sample 1311 
              Patient: GSM4422651 
              Expression: 2.8732578484109363
            ",mCRPC
1362,202.7,5.164464588788744,"Sample 1362 
              Patient: GSM5231656 
              Expression: 5.164464588788744
            ",mCRPC
1363,196.19,2.6324271165406015,"Sample 1363 
              Patient: GSM5231657 
              Expression: 2.6324271165406015
            ",mCRPC
1364,185.22,2.2235072713599555,"Sample 1364 
              Patient: GSM5231658 
              Expression: 2.2235072713599555
            ",mCRPC
1365,231.82,2.0365739412209445,"Sample 1365 
              Patient: GSM5231659 
              Expression: 2.0365739412209445
            ",mCRPC