id,x,y,text,name
11,186.33,3.2972767655701074,"Sample 11 
              Patient: DTB-188-BL 
              Expression: 3.2972767655701074
            ",WCDT-MCRPC (99 samples)
13,204.19,1.6697206174677863,"Sample 13 
              Patient: DTB-194-PRO 
              Expression: 1.6697206174677863
            ",WCDT-MCRPC (99 samples)
16,165.64,2.2876042273194797,"Sample 16 
              Patient: DTB-187-BL 
              Expression: 2.2876042273194797
            ",WCDT-MCRPC (99 samples)
17,207.04,4.198911755953573,"Sample 17 
              Patient: DTB-135-PRO 
              Expression: 4.198911755953573
            ",WCDT-MCRPC (99 samples)
18,176.36,1.8505561943832938,"Sample 18 
              Patient: DTB-232-PRO 
              Expression: 1.8505561943832938
            ",WCDT-MCRPC (99 samples)
23,170.81,0.8990697902358816,"Sample 23 
              Patient: DTB-092-BL 
              Expression: 0.8990697902358816
            ",WCDT-MCRPC (99 samples)
25,195.62,2.6728550152252852,"Sample 25 
              Patient: DTB-074-BL 
              Expression: 2.6728550152252852
            ",WCDT-MCRPC (99 samples)
34,178.68,2.6791118726349024,"Sample 34 
              Patient: DTB-175-BL 
              Expression: 2.6791118726349024
            ",WCDT-MCRPC (99 samples)
42,183.13,0.6065955370212843,"Sample 42 
              Patient: DTB-024-PRO 
              Expression: 0.6065955370212843
            ",WCDT-MCRPC (99 samples)
55,188.06,3.394348483779877,"Sample 55 
              Patient: DTB-037-BL 
              Expression: 3.394348483779877
            ",WCDT-MCRPC (99 samples)
60,170.81,2.197035900703473,"Sample 60 
              Patient: DTB-251-BL 
              Expression: 2.197035900703473
            ",WCDT-MCRPC (99 samples)
66,170.81,1.8701614178285209,"Sample 66 
              Patient: DTB-035-BL 
              Expression: 1.8701614178285209
            ",WCDT-MCRPC (99 samples)
78,170.85,2.0626720015202467,"Sample 78 
              Patient: DTB-080-BL 
              Expression: 2.0626720015202467
            ",WCDT-MCRPC (99 samples)
83,178.32,1.6805522033339528,"Sample 83 
              Patient: DTB-071-BL 
              Expression: 1.6805522033339528
            ",WCDT-MCRPC (99 samples)
92,177.71,1.8480769942352502,"Sample 92 
              Patient: DTB-098-PRO2 
              Expression: 1.8480769942352502
            ",WCDT-MCRPC (99 samples)
95,176.46,2.761466733622813,"Sample 95 
              Patient: DTB-018-BL 
              Expression: 2.761466733622813
            ",WCDT-MCRPC (99 samples)
106,182.62,1.7478901200714365,"Sample 106 
              Patient: DTB-067-PRO 
              Expression: 1.7478901200714365
            ",WCDT-MCRPC (99 samples)
107,184.08,3.073544236454557,"Sample 107 
              Patient: DTB-214-BL 
              Expression: 3.073544236454557
            ",WCDT-MCRPC (99 samples)
111,193.89,5.864826425098573,"Sample 111 
              Patient: DTB-137-PRO 
              Expression: 5.864826425098573
            ",WCDT-MCRPC (99 samples)
122,182.1,2.4718086757491124,"Sample 122 
              Patient: DTB-055-PRO 
              Expression: 2.4718086757491124
            ",WCDT-MCRPC (99 samples)
125,171.12,1.7874941665193416,"Sample 125 
              Patient: DTB-170-BL 
              Expression: 1.7874941665193416
            ",WCDT-MCRPC (99 samples)
126,172.08,1.9995079860260574,"Sample 126 
              Patient: DTB-022-BL 
              Expression: 1.9995079860260574
            ",WCDT-MCRPC (99 samples)
136,170.18,1.9667389051383282,"Sample 136 
              Patient: DTB-143-BL 
              Expression: 1.9667389051383282
            ",WCDT-MCRPC (99 samples)
146,173.29,3.059393580888866,"Sample 146 
              Patient: DTB-129-BL 
              Expression: 3.059393580888866
            ",WCDT-MCRPC (99 samples)
163,191.5,1.2123079454671952,"Sample 163 
              Patient: DTB-059-BL 
              Expression: 1.2123079454671952
            ",WCDT-MCRPC (99 samples)
173,171.59,1.8065244000196308,"Sample 173 
              Patient: DTB-104-BL 
              Expression: 1.8065244000196308
            ",WCDT-MCRPC (99 samples)
180,178.6,3.053176594445405,"Sample 180 
              Patient: DTB-266-BL 
              Expression: 3.053176594445405
            ",WCDT-MCRPC (99 samples)
182,178.78,2.7981955721455027,"Sample 182 
              Patient: DTB-091-BL 
              Expression: 2.7981955721455027
            ",WCDT-MCRPC (99 samples)
200,177.71,1.8093640662381416,"Sample 200 
              Patient: DTB-112-BL 
              Expression: 1.8093640662381416
            ",WCDT-MCRPC (99 samples)
209,181.16,1.7232443256478094,"Sample 209 
              Patient: DTB-159-BL 
              Expression: 1.7232443256478094
            ",WCDT-MCRPC (99 samples)
211,172.53,2.3963987424352338,"Sample 211 
              Patient: DTB-077-PRO 
              Expression: 2.3963987424352338
            ",WCDT-MCRPC (99 samples)
213,172.53,2.7271134573621514,"Sample 213 
              Patient: DTB-149-BL 
              Expression: 2.7271134573621514
            ",WCDT-MCRPC (99 samples)
215,201.9,2.945950596813047,"Sample 215 
              Patient: DTB-097-PRO 
              Expression: 2.945950596813047
            ",WCDT-MCRPC (99 samples)
218,179.07,3.0476232316392533,"Sample 218 
              Patient: DTB-069-BL 
              Expression: 3.0476232316392533
            ",WCDT-MCRPC (99 samples)
221,181.74,2.2710948829855915,"Sample 221 
              Patient: DTB-085-BL 
              Expression: 2.2710948829855915
            ",WCDT-MCRPC (99 samples)
224,174.26,2.214843443214569,"Sample 224 
              Patient: DTB-220-BL 
              Expression: 2.214843443214569
            ",WCDT-MCRPC (99 samples)
234,201.32,4.728056142918018,"Sample 234 
              Patient: DTB-036-BL 
              Expression: 4.728056142918018
            ",WCDT-MCRPC (99 samples)
238,175.9,1.971515127965972,"Sample 238 
              Patient: DTB-172-BL 
              Expression: 1.971515127965972
            ",WCDT-MCRPC (99 samples)
264,172.53,2.2714182240714966,"Sample 264 
              Patient: DTB-119-PRO 
              Expression: 2.2714182240714966
            ",WCDT-MCRPC (99 samples)
268,177.41,2.6966752291612757,"Sample 268 
              Patient: DTB-258-BL 
              Expression: 2.6966752291612757
            ",WCDT-MCRPC (99 samples)
282,174.31,1.4769571444543905,"Sample 282 
              Patient: DTB-173-BL 
              Expression: 1.4769571444543905
            ",WCDT-MCRPC (99 samples)
284,173.02,1.642090760320201,"Sample 284 
              Patient: DTB-020-BL 
              Expression: 1.642090760320201
            ",WCDT-MCRPC (99 samples)
286,175.42,3.7362389904065822,"Sample 286 
              Patient: DTB-176-BL 
              Expression: 3.7362389904065822
            ",WCDT-MCRPC (99 samples)
287,175.97,1.9078237439656232,"Sample 287 
              Patient: DTB-090-PRO 
              Expression: 1.9078237439656232
            ",WCDT-MCRPC (99 samples)
288,174.26,2.139599175352883,"Sample 288 
              Patient: DTB-222-BL 
              Expression: 2.139599175352883
            ",WCDT-MCRPC (99 samples)
299,174.26,2.1172118375767144,"Sample 299 
              Patient: DTB-060-BL 
              Expression: 2.1172118375767144
            ",WCDT-MCRPC (99 samples)
302,169.08,1.2396320245859196,"Sample 302 
              Patient: DTB-186-BL 
              Expression: 1.2396320245859196
            ",WCDT-MCRPC (99 samples)
308,190.37,3.938335027956478,"Sample 308 
              Patient: DTB-202-BL 
              Expression: 3.938335027956478
            ",WCDT-MCRPC (99 samples)
309,181.16,3.5058698963784667,"Sample 309 
              Patient: DTB-124-BL 
              Expression: 3.5058698963784667
            ",WCDT-MCRPC (99 samples)
313,170.81,3.003690758092852,"Sample 313 
              Patient: DTB-255-BL 
              Expression: 3.003690758092852
            ",WCDT-MCRPC (99 samples)
331,175.98,2.4047763964548983,"Sample 331 
              Patient: DTB-034-BL 
              Expression: 2.4047763964548983
            ",WCDT-MCRPC (99 samples)
332,175.98,1.1853017200251603,"Sample 332 
              Patient: DTB-140-BL 
              Expression: 1.1853017200251603
            ",WCDT-MCRPC (99 samples)
341,180.13,1.7792142488588085,"Sample 341 
              Patient: DTB-265-PRO 
              Expression: 1.7792142488588085
            ",WCDT-MCRPC (99 samples)
342,174.46,2.895950871141079,"Sample 342 
              Patient: DTB-094-BL 
              Expression: 2.895950871141079
            ",WCDT-MCRPC (99 samples)
344,173.55,2.3524749394226667,"Sample 344 
              Patient: DTB-260-BL 
              Expression: 2.3524749394226667
            ",WCDT-MCRPC (99 samples)
354,172.4,2.217533841563022,"Sample 354 
              Patient: DTB-064-BL 
              Expression: 2.217533841563022
            ",WCDT-MCRPC (99 samples)
368,175.62,3.052041494112301,"Sample 368 
              Patient: DTB-127-PRO 
              Expression: 3.052041494112301
            ",WCDT-MCRPC (99 samples)
371,172.53,2.9556302164436,"Sample 371 
              Patient: DTB-146-BL 
              Expression: 2.9556302164436
            ",WCDT-MCRPC (99 samples)
385,169.08,1.1172761804432416,"Sample 385 
              Patient: DTB-234-BL 
              Expression: 1.1172761804432416
            ",WCDT-MCRPC (99 samples)
398,171.76,1.5792055800037827,"Sample 398 
              Patient: DTB-101-BL 
              Expression: 1.5792055800037827
            ",WCDT-MCRPC (99 samples)
400,179.23,3.868992694403288,"Sample 400 
              Patient: DTB-210-BL 
              Expression: 3.868992694403288
            ",WCDT-MCRPC (99 samples)
405,170.94,3.245734678585536,"Sample 405 
              Patient: DTB-204-BL 
              Expression: 3.245734678585536
            ",WCDT-MCRPC (99 samples)
406,166.5,1.9895190571940637,"Sample 406 
              Patient: DTB-201-PRO 
              Expression: 1.9895190571940637
            ",WCDT-MCRPC (99 samples)
429,181.29,3.697077478573837,"Sample 429 
              Patient: DTB-009-BL 
              Expression: 3.697077478573837
            ",WCDT-MCRPC (99 samples)
441,175.98,1.9358056632860339,"Sample 441 
              Patient: DTB-089-BL 
              Expression: 1.9358056632860339
            ",WCDT-MCRPC (99 samples)
443,163.91,2.301271898873657,"Sample 443 
              Patient: DTB-252-BL 
              Expression: 2.301271898873657
            ",WCDT-MCRPC (99 samples)
444,176.21,3.1179919565582472,"Sample 444 
              Patient: DTB-190-BL 
              Expression: 3.1179919565582472
            ",WCDT-MCRPC (99 samples)
451,177.51,3.386441358864255,"Sample 451 
              Patient: DTB-213-BL 
              Expression: 3.386441358864255
            ",WCDT-MCRPC (99 samples)
459,172.53,2.0730603493001403,"Sample 459 
              Patient: DTB-132-BL 
              Expression: 2.0730603493001403
            ",WCDT-MCRPC (99 samples)
472,174.37,1.2239317678705257,"Sample 472 
              Patient: DTB-011-BL 
              Expression: 1.2239317678705257
            ",WCDT-MCRPC (99 samples)
473,174.26,2.7383401766769526,"Sample 473 
              Patient: DTB-111-PRO 
              Expression: 2.7383401766769526
            ",WCDT-MCRPC (99 samples)
486,172.31,2.77229488144261,"Sample 486 
              Patient: DTB-023-BL 
              Expression: 2.77229488144261
            ",WCDT-MCRPC (99 samples)
491,172.69,2.9592412937023833,"Sample 491 
              Patient: DTB-141-BL 
              Expression: 2.9592412937023833
            ",WCDT-MCRPC (99 samples)
492,212.66,3.2050282223499,"Sample 492 
              Patient: DTB-061-BL 
              Expression: 3.2050282223499
            ",WCDT-MCRPC (99 samples)
500,161.75,2.4979274119373107,"Sample 500 
              Patient: DTB-151-BL 
              Expression: 2.4979274119373107
            ",WCDT-MCRPC (99 samples)
506,179.36,1.8880920995318964,"Sample 506 
              Patient: DTB-167-PRO 
              Expression: 1.8880920995318964
            ",WCDT-MCRPC (99 samples)
508,186.87,2.0694602719795774,"Sample 508 
              Patient: DTB-005-BL 
              Expression: 2.0694602719795774
            ",WCDT-MCRPC (99 samples)
521,174.98,4.2978766813625855,"Sample 521 
              Patient: DTB-261-BL 
              Expression: 4.2978766813625855
            ",WCDT-MCRPC (99 samples)
522,199.55,2.0359157873419735,"Sample 522 
              Patient: DTB-008-BL 
              Expression: 2.0359157873419735
            ",WCDT-MCRPC (99 samples)
528,183.82,4.822657441747454,"Sample 528 
              Patient: DTB-053-BL 
              Expression: 4.822657441747454
            ",WCDT-MCRPC (99 samples)
536,174.26,2.7479136713208137,"Sample 536 
              Patient: DTB-019-PRO 
              Expression: 2.7479136713208137
            ",WCDT-MCRPC (99 samples)
538,169.08,0.6357518468544262,"Sample 538 
              Patient: DTB-206-BL 
              Expression: 0.6357518468544262
            ",WCDT-MCRPC (99 samples)
542,192.99,2.9801144038567,"Sample 542 
              Patient: DTB-021-BL 
              Expression: 2.9801144038567
            ",WCDT-MCRPC (99 samples)
544,172.53,2.922999926251276,"Sample 544 
              Patient: DTB-128-BL 
              Expression: 2.922999926251276
            ",WCDT-MCRPC (99 samples)
545,203.01,3.982931394564267,"Sample 545 
              Patient: DTB-040-BL 
              Expression: 3.982931394564267
            ",WCDT-MCRPC (99 samples)
546,176.16,3.775427549923764,"Sample 546 
              Patient: DTB-138-BL 
              Expression: 3.775427549923764
            ",WCDT-MCRPC (99 samples)
563,177.71,4.528261786540088,"Sample 563 
              Patient: DTB-183-BL 
              Expression: 4.528261786540088
            ",WCDT-MCRPC (99 samples)
566,197.42,2.8085207965582923,"Sample 566 
              Patient: DTB-003-BL 
              Expression: 2.8085207965582923
            ",WCDT-MCRPC (99 samples)
570,202.85,3.954344782171329,"Sample 570 
              Patient: DTB-205-BL 
              Expression: 3.954344782171329
            ",WCDT-MCRPC (99 samples)
572,166.99,2.3542956290369865,"Sample 572 
              Patient: DTB-223-BL 
              Expression: 2.3542956290369865
            ",WCDT-MCRPC (99 samples)
579,193.23,4.801651569383014,"Sample 579 
              Patient: DTB-216-PRO 
              Expression: 4.801651569383014
            ",WCDT-MCRPC (99 samples)
592,173.55,3.131900810434416,"Sample 592 
              Patient: DTB-083-BL 
              Expression: 3.131900810434416
            ",WCDT-MCRPC (99 samples)
594,186.32,2.058587212849937,"Sample 594 
              Patient: DTB-126-BL 
              Expression: 2.058587212849937
            ",WCDT-MCRPC (99 samples)
595,175.98,3.1826919632456647,"Sample 595 
              Patient: DTB-165-PRO 
              Expression: 3.1826919632456647
            ",WCDT-MCRPC (99 samples)
596,193.5,3.575280374267888,"Sample 596 
              Patient: DTB-042-BL 
              Expression: 3.575280374267888
            ",WCDT-MCRPC (99 samples)
699,182.24,2.364272768486344,"Sample 699 
              Patient: DTB-102-PRO 
              Expression: 2.364272768486344
            ",WCDT-MCRPC (99 samples)
734,179.04,2.3406555605888393,"Sample 734 
              Patient: DTB-100-BL 
              Expression: 2.3406555605888393
            ",WCDT-MCRPC (99 samples)
744,189.78,3.1990761233023326,"Sample 744 
              Patient: DTB-156-BL 
              Expression: 3.1990761233023326
            ",WCDT-MCRPC (99 samples)
747,168.08,2.291994936859966,"Sample 747 
              Patient: DTB-121-BL 
              Expression: 2.291994936859966
            ",WCDT-MCRPC (99 samples)
599,169.34,0.987686711002595,"Sample 599 
              Patient: SAMEA4618845-1 
              Expression: 0.987686711002595
            ",NEPC lncRNA (96 samples)
600,169.75,0.7252282419512959,"Sample 600 
              Patient: SAMEA4618845-2 
              Expression: 0.7252282419512959
            ",NEPC lncRNA (96 samples)
601,169.79,1.7164521568326594,"Sample 601 
              Patient: SAMEA4618846-1 
              Expression: 1.7164521568326594
            ",NEPC lncRNA (96 samples)
602,178.41,1.1846576051664943,"Sample 602 
              Patient: SAMEA4618846-2 
              Expression: 1.1846576051664943
            ",NEPC lncRNA (96 samples)
603,158.23,0.8089587299602071,"Sample 603 
              Patient: SAMEA4618847-1 
              Expression: 0.8089587299602071
            ",NEPC lncRNA (96 samples)
604,159.05,0.7625629991356925,"Sample 604 
              Patient: SAMEA4618847-2 
              Expression: 0.7625629991356925
            ",NEPC lncRNA (96 samples)
605,154.85,1.435102945198976,"Sample 605 
              Patient: SAMEA4618848-1 
              Expression: 1.435102945198976
            ",NEPC lncRNA (96 samples)
606,155.84,1.5816226401540345,"Sample 606 
              Patient: SAMEA4618848-2 
              Expression: 1.5816226401540345
            ",NEPC lncRNA (96 samples)
607,75.04,1.9631783567035979,"Sample 607 
              Patient: SAMEA4618849-1 
              Expression: 1.9631783567035979
            ",NEPC lncRNA (96 samples)
608,76.81,1.7707469486330463,"Sample 608 
              Patient: SAMEA4618849-2 
              Expression: 1.7707469486330463
            ",NEPC lncRNA (96 samples)
609,110.65,0.549560302606192,"Sample 609 
              Patient: SAMEA4618852-1 
              Expression: 0.549560302606192
            ",NEPC lncRNA (96 samples)
610,111.08,0.5097782687356117,"Sample 610 
              Patient: SAMEA4618852-2 
              Expression: 0.5097782687356117
            ",NEPC lncRNA (96 samples)
611,100.45,1.2804011603380454,"Sample 611 
              Patient: SAMEA4618853-1 
              Expression: 1.2804011603380454
            ",NEPC lncRNA (96 samples)
612,100.62,0.35537373420536417,"Sample 612 
              Patient: SAMEA4618853-2 
              Expression: 0.35537373420536417
            ",NEPC lncRNA (96 samples)
613,116.34,1.0819895420193895,"Sample 613 
              Patient: SAMEA4618854-1 
              Expression: 1.0819895420193895
            ",NEPC lncRNA (96 samples)
614,116.72,0.9440354911124349,"Sample 614 
              Patient: SAMEA4618854-2 
              Expression: 0.9440354911124349
            ",NEPC lncRNA (96 samples)
615,96.52,0.868281977599118,"Sample 615 
              Patient: SAMEA4618855-1 
              Expression: 0.868281977599118
            ",NEPC lncRNA (96 samples)
616,96.24,0.6108955072982571,"Sample 616 
              Patient: SAMEA4618855-2 
              Expression: 0.6108955072982571
            ",NEPC lncRNA (96 samples)
617,99.17,0.711119096697793,"Sample 617 
              Patient: SAMEA4618857-1 
              Expression: 0.711119096697793
            ",NEPC lncRNA (96 samples)
618,99.19,0.5353154018683213,"Sample 618 
              Patient: SAMEA4618857-2 
              Expression: 0.5353154018683213
            ",NEPC lncRNA (96 samples)
619,88,1.119127808969641,"Sample 619 
              Patient: SAMEA4618858-1 
              Expression: 1.119127808969641
            ",NEPC lncRNA (96 samples)
620,87.8,0.9533207046819062,"Sample 620 
              Patient: SAMEA4618858-2 
              Expression: 0.9533207046819062
            ",NEPC lncRNA (96 samples)
621,95.34,0.8924281088814334,"Sample 621 
              Patient: SAMEA4618859-1 
              Expression: 0.8924281088814334
            ",NEPC lncRNA (96 samples)
622,95.65,0.6718126324903003,"Sample 622 
              Patient: SAMEA4618859-2 
              Expression: 0.6718126324903003
            ",NEPC lncRNA (96 samples)
623,123.45,0.9241676248109844,"Sample 623 
              Patient: SAMEA4618860-1 
              Expression: 0.9241676248109844
            ",NEPC lncRNA (96 samples)
624,124.86,0.6329696398478842,"Sample 624 
              Patient: SAMEA4618860-2 
              Expression: 0.6329696398478842
            ",NEPC lncRNA (96 samples)
625,68.48,1.4344746547952048,"Sample 625 
              Patient: SAMEA4618861-1 
              Expression: 1.4344746547952048
            ",NEPC lncRNA (96 samples)
626,69.04,1.3477966705742965,"Sample 626 
              Patient: SAMEA4618861-2 
              Expression: 1.3477966705742965
            ",NEPC lncRNA (96 samples)
627,110.54,0.7934589385992584,"Sample 627 
              Patient: SAMEA4618862-1 
              Expression: 0.7934589385992584
            ",NEPC lncRNA (96 samples)
628,111.13,0.5199329691490403,"Sample 628 
              Patient: SAMEA4618862-2 
              Expression: 0.5199329691490403
            ",NEPC lncRNA (96 samples)
629,106.17,0.7399474697603217,"Sample 629 
              Patient: SAMEA4618863-1 
              Expression: 0.7399474697603217
            ",NEPC lncRNA (96 samples)
630,106.56,0.5550133448694309,"Sample 630 
              Patient: SAMEA4618863-2 
              Expression: 0.5550133448694309
            ",NEPC lncRNA (96 samples)
631,83.85,0.7140638208223113,"Sample 631 
              Patient: SAMEA4618864-1 
              Expression: 0.7140638208223113
            ",NEPC lncRNA (96 samples)
632,83.08,0.5127030027129534,"Sample 632 
              Patient: SAMEA4618864-2 
              Expression: 0.5127030027129534
            ",NEPC lncRNA (96 samples)
633,122.72,0.7554719400541887,"Sample 633 
              Patient: SAMEA4618865-1 
              Expression: 0.7554719400541887
            ",NEPC lncRNA (96 samples)
634,123.64,0.5501691749961511,"Sample 634 
              Patient: SAMEA4618865-2 
              Expression: 0.5501691749961511
            ",NEPC lncRNA (96 samples)
635,111.09,0.7924453205892494,"Sample 635 
              Patient: SAMEA4618866-1 
              Expression: 0.7924453205892494
            ",NEPC lncRNA (96 samples)
636,111.72,0.6061308356382251,"Sample 636 
              Patient: SAMEA4618866-2 
              Expression: 0.6061308356382251
            ",NEPC lncRNA (96 samples)
637,76.94,1.1206512697160709,"Sample 637 
              Patient: SAMEA4618867-1 
              Expression: 1.1206512697160709
            ",NEPC lncRNA (96 samples)
638,76.31,1.0578824208287183,"Sample 638 
              Patient: SAMEA4618867-2 
              Expression: 1.0578824208287183
            ",NEPC lncRNA (96 samples)
639,69.4,0.661933275673427,"Sample 639 
              Patient: SAMEA4618868-1 
              Expression: 0.661933275673427
            ",NEPC lncRNA (96 samples)
640,68.7,0.5141304212978005,"Sample 640 
              Patient: SAMEA4618868-2 
              Expression: 0.5141304212978005
            ",NEPC lncRNA (96 samples)
641,89,0.5268634989969344,"Sample 641 
              Patient: SAMEA4618869-1 
              Expression: 0.5268634989969344
            ",NEPC lncRNA (96 samples)
642,88.74,0.455816211405213,"Sample 642 
              Patient: SAMEA4618869-2 
              Expression: 0.455816211405213
            ",NEPC lncRNA (96 samples)
643,90.1,0.40880594751223737,"Sample 643 
              Patient: SAMEA4618871-1 
              Expression: 0.40880594751223737
            ",NEPC lncRNA (96 samples)
644,90,0.3057223312286527,"Sample 644 
              Patient: SAMEA4618871-2 
              Expression: 0.3057223312286527
            ",NEPC lncRNA (96 samples)
645,86.08,0.5064951725870176,"Sample 645 
              Patient: SAMEA4618872-1 
              Expression: 0.5064951725870176
            ",NEPC lncRNA (96 samples)
646,85.4,0.5597560908416094,"Sample 646 
              Patient: SAMEA4618872-2 
              Expression: 0.5597560908416094
            ",NEPC lncRNA (96 samples)
647,102.61,0.4479248930366095,"Sample 647 
              Patient: SAMEA4618873-1 
              Expression: 0.4479248930366095
            ",NEPC lncRNA (96 samples)
648,103.23,0.39327886581173194,"Sample 648 
              Patient: SAMEA4618873-2 
              Expression: 0.39327886581173194
            ",NEPC lncRNA (96 samples)
649,88.14,0.8550590961837371,"Sample 649 
              Patient: SAMEA4618874-1 
              Expression: 0.8550590961837371
            ",NEPC lncRNA (96 samples)
650,88,0.7780671920811747,"Sample 650 
              Patient: SAMEA4618874-2 
              Expression: 0.7780671920811747
            ",NEPC lncRNA (96 samples)
651,86.91,0.5429199564743377,"Sample 651 
              Patient: SAMEA4618875-1 
              Expression: 0.5429199564743377
            ",NEPC lncRNA (96 samples)
652,86.28,0.4851663019834768,"Sample 652 
              Patient: SAMEA4618875-2 
              Expression: 0.4851663019834768
            ",NEPC lncRNA (96 samples)
653,98.19,0.7727600078584501,"Sample 653 
              Patient: SAMEA4618876-1 
              Expression: 0.7727600078584501
            ",NEPC lncRNA (96 samples)
654,98.16,0.6664441812462222,"Sample 654 
              Patient: SAMEA4618876-2 
              Expression: 0.6664441812462222
            ",NEPC lncRNA (96 samples)
655,88.19,0.45384257999423394,"Sample 655 
              Patient: SAMEA4618877-1 
              Expression: 0.45384257999423394
            ",NEPC lncRNA (96 samples)
656,88,0.3442951728424607,"Sample 656 
              Patient: SAMEA4618877-2 
              Expression: 0.3442951728424607
            ",NEPC lncRNA (96 samples)
657,91.62,0.35386634110251697,"Sample 657 
              Patient: SAMEA4618878-1 
              Expression: 0.35386634110251697
            ",NEPC lncRNA (96 samples)
658,91.29,0.31584595258806314,"Sample 658 
              Patient: SAMEA4618878-2 
              Expression: 0.31584595258806314
            ",NEPC lncRNA (96 samples)
659,81.1,0.7412242405075172,"Sample 659 
              Patient: SAMEA4618879-1 
              Expression: 0.7412242405075172
            ",NEPC lncRNA (96 samples)
660,80.04,0.7302465045505295,"Sample 660 
              Patient: SAMEA4618879-2 
              Expression: 0.7302465045505295
            ",NEPC lncRNA (96 samples)
661,100.07,0.9829603782152727,"Sample 661 
              Patient: SAMEA4618880-1 
              Expression: 0.9829603782152727
            ",NEPC lncRNA (96 samples)
662,100.42,0.8523263116573532,"Sample 662 
              Patient: SAMEA4618880-2 
              Expression: 0.8523263116573532
            ",NEPC lncRNA (96 samples)
663,102.34,0.9220036793845842,"Sample 663 
              Patient: SAMEA4618881-1 
              Expression: 0.9220036793845842
            ",NEPC lncRNA (96 samples)
664,102.68,0.6694842347117729,"Sample 664 
              Patient: SAMEA4618881-2 
              Expression: 0.6694842347117729
            ",NEPC lncRNA (96 samples)
665,95.14,1.1016565927710285,"Sample 665 
              Patient: SAMEA4618882-1 
              Expression: 1.1016565927710285
            ",NEPC lncRNA (96 samples)
666,95.22,0.749361085260453,"Sample 666 
              Patient: SAMEA4618882-2 
              Expression: 0.749361085260453
            ",NEPC lncRNA (96 samples)
667,88.62,0.735216295314007,"Sample 667 
              Patient: SAMEA4618883-1 
              Expression: 0.735216295314007
            ",NEPC lncRNA (96 samples)
668,88.32,0.6697717366990336,"Sample 668 
              Patient: SAMEA4618883-2 
              Expression: 0.6697717366990336
            ",NEPC lncRNA (96 samples)
669,76.11,1.0134625041558785,"Sample 669 
              Patient: SAMEA4618884-1 
              Expression: 1.0134625041558785
            ",NEPC lncRNA (96 samples)
670,75.54,0.9075272643929051,"Sample 670 
              Patient: SAMEA4618884-2 
              Expression: 0.9075272643929051
            ",NEPC lncRNA (96 samples)
671,91.48,0.8706694531104049,"Sample 671 
              Patient: SAMEA4618885-1 
              Expression: 0.8706694531104049
            ",NEPC lncRNA (96 samples)
672,91.29,0.7297167418166979,"Sample 672 
              Patient: SAMEA4618885-2 
              Expression: 0.7297167418166979
            ",NEPC lncRNA (96 samples)
673,86.27,0.41427458729793726,"Sample 673 
              Patient: SAMEA4618886-1 
              Expression: 0.41427458729793726
            ",NEPC lncRNA (96 samples)
674,86.23,0.3527219047221828,"Sample 674 
              Patient: SAMEA4618886-2 
              Expression: 0.3527219047221828
            ",NEPC lncRNA (96 samples)
675,101.19,0.41777026624946334,"Sample 675 
              Patient: SAMEA4618887-1 
              Expression: 0.41777026624946334
            ",NEPC lncRNA (96 samples)
676,101.11,0.36857906658249606,"Sample 676 
              Patient: SAMEA4618887-2 
              Expression: 0.36857906658249606
            ",NEPC lncRNA (96 samples)
677,79,0.7697261427291481,"Sample 677 
              Patient: SAMEA4618888-1 
              Expression: 0.7697261427291481
            ",NEPC lncRNA (96 samples)
678,78.4,0.6770292259879718,"Sample 678 
              Patient: SAMEA4618888-2 
              Expression: 0.6770292259879718
            ",NEPC lncRNA (96 samples)
679,104.42,0.2703233976291407,"Sample 679 
              Patient: SAMEA4618889-1 
              Expression: 0.2703233976291407
            ",NEPC lncRNA (96 samples)
680,104.89,0.21702215213907727,"Sample 680 
              Patient: SAMEA4618889-2 
              Expression: 0.21702215213907727
            ",NEPC lncRNA (96 samples)
681,113.29,0.8036153161830023,"Sample 681 
              Patient: SAMEA4618890-1 
              Expression: 0.8036153161830023
            ",NEPC lncRNA (96 samples)
682,114.17,0.755592289590595,"Sample 682 
              Patient: SAMEA4618890-2 
              Expression: 0.755592289590595
            ",NEPC lncRNA (96 samples)
683,101.56,0.7377170952635372,"Sample 683 
              Patient: SAMEA4618891-1 
              Expression: 0.7377170952635372
            ",NEPC lncRNA (96 samples)
684,101.4,0.6594372764221622,"Sample 684 
              Patient: SAMEA4618891-2 
              Expression: 0.6594372764221622
            ",NEPC lncRNA (96 samples)
685,107.58,0.7549674874530805,"Sample 685 
              Patient: SAMEA4618892-1 
              Expression: 0.7549674874530805
            ",NEPC lncRNA (96 samples)
686,108.46,0.4766008847612853,"Sample 686 
              Patient: SAMEA4618892-2 
              Expression: 0.4766008847612853
            ",NEPC lncRNA (96 samples)
687,75.68,0.8978173322147321,"Sample 687 
              Patient: SAMEA4618893-1 
              Expression: 0.8978173322147321
            ",NEPC lncRNA (96 samples)
688,75.04,0.7492440736675727,"Sample 688 
              Patient: SAMEA4618893-2 
              Expression: 0.7492440736675727
            ",NEPC lncRNA (96 samples)
689,61.77,0.8172077855531604,"Sample 689 
              Patient: SAMEA4618894-1 
              Expression: 0.8172077855531604
            ",NEPC lncRNA (96 samples)
690,60.44,0.6707389153694943,"Sample 690 
              Patient: SAMEA4618894-2 
              Expression: 0.6707389153694943
            ",NEPC lncRNA (96 samples)
691,98.35,0.815937769436481,"Sample 691 
              Patient: SAMEA4618895-1 
              Expression: 0.815937769436481
            ",NEPC lncRNA (96 samples)
692,98.35,0.7063823027490006,"Sample 692 
              Patient: SAMEA4618895-2 
              Expression: 0.7063823027490006
            ",NEPC lncRNA (96 samples)
693,88.02,0.6044016617733067,"Sample 693 
              Patient: SAMEA4618899-1 
              Expression: 0.6044016617733067
            ",NEPC lncRNA (96 samples)
694,87.89,0.4994325070713355,"Sample 694 
              Patient: SAMEA4618899-2 
              Expression: 0.4994325070713355
            ",NEPC lncRNA (96 samples)
748,205.25,1.1284412761261924,"Sample 748 
              Patient: 06115014-T-C-1_SI_4539 
              Expression: 1.1284412761261924
            ",SU2C-PCF (62 samples)
749,222.45,0.6784982737449947,"Sample 749 
              Patient: 06115013-T-C-2_SI_4538 
              Expression: 0.6784982737449947
            ",SU2C-PCF (62 samples)
750,218.24,0.9656612269220302,"Sample 750 
              Patient: 05115359-T-A-1_SI_9074 
              Expression: 0.9656612269220302
            ",SU2C-PCF (62 samples)
751,168.67,0.15636361717567196,"Sample 751 
              Patient: 05115327-T-A-1_SI_8527 
              Expression: 0.15636361717567196
            ",SU2C-PCF (62 samples)
752,220.27,0.15648915057140186,"Sample 752 
              Patient: 05115291-T-C-1_SI_8408 
              Expression: 0.15648915057140186
            ",SU2C-PCF (62 samples)
753,161.4,0.2210336440710638,"Sample 753 
              Patient: 05115290-T-A-1_SI_8296 
              Expression: 0.2210336440710638
            ",SU2C-PCF (62 samples)
754,214.45,0.35104506788236167,"Sample 754 
              Patient: 05115276-T-A-1_SI_8407 
              Expression: 0.35104506788236167
            ",SU2C-PCF (62 samples)
755,179.75,0.3946330723460811,"Sample 755 
              Patient: 05115261-T-A-2_SI_7590 
              Expression: 0.3946330723460811
            ",SU2C-PCF (62 samples)
756,176.65,0.3424689415458236,"Sample 756 
              Patient: 05115260-T-A-1_SI_8256 
              Expression: 0.3424689415458236
            ",SU2C-PCF (62 samples)
757,186.32,0.8333138543682324,"Sample 757 
              Patient: 05115259-T-C-2_SI_6554 
              Expression: 0.8333138543682324
            ",SU2C-PCF (62 samples)
758,223.57,0.35241354280352866,"Sample 758 
              Patient: 05115258-T-A-4_SI_6061 
              Expression: 0.35241354280352866
            ",SU2C-PCF (62 samples)
759,170.81,0.3756248505511467,"Sample 759 
              Patient: 05115256-T-C-2_SI_7956 
              Expression: 0.3756248505511467
            ",SU2C-PCF (62 samples)
760,196.96,0.5852368703709296,"Sample 760 
              Patient: 05115254-T-A-1_SI_7821 
              Expression: 0.5852368703709296
            ",SU2C-PCF (62 samples)
761,196.69,1.2584917987957418,"Sample 761 
              Patient: 05115203-T-A-1_SI_7068-1 
              Expression: 1.2584917987957418
            ",SU2C-PCF (62 samples)
762,196.69,1.3652985920035117,"Sample 762 
              Patient: 05115203-T-A-1_SI_7068-2 
              Expression: 1.3652985920035117
            ",SU2C-PCF (62 samples)
763,185.6,0.5435220158277462,"Sample 763 
              Patient: 05115255-T-A-2_SI_8294 
              Expression: 0.5435220158277462
            ",SU2C-PCF (62 samples)
764,182.56,0.5129305356239456,"Sample 764 
              Patient: 05115197-T-A-1_SI_7237 
              Expression: 0.5129305356239456
            ",SU2C-PCF (62 samples)
765,189.78,0.8684201434623432,"Sample 765 
              Patient: 05115196-T-A-1_SI_7233 
              Expression: 0.8684201434623432
            ",SU2C-PCF (62 samples)
766,221.52,0.13614966990547483,"Sample 766 
              Patient: 05115195-T-A-1_SI_7118 
              Expression: 0.13614966990547483
            ",SU2C-PCF (62 samples)
767,185.28,1.0233220694982095,"Sample 767 
              Patient: 05115194-T-A-1_SI_7070-1 
              Expression: 1.0233220694982095
            ",SU2C-PCF (62 samples)
768,185.1,1.0771447004921133,"Sample 768 
              Patient: 05115194-T-A-1_SI_7070-2 
              Expression: 1.0771447004921133
            ",SU2C-PCF (62 samples)
769,188.55,0.45711731047706095,"Sample 769 
              Patient: 05115193-T-A-1_SI_7585 
              Expression: 0.45711731047706095
            ",SU2C-PCF (62 samples)
770,165.31,0.6549443769243987,"Sample 770 
              Patient: 05115187-T-A-1_SI_7398 
              Expression: 0.6549443769243987
            ",SU2C-PCF (62 samples)
771,185.28,1.0275686876514267,"Sample 771 
              Patient: 05115186-T-A-2_SI_6848 
              Expression: 1.0275686876514267
            ",SU2C-PCF (62 samples)
772,190.81,1.2019558929709242,"Sample 772 
              Patient: 05115160-T-A-1_SI_7203 
              Expression: 1.2019558929709242
            ",SU2C-PCF (62 samples)
773,222.72,0.783776275156783,"Sample 773 
              Patient: 05115158-T-B-1_SI_7010 
              Expression: 0.783776275156783
            ",SU2C-PCF (62 samples)
774,198,1.828632084461199,"Sample 774 
              Patient: 05115130-T-A-1_SI_6695 
              Expression: 1.828632084461199
            ",SU2C-PCF (62 samples)
775,213.46,0.9991469683403237,"Sample 775 
              Patient: 05115129-T-A-1_SI_6690 
              Expression: 0.9991469683403237
            ",SU2C-PCF (62 samples)
776,161.25,0.2802235645061492,"Sample 776 
              Patient: 05115128-T-A-1_SI_6851 
              Expression: 0.2802235645061492
            ",SU2C-PCF (62 samples)
777,190.66,0.2882740752183331,"Sample 777 
              Patient: 05115127-T-A-1_SI_6321 
              Expression: 0.2882740752183331
            ",SU2C-PCF (62 samples)
778,180.47,0,"Sample 778 
              Patient: 05115078-T-C-1_SI_6325 
              Expression: 0
            ",SU2C-PCF (62 samples)
779,192.28,0.4722725427386364,"Sample 779 
              Patient: 05115075-T-A-1_SI_6209 
              Expression: 0.4722725427386364
            ",SU2C-PCF (62 samples)
780,179.43,0.4594461088175205,"Sample 780 
              Patient: 05115073-T-C-1_SI_6059 
              Expression: 0.4594461088175205
            ",SU2C-PCF (62 samples)
781,196.25,1.7695414225522346,"Sample 781 
              Patient: 05115058-T-A-1_SI_6271 
              Expression: 1.7695414225522346
            ",SU2C-PCF (62 samples)
782,182.64,1.6172330886833612,"Sample 782 
              Patient: 05115057-T-A-2_SI_5873 
              Expression: 1.6172330886833612
            ",SU2C-PCF (62 samples)
783,217.89,0.7379162429504484,"Sample 783 
              Patient: 05115034-T-A-1_SI_5924 
              Expression: 0.7379162429504484
            ",SU2C-PCF (62 samples)
784,182.28,0.9526532130407472,"Sample 784 
              Patient: 05115033-T-A-1_SI_5668 
              Expression: 0.9526532130407472
            ",SU2C-PCF (62 samples)
785,223.96,1.2641447564488582,"Sample 785 
              Patient: 05115031-T-C-1_SI_5594 
              Expression: 1.2641447564488582
            ",SU2C-PCF (62 samples)
786,190.36,1.0536092618317157,"Sample 786 
              Patient: 05115032-T-A-2_SI_5665 
              Expression: 1.0536092618317157
            ",SU2C-PCF (62 samples)
787,189.83,0.8091812287811376,"Sample 787 
              Patient: 05115030-T-A-1_SI_5551 
              Expression: 0.8091812287811376
            ",SU2C-PCF (62 samples)
788,218.81,0.5904322034791933,"Sample 788 
              Patient: 05115029-T-A-1_SI_5410 
              Expression: 0.5904322034791933
            ",SU2C-PCF (62 samples)
789,63.48,0.8147868319223558,"Sample 789 
              Patient: 05115028-T-A-1_SI_5258 
              Expression: 0.8147868319223558
            ",SU2C-PCF (62 samples)
790,142.32,1.3856760871629754,"Sample 790 
              Patient: 05115027-T-A-2_SI_5092 
              Expression: 1.3856760871629754
            ",SU2C-PCF (62 samples)
791,153.09,0.5801207304307591,"Sample 791 
              Patient: 05115026-T-A-1_SI_4966 
              Expression: 0.5801207304307591
            ",SU2C-PCF (62 samples)
792,228.75,0.7975126948198094,"Sample 792 
              Patient: 05115024-T-A-1_SI_4737 
              Expression: 0.7975126948198094
            ",SU2C-PCF (62 samples)
1100,168.59,0.35803340558485086,"Sample 1100 
              Patient: 5115409_SI_10142 
              Expression: 0.35803340558485086
            ",SU2C-PCF (62 samples)
1101,172.53,0.3532366826118768,"Sample 1101 
              Patient: 5115410_SI_10143 
              Expression: 0.3532366826118768
            ",SU2C-PCF (62 samples)
1102,227.58,1.5160634722938628,"Sample 1102 
              Patient: 5115547_SI_10311 
              Expression: 1.5160634722938628
            ",SU2C-PCF (62 samples)
1103,193.98,1.6692790899680499,"Sample 1103 
              Patient: 5115412_SI_10414 
              Expression: 1.6692790899680499
            ",SU2C-PCF (62 samples)
1104,184.61,0.45770189332595507,"Sample 1104 
              Patient: 5115528_SI_10697 
              Expression: 0.45770189332595507
            ",SU2C-PCF (62 samples)
1105,172.61,0.3691233047971375,"Sample 1105 
              Patient: 5115506_SI_10724 
              Expression: 0.3691233047971375
            ",SU2C-PCF (62 samples)
1106,176.78,0.18989716177330918,"Sample 1106 
              Patient: 5115608_SI_11081 
              Expression: 0.18989716177330918
            ",SU2C-PCF (62 samples)
1107,184.66,1.7152467309520307,"Sample 1107 
              Patient: 5115610_SI_11361 
              Expression: 1.7152467309520307
            ",SU2C-PCF (62 samples)
1108,190.93,1.1614253906216194,"Sample 1108 
              Patient: 5115611_SI_11362 
              Expression: 1.1614253906216194
            ",SU2C-PCF (62 samples)
1109,167.01,1.5879122215011474,"Sample 1109 
              Patient: 5115612_SI_11363 
              Expression: 1.5879122215011474
            ",SU2C-PCF (62 samples)
1110,213.17,1.250646136038451,"Sample 1110 
              Patient: 5115614_SI_11763 
              Expression: 1.250646136038451
            ",SU2C-PCF (62 samples)
1111,172.17,0.951941739422221,"Sample 1111 
              Patient: 5115651_SI_12472 
              Expression: 0.951941739422221
            ",SU2C-PCF (62 samples)
1112,192.01,0,"Sample 1112 
              Patient: 05115406-T-B-1_SI_9309 
              Expression: 0
            ",SU2C-PCF (62 samples)
1113,216.92,0.023566210331570213,"Sample 1113 
              Patient: 5115407_SI_9310 
              Expression: 0.023566210331570213
            ",SU2C-PCF (62 samples)
1114,185.94,0.8990819645731719,"Sample 1114 
              Patient: 05115405-T-A-1_SI_9377 
              Expression: 0.8990819645731719
            ",SU2C-PCF (62 samples)
1115,175.98,1.2593301143555025,"Sample 1115 
              Patient: 5115408_SI_9793 
              Expression: 1.2593301143555025
            ",SU2C-PCF (62 samples)
1116,224.29,1.1371903055153456,"Sample 1116 
              Patient: 05115501-T-A-1_SI_9988 
              Expression: 1.1371903055153456
            ",SU2C-PCF (62 samples)
793,237.38,0.7720323698776548,"Sample 793 
              Patient: WCMC155_1_N_RNA_Tumor 
              Expression: 0.7720323698776548
            ",T.C.B. 2015 (49 samples)
794,183.39,1.2947141269741274,"Sample 794 
              Patient: WCMC188_1_C_RNA_Tumor 
              Expression: 1.2947141269741274
            ",T.C.B. 2015 (49 samples)
795,241.67,1.420740070947086,"Sample 795 
              Patient: WCMC192_1_N_RNA_Tumor 
              Expression: 1.420740070947086
            ",T.C.B. 2015 (49 samples)
796,80.74,1.0250313779046754,"Sample 796 
              Patient: WCMC187_1_C_RNA_Tumor 
              Expression: 1.0250313779046754
            ",T.C.B. 2015 (49 samples)
797,220.15,3.729731726128661,"Sample 797 
              Patient: WCMC0_10_N_RNA_Tumor 
              Expression: 3.729731726128661
            ",T.C.B. 2015 (49 samples)
798,230.04,3.4339500419424644,"Sample 798 
              Patient: WCMC0_9_N_RNA_Tumor 
              Expression: 3.4339500419424644
            ",T.C.B. 2015 (49 samples)
799,214.18,3.235611005208888,"Sample 799 
              Patient: WCMC212_1_N_RNA_Tumor 
              Expression: 3.235611005208888
            ",T.C.B. 2015 (49 samples)
800,226.69,2.4089884365298224,"Sample 800 
              Patient: WCMC0_1_N_RNA_Tumor 
              Expression: 2.4089884365298224
            ",T.C.B. 2015 (49 samples)
801,216.81,1.2095688117472305,"Sample 801 
              Patient: WCMC159_6_C_RNA_Tumor 
              Expression: 1.2095688117472305
            ",T.C.B. 2015 (49 samples)
802,227.32,3.9973968530217507,"Sample 802 
              Patient: WCMC0_6_N_RNA_Tumor 
              Expression: 3.9973968530217507
            ",T.C.B. 2015 (49 samples)
803,195.02,1.7971654095551302,"Sample 803 
              Patient: WCMC139_1_C_RNA_Tumor 
              Expression: 1.7971654095551302
            ",T.C.B. 2015 (49 samples)
804,169.75,1.6557988854349643,"Sample 804 
              Patient: WCMC63_1_C_RNA_Tumor 
              Expression: 1.6557988854349643
            ",T.C.B. 2015 (49 samples)
805,181.16,1.240610453497734,"Sample 805 
              Patient: WCMC119_1_C_RNA_Tumor 
              Expression: 1.240610453497734
            ",T.C.B. 2015 (49 samples)
806,68.27,1.2812177676052259,"Sample 806 
              Patient: WCMC11_1_C_RNA_Tumor 
              Expression: 1.2812177676052259
            ",T.C.B. 2015 (49 samples)
807,51.29,1.3447730326744303,"Sample 807 
              Patient: WCMC4_1_C_RNA_Tumor 
              Expression: 1.3447730326744303
            ",T.C.B. 2015 (49 samples)
808,225.74,2.875615816889392,"Sample 808 
              Patient: WCMC170_1_C_RNA_Tumor 
              Expression: 2.875615816889392
            ",T.C.B. 2015 (49 samples)
809,205.31,1.4012108321144854,"Sample 809 
              Patient: WCMC90_5_C_RNA_Tumor 
              Expression: 1.4012108321144854
            ",T.C.B. 2015 (49 samples)
810,215.25,1.7367357457495773,"Sample 810 
              Patient: WCMC90_3_C_RNA_Tumor 
              Expression: 1.7367357457495773
            ",T.C.B. 2015 (49 samples)
811,223.42,1.1864823420731307,"Sample 811 
              Patient: WCMC90_1_C_RNA_Tumor 
              Expression: 1.1864823420731307
            ",T.C.B. 2015 (49 samples)
812,181.77,1.7140339449497106,"Sample 812 
              Patient: WCMC195_1_C_RNA_Tumor 
              Expression: 1.7140339449497106
            ",T.C.B. 2015 (49 samples)
813,215.86,2.071354844743792,"Sample 813 
              Patient: WCMC158_1_C_RNA_Tumor 
              Expression: 2.071354844743792
            ",T.C.B. 2015 (49 samples)
814,224.57,2.4284565670223848,"Sample 814 
              Patient: WCMC12_2_N_RNA_Tumor 
              Expression: 2.4284565670223848
            ",T.C.B. 2015 (49 samples)
815,240.88,0.8072882449548459,"Sample 815 
              Patient: WCMC169_1_C_RNA_Tumor 
              Expression: 0.8072882449548459
            ",T.C.B. 2015 (49 samples)
816,188.06,1.1949895269870867,"Sample 816 
              Patient: WCMC161_1_C_RNA_Tumor 
              Expression: 1.1949895269870867
            ",T.C.B. 2015 (49 samples)
817,219.43,1.4447341233126836,"Sample 817 
              Patient: WCMC9_2_C_RNA_Tumor 
              Expression: 1.4447341233126836
            ",T.C.B. 2015 (49 samples)
818,199.82,1.6491707253524266,"Sample 818 
              Patient: WCMC2_1_C_RNA_Tumor 
              Expression: 1.6491707253524266
            ",T.C.B. 2015 (49 samples)
819,203.9,0.4784070513409099,"Sample 819 
              Patient: WCMC159_2_C_RNA_Tumor 
              Expression: 0.4784070513409099
            ",T.C.B. 2015 (49 samples)
820,224.67,1.1223374153264878,"Sample 820 
              Patient: WCMC189_1_C_RNA_Tumor 
              Expression: 1.1223374153264878
            ",T.C.B. 2015 (49 samples)
821,200.14,1.7863136226812655,"Sample 821 
              Patient: WCMC159_3_C_RNA_Tumor 
              Expression: 1.7863136226812655
            ",T.C.B. 2015 (49 samples)
822,187.85,2.16491422537578,"Sample 822 
              Patient: WCMC91_1_C_RNA_Tumor 
              Expression: 2.16491422537578
            ",T.C.B. 2015 (49 samples)
823,222.31,1.5687618314934608,"Sample 823 
              Patient: WCMC14_1_C_RNA_Tumor 
              Expression: 1.5687618314934608
            ",T.C.B. 2015 (49 samples)
824,197.32,1.7667730484687065,"Sample 824 
              Patient: WCMC59_1_C_RNA_Tumor 
              Expression: 1.7667730484687065
            ",T.C.B. 2015 (49 samples)
825,167.07,1.1342500234611177,"Sample 825 
              Patient: WCMC89_1_C_RNA_Tumor 
              Expression: 1.1342500234611177
            ",T.C.B. 2015 (49 samples)
826,223.59,1.221542074590202,"Sample 826 
              Patient: WCMC162_1_C_RNA_Tumor 
              Expression: 1.221542074590202
            ",T.C.B. 2015 (49 samples)
827,201.04,1.1793172750110457,"Sample 827 
              Patient: WCMC159_1_C_RNA_Tumor 
              Expression: 1.1793172750110457
            ",T.C.B. 2015 (49 samples)
828,235.56,3.0245865211968,"Sample 828 
              Patient: WCMC0_8_N_RNA_Tumor 
              Expression: 3.0245865211968
            ",T.C.B. 2015 (49 samples)
829,220.09,4.031497652852762,"Sample 829 
              Patient: WCMC131_1_C_RNA_Tumor 
              Expression: 4.031497652852762
            ",T.C.B. 2015 (49 samples)
830,200.14,1.1877317651573964,"Sample 830 
              Patient: WCMC164_1_C_RNA_Tumor 
              Expression: 1.1877317651573964
            ",T.C.B. 2015 (49 samples)
831,183.21,0.7402176505525278,"Sample 831 
              Patient: WCMC7520_1_N_RNA_Tumor 
              Expression: 0.7402176505525278
            ",T.C.B. 2015 (49 samples)
832,234.77,1.911801018111603,"Sample 832 
              Patient: WCMC4240_1_N_RNA_Tumor 
              Expression: 1.911801018111603
            ",T.C.B. 2015 (49 samples)
833,191.84,0.4239939834897883,"Sample 833 
              Patient: WCMC9_1_C_RNA_Tumor 
              Expression: 0.4239939834897883
            ",T.C.B. 2015 (49 samples)
834,221.69,1.5960762802246669,"Sample 834 
              Patient: WCMC163_1_N_RNA_Tumor 
              Expression: 1.5960762802246669
            ",T.C.B. 2015 (49 samples)
835,239.89,1.916169076882205,"Sample 835 
              Patient: WCMC252_1_N_RNA_Tumor 
              Expression: 1.916169076882205
            ",T.C.B. 2015 (49 samples)
836,203.59,1.1487560352920274,"Sample 836 
              Patient: WCMC159_5_C_RNA_Tumor 
              Expression: 1.1487560352920274
            ",T.C.B. 2015 (49 samples)
837,208.5,0.37314685889282545,"Sample 837 
              Patient: WCMC172_1_C_RNA_Tumor 
              Expression: 0.37314685889282545
            ",T.C.B. 2015 (49 samples)
838,224.76,1.2172497124368324,"Sample 838 
              Patient: WCMC90_4_C_RNA_Tumor 
              Expression: 1.2172497124368324
            ",T.C.B. 2015 (49 samples)
839,209.87,3.651241467064158,"Sample 839 
              Patient: WCMC210_1_N_RNA_Tumor 
              Expression: 3.651241467064158
            ",T.C.B. 2015 (49 samples)
840,229.82,4.239606090834508,"Sample 840 
              Patient: WCMC0_5_N_RNA_Tumor 
              Expression: 4.239606090834508
            ",T.C.B. 2015 (49 samples)
841,253.49,1.306503432490179,"Sample 841 
              Patient: WCMC90_2_C_RNA_Tumor 
              Expression: 1.306503432490179
            ",T.C.B. 2015 (49 samples)
842,222.36,0.7868950070502773,"Sample 842 
              Patient: S74_RNA_V1N 
              Expression: 0.7868950070502773
            ",PROMOTE (79 samples)
843,246.85,1.1171570190033036,"Sample 843 
              Patient: S31_RNA_V1N 
              Expression: 1.1171570190033036
            ",PROMOTE (79 samples)
844,190.77,1.2090860006377366,"Sample 844 
              Patient: S59_RNA_V1N 
              Expression: 1.2090860006377366
            ",PROMOTE (79 samples)
845,200.89,0.26676273507689613,"Sample 845 
              Patient: S58_RNA_V1T 
              Expression: 0.26676273507689613
            ",PROMOTE (79 samples)
846,187.53,0.875610173219122,"Sample 846 
              Patient: S14_RNA_V1T 
              Expression: 0.875610173219122
            ",PROMOTE (79 samples)
847,228.25,0.8681250819754055,"Sample 847 
              Patient: S69_RNA_V1N 
              Expression: 0.8681250819754055
            ",PROMOTE (79 samples)
848,189.18,0.6755655591902823,"Sample 848 
              Patient: S43_RNA_V1T 
              Expression: 0.6755655591902823
            ",PROMOTE (79 samples)
849,212.71,0.18272248532701188,"Sample 849 
              Patient: S68_RNA_V1N 
              Expression: 0.18272248532701188
            ",PROMOTE (79 samples)
850,182.66,1.2857860375391492,"Sample 850 
              Patient: S39_RNA_V1N 
              Expression: 1.2857860375391492
            ",PROMOTE (79 samples)
851,229.52,0.2425428506512999,"Sample 851 
              Patient: S54_RNA_V1N 
              Expression: 0.2425428506512999
            ",PROMOTE (79 samples)
852,229.74,0.35156666246556734,"Sample 852 
              Patient: S7_RNA_V1N 
              Expression: 0.35156666246556734
            ",PROMOTE (79 samples)
853,181.39,0.2469596629249028,"Sample 853 
              Patient: S46_RNA_V1T 
              Expression: 0.2469596629249028
            ",PROMOTE (79 samples)
854,238.88,0,"Sample 854 
              Patient: S18_RNA_V1N 
              Expression: 0
            ",PROMOTE (79 samples)
855,207.88,3.4176001050210116,"Sample 855 
              Patient: S10_RNA_V1N 
              Expression: 3.4176001050210116
            ",PROMOTE (79 samples)
856,181.13,1.917877610148411,"Sample 856 
              Patient: S78_RNA_V1N 
              Expression: 1.917877610148411
            ",PROMOTE (79 samples)
857,169.26,0.9879880072337348,"Sample 857 
              Patient: S20_RNA_V1T 
              Expression: 0.9879880072337348
            ",PROMOTE (79 samples)
858,197.97,1.0680120371527622,"Sample 858 
              Patient: S56_RNA_V1T 
              Expression: 1.0680120371527622
            ",PROMOTE (79 samples)
859,181.3,0.6358578107380788,"Sample 859 
              Patient: S1_RNA_V1N 
              Expression: 0.6358578107380788
            ",PROMOTE (79 samples)
860,204.06,1.2701461595646837,"Sample 860 
              Patient: S72_RNA_V1N 
              Expression: 1.2701461595646837
            ",PROMOTE (79 samples)
861,245.32,0,"Sample 861 
              Patient: S52_RNA_V1N 
              Expression: 0
            ",PROMOTE (79 samples)
862,47.21,0.296020536986869,"Sample 862 
              Patient: S5_RNA_V1T 
              Expression: 0.296020536986869
            ",PROMOTE (79 samples)
863,240.38,0.5765011661777945,"Sample 863 
              Patient: S3_RNA_V1N 
              Expression: 0.5765011661777945
            ",PROMOTE (79 samples)
864,237.34,0.6767761387848052,"Sample 864 
              Patient: S26_RNA_V1T 
              Expression: 0.6767761387848052
            ",PROMOTE (79 samples)
865,203.59,3.6032644077967015,"Sample 865 
              Patient: S71_RNA_V1N 
              Expression: 3.6032644077967015
            ",PROMOTE (79 samples)
866,210.3,0,"Sample 866 
              Patient: S47_RNA_V1N 
              Expression: 0
            ",PROMOTE (79 samples)
867,188.75,0.6378726498855849,"Sample 867 
              Patient: S79_RNA_V1N 
              Expression: 0.6378726498855849
            ",PROMOTE (79 samples)
868,257.08,0.8171892579512493,"Sample 868 
              Patient: S85_RNA_V1N 
              Expression: 0.8171892579512493
            ",PROMOTE (79 samples)
869,182.39,0.3647876801424555,"Sample 869 
              Patient: S22_RNA_V1N 
              Expression: 0.3647876801424555
            ",PROMOTE (79 samples)
870,175.98,0.5349566449908754,"Sample 870 
              Patient: S75_RNA_V1T 
              Expression: 0.5349566449908754
            ",PROMOTE (79 samples)
871,201.41,1.3172370872103767,"Sample 871 
              Patient: S13_RNA_V1N 
              Expression: 1.3172370872103767
            ",PROMOTE (79 samples)
872,186.04,1.198926796497904,"Sample 872 
              Patient: S65_RNA_V1N 
              Expression: 1.198926796497904
            ",PROMOTE (79 samples)
873,174.72,0.4808176539730476,"Sample 873 
              Patient: S34_RNA_V1T 
              Expression: 0.4808176539730476
            ",PROMOTE (79 samples)
874,207.68,0.5691464806525178,"Sample 874 
              Patient: S55_RNA_V1N 
              Expression: 0.5691464806525178
            ",PROMOTE (79 samples)
875,220.05,1.8872227809165938,"Sample 875 
              Patient: S24_RNA_V1N 
              Expression: 1.8872227809165938
            ",PROMOTE (79 samples)
876,218.02,0.49720610706365453,"Sample 876 
              Patient: S19_RNA_V1N 
              Expression: 0.49720610706365453
            ",PROMOTE (79 samples)
877,182.11,0.7109951479853891,"Sample 877 
              Patient: S21_RNA_V1N 
              Expression: 0.7109951479853891
            ",PROMOTE (79 samples)
878,207.67,0.9555303683126004,"Sample 878 
              Patient: S57_RNA_V1N 
              Expression: 0.9555303683126004
            ",PROMOTE (79 samples)
879,250.66,0.44728679810838484,"Sample 879 
              Patient: S35_RNA_V1T 
              Expression: 0.44728679810838484
            ",PROMOTE (79 samples)
880,210.93,0.9353929542573761,"Sample 880 
              Patient: S41_RNA_V1N 
              Expression: 0.9353929542573761
            ",PROMOTE (79 samples)
881,187.15,1.2178526376335754,"Sample 881 
              Patient: S27_RNA_V1T 
              Expression: 1.2178526376335754
            ",PROMOTE (79 samples)
882,210.75,1.265477739000813,"Sample 882 
              Patient: S16_RNA_V1N 
              Expression: 1.265477739000813
            ",PROMOTE (79 samples)
883,203.38,0.3814785882739965,"Sample 883 
              Patient: S48_RNA_V1N 
              Expression: 0.3814785882739965
            ",PROMOTE (79 samples)
884,202.25,0.5698666776405809,"Sample 884 
              Patient: S17_RNA_V1N 
              Expression: 0.5698666776405809
            ",PROMOTE (79 samples)
885,189.06,0.572484757821394,"Sample 885 
              Patient: S2_RNA_V1N 
              Expression: 0.572484757821394
            ",PROMOTE (79 samples)
886,185.41,0.645208507948721,"Sample 886 
              Patient: S23_RNA_V1N 
              Expression: 0.645208507948721
            ",PROMOTE (79 samples)
887,63.2,0.5576358260290364,"Sample 887 
              Patient: S36_RNA_V1T 
              Expression: 0.5576358260290364
            ",PROMOTE (79 samples)
888,179.32,0.025807351464988023,"Sample 888 
              Patient: S80_RNA_V1T 
              Expression: 0.025807351464988023
            ",PROMOTE (79 samples)
889,191.28,1.227839736728252,"Sample 889 
              Patient: S62_RNA_V1N 
              Expression: 1.227839736728252
            ",PROMOTE (79 samples)
890,218.46,0.788341351812168,"Sample 890 
              Patient: S64_RNA_V1N 
              Expression: 0.788341351812168
            ",PROMOTE (79 samples)
891,166.89,0.6584029754234385,"Sample 891 
              Patient: S63_RNA_V1T 
              Expression: 0.6584029754234385
            ",PROMOTE (79 samples)
892,224.95,1.8698170559097103,"Sample 892 
              Patient: S76_RNA_V1N 
              Expression: 1.8698170559097103
            ",PROMOTE (79 samples)
893,243.05,3.1232541126025706,"Sample 893 
              Patient: S40_RNA_V1N 
              Expression: 3.1232541126025706
            ",PROMOTE (79 samples)
894,228.65,0.6886562138150777,"Sample 894 
              Patient: S12_RNA_V1N 
              Expression: 0.6886562138150777
            ",PROMOTE (79 samples)
895,177.37,0.7517040895458745,"Sample 895 
              Patient: S61_RNA_V1T 
              Expression: 0.7517040895458745
            ",PROMOTE (79 samples)
896,206.82,0.45012770949707304,"Sample 896 
              Patient: S30_RNA_V1N 
              Expression: 0.45012770949707304
            ",PROMOTE (79 samples)
897,204.5,0,"Sample 897 
              Patient: S38_RNA_V1N 
              Expression: 0
            ",PROMOTE (79 samples)
898,223.4,0.4791149467150048,"Sample 898 
              Patient: S53_RNA_V1N 
              Expression: 0.4791149467150048
            ",PROMOTE (79 samples)
899,194.54,1.7178277774812871,"Sample 899 
              Patient: S84_RNA_V1T 
              Expression: 1.7178277774812871
            ",PROMOTE (79 samples)
900,202.04,0.9965107360116793,"Sample 900 
              Patient: S81_RNA_V1N 
              Expression: 0.9965107360116793
            ",PROMOTE (79 samples)
901,232.92,0,"Sample 901 
              Patient: S25_RNA_V1N 
              Expression: 0
            ",PROMOTE (79 samples)
902,217.51,1.0940476486885045,"Sample 902 
              Patient: S88_RNA_V1N 
              Expression: 1.0940476486885045
            ",PROMOTE (79 samples)
903,211.84,0.5906944826175379,"Sample 903 
              Patient: S9_RNA_V1N 
              Expression: 0.5906944826175379
            ",PROMOTE (79 samples)
904,207.6,0.8557152018113348,"Sample 904 
              Patient: S15_RNA_V1N 
              Expression: 0.8557152018113348
            ",PROMOTE (79 samples)
905,176.54,0.5334580336298534,"Sample 905 
              Patient: S83_RNA_V1T 
              Expression: 0.5334580336298534
            ",PROMOTE (79 samples)
906,222.52,0.36021813998890606,"Sample 906 
              Patient: S42_RNA_V1N 
              Expression: 0.36021813998890606
            ",PROMOTE (79 samples)
907,184.09,0,"Sample 907 
              Patient: S86_RNA_V1N 
              Expression: 0
            ",PROMOTE (79 samples)
908,223.82,0.5972793741206988,"Sample 908 
              Patient: S29_RNA_V1N 
              Expression: 0.5972793741206988
            ",PROMOTE (79 samples)
909,183.42,1.1903664275892132,"Sample 909 
              Patient: S87_RNA_V1T 
              Expression: 1.1903664275892132
            ",PROMOTE (79 samples)
910,223.16,2.838178031616875,"Sample 910 
              Patient: S6_RNA_V1N 
              Expression: 2.838178031616875
            ",PROMOTE (79 samples)
911,188.15,1.3390481793667153,"Sample 911 
              Patient: S60_RNA_V1N 
              Expression: 1.3390481793667153
            ",PROMOTE (79 samples)
912,207.04,0.3131804589551599,"Sample 912 
              Patient: S11_RNA_V1N 
              Expression: 0.3131804589551599
            ",PROMOTE (79 samples)
913,171.67,0.7172631141523841,"Sample 913 
              Patient: S8_RNA_V1T 
              Expression: 0.7172631141523841
            ",PROMOTE (79 samples)
914,219.03,0.8334850898702645,"Sample 914 
              Patient: S77_RNA_V1N 
              Expression: 0.8334850898702645
            ",PROMOTE (79 samples)
915,175.18,0.5819923468778047,"Sample 915 
              Patient: S66_RNA_V1T 
              Expression: 0.5819923468778047
            ",PROMOTE (79 samples)
916,201.86,2.1090066051889127,"Sample 916 
              Patient: S82_RNA_V1N 
              Expression: 2.1090066051889127
            ",PROMOTE (79 samples)
917,221.25,0.5955078427976658,"Sample 917 
              Patient: S51_RNA_V1T 
              Expression: 0.5955078427976658
            ",PROMOTE (79 samples)
918,211.81,0.677988549970623,"Sample 918 
              Patient: S50_RNA_V1N 
              Expression: 0.677988549970623
            ",PROMOTE (79 samples)
919,248.71,0,"Sample 919 
              Patient: S45_RNA_V1N 
              Expression: 0
            ",PROMOTE (79 samples)
920,173.99,0.4879447027050191,"Sample 920 
              Patient: S49_RNA_V1T 
              Expression: 0.4879447027050191
            ",PROMOTE (79 samples)
921,111.72,1.0337336987943697,"Sample 921 
              Patient: N0_114T 
              Expression: 1.0337336987943697
            ",EIMB RAS (31 samples)
922,71.36,0.8068294511218461,"Sample 922 
              Patient: N0_138T 
              Expression: 0.8068294511218461
            ",EIMB RAS (31 samples)
923,71.94,0.70510450818367,"Sample 923 
              Patient: N0_221T 
              Expression: 0.70510450818367
            ",EIMB RAS (31 samples)
924,114.66,1.1513300345130357,"Sample 924 
              Patient: N0_206T 
              Expression: 1.1513300345130357
            ",EIMB RAS (31 samples)
925,58.43,1.2158529764712422,"Sample 925 
              Patient: N0_80T 
              Expression: 1.2158529764712422
            ",EIMB RAS (31 samples)
926,85.96,0.8090769729161484,"Sample 926 
              Patient: N0_203T 
              Expression: 0.8090769729161484
            ",EIMB RAS (31 samples)
927,80.51,0.9279423434719718,"Sample 927 
              Patient: N0_79T 
              Expression: 0.9279423434719718
            ",EIMB RAS (31 samples)
928,51.9,1.0878371173896852,"Sample 928 
              Patient: N0_88T 
              Expression: 1.0878371173896852
            ",EIMB RAS (31 samples)
929,95.1,0.9856438176525971,"Sample 929 
              Patient: N0_85T 
              Expression: 0.9856438176525971
            ",EIMB RAS (31 samples)
930,89.48,1.2589244806429205,"Sample 930 
              Patient: N0_102T 
              Expression: 1.2589244806429205
            ",EIMB RAS (31 samples)
931,90.41,0.959827769731105,"Sample 931 
              Patient: N0_95T 
              Expression: 0.959827769731105
            ",EIMB RAS (31 samples)
932,131.33,0.13419989780358285,"Sample 932 
              Patient: N0_109T 
              Expression: 0.13419989780358285
            ",EIMB RAS (31 samples)
933,56.65,1.3282427549433728,"Sample 933 
              Patient: N0_104T 
              Expression: 1.3282427549433728
            ",EIMB RAS (31 samples)
934,53.49,1.5409861573170112,"Sample 934 
              Patient: N0_4T 
              Expression: 1.5409861573170112
            ",EIMB RAS (31 samples)
935,102.81,1.0914277406818638,"Sample 935 
              Patient: N0_12T 
              Expression: 1.0914277406818638
            ",EIMB RAS (31 samples)
936,78.79,0.8588796168805455,"Sample 936 
              Patient: N0_6T 
              Expression: 0.8588796168805455
            ",EIMB RAS (31 samples)
937,79.7,1.0079449531309086,"Sample 937 
              Patient: N0_63T 
              Expression: 1.0079449531309086
            ",EIMB RAS (31 samples)
938,68.1,1.3328978444285613,"Sample 938 
              Patient: N0_54T_r 
              Expression: 1.3328978444285613
            ",EIMB RAS (31 samples)
939,81.96,1.1120477079846525,"Sample 939 
              Patient: N0_74T 
              Expression: 1.1120477079846525
            ",EIMB RAS (31 samples)
940,64.8,0.522882319979583,"Sample 940 
              Patient: N0_70T 
              Expression: 0.522882319979583
            ",EIMB RAS (31 samples)
941,105.25,0.7289616692327782,"Sample 941 
              Patient: N0_144T 
              Expression: 0.7289616692327782
            ",EIMB RAS (31 samples)
942,69.42,1.8351284249579976,"Sample 942 
              Patient: N0_153T 
              Expression: 1.8351284249579976
            ",EIMB RAS (31 samples)
943,128.95,1.5705762033271355,"Sample 943 
              Patient: N0_170T_r 
              Expression: 1.5705762033271355
            ",EIMB RAS (31 samples)
944,68.54,0.5001641217720181,"Sample 944 
              Patient: N0_172T 
              Expression: 0.5001641217720181
            ",EIMB RAS (31 samples)
945,81.85,1.1065553831642685,"Sample 945 
              Patient: N0_179T 
              Expression: 1.1065553831642685
            ",EIMB RAS (31 samples)
946,60.39,1.0899133654978508,"Sample 946 
              Patient: N0_182T 
              Expression: 1.0899133654978508
            ",EIMB RAS (31 samples)
947,66.28,0.5582259368898702,"Sample 947 
              Patient: N0_185T 
              Expression: 0.5582259368898702
            ",EIMB RAS (31 samples)
948,63.97,1.0428015035567366,"Sample 948 
              Patient: N0_186T 
              Expression: 1.0428015035567366
            ",EIMB RAS (31 samples)
949,82.57,0.714354872679936,"Sample 949 
              Patient: N0_190T 
              Expression: 0.714354872679936
            ",EIMB RAS (31 samples)
950,108.83,0.8967592584609837,"Sample 950 
              Patient: N0_5T_r 
              Expression: 0.8967592584609837
            ",EIMB RAS (31 samples)
951,95.49,0.623548456675521,"Sample 951 
              Patient: N0_143T 
              Expression: 0.623548456675521
            ",EIMB RAS (31 samples)
952,253.28,0.8125332226387354,"Sample 952 
              Patient: GSM3330157 
              Expression: 0.8125332226387354
            ",Sharp A et al. (41 samples)
953,231.04,2.412292864049455,"Sample 953 
              Patient: GSM3330156 
              Expression: 2.412292864049455
            ",Sharp A et al. (41 samples)
954,203.85,1.1694028414762832,"Sample 954 
              Patient: GSM3330158 
              Expression: 1.1694028414762832
            ",Sharp A et al. (41 samples)
955,189.77,0.5668255875584699,"Sample 955 
              Patient: GSM3330160 
              Expression: 0.5668255875584699
            ",Sharp A et al. (41 samples)
956,212.06,0.3448422917851765,"Sample 956 
              Patient: GSM3330159 
              Expression: 0.3448422917851765
            ",Sharp A et al. (41 samples)
957,186.29,0.6343711744622931,"Sample 957 
              Patient: GSM3330161 
              Expression: 0.6343711744622931
            ",Sharp A et al. (41 samples)
958,237.99,1.9194100598139874,"Sample 958 
              Patient: GSM3330162 
              Expression: 1.9194100598139874
            ",Sharp A et al. (41 samples)
959,232.8,2.6750139453580637,"Sample 959 
              Patient: GSM3330163 
              Expression: 2.6750139453580637
            ",Sharp A et al. (41 samples)
960,222.86,2.0329586561964956,"Sample 960 
              Patient: GSM3330164 
              Expression: 2.0329586561964956
            ",Sharp A et al. (41 samples)
961,197.62,1.4594699889851261,"Sample 961 
              Patient: GSM3330165 
              Expression: 1.4594699889851261
            ",Sharp A et al. (41 samples)
962,241.96,2.2616809786212184,"Sample 962 
              Patient: GSM3330166 
              Expression: 2.2616809786212184
            ",Sharp A et al. (41 samples)
963,240.2,1.2154360443254877,"Sample 963 
              Patient: GSM3330167 
              Expression: 1.2154360443254877
            ",Sharp A et al. (41 samples)
964,241.99,0.36820721255239786,"Sample 964 
              Patient: GSM3330168 
              Expression: 0.36820721255239786
            ",Sharp A et al. (41 samples)
965,183.2,0.5965496190660381,"Sample 965 
              Patient: GSM3330169 
              Expression: 0.5965496190660381
            ",Sharp A et al. (41 samples)
966,185.25,1.0965876630440954,"Sample 966 
              Patient: GSM3330170 
              Expression: 1.0965876630440954
            ",Sharp A et al. (41 samples)
967,176.14,0.3479911238838005,"Sample 967 
              Patient: GSM3330172 
              Expression: 0.3479911238838005
            ",Sharp A et al. (41 samples)
968,194.19,1.454011350686949,"Sample 968 
              Patient: GSM3330171 
              Expression: 1.454011350686949
            ",Sharp A et al. (41 samples)
969,199.41,2.0814714045338314,"Sample 969 
              Patient: GSM3330173 
              Expression: 2.0814714045338314
            ",Sharp A et al. (41 samples)
970,240.15,0.41417598834450847,"Sample 970 
              Patient: GSM3330175 
              Expression: 0.41417598834450847
            ",Sharp A et al. (41 samples)
971,247.33,0.4269715461586392,"Sample 971 
              Patient: GSM3330174 
              Expression: 0.4269715461586392
            ",Sharp A et al. (41 samples)
972,185.92,0.11705087618094065,"Sample 972 
              Patient: GSM3330176 
              Expression: 0.11705087618094065
            ",Sharp A et al. (41 samples)
973,202.78,1.7265827232133328,"Sample 973 
              Patient: GSM3330177 
              Expression: 1.7265827232133328
            ",Sharp A et al. (41 samples)
974,192.06,0.6107077915201962,"Sample 974 
              Patient: GSM3330179 
              Expression: 0.6107077915201962
            ",Sharp A et al. (41 samples)
975,198.16,1.5927577425345896,"Sample 975 
              Patient: GSM3330178 
              Expression: 1.5927577425345896
            ",Sharp A et al. (41 samples)
976,210.25,1.5605735962737584,"Sample 976 
              Patient: GSM3330182 
              Expression: 1.5605735962737584
            ",Sharp A et al. (41 samples)
977,231.87,0.6175196167356182,"Sample 977 
              Patient: GSM3330181 
              Expression: 0.6175196167356182
            ",Sharp A et al. (41 samples)
978,208.01,0.9732344234214072,"Sample 978 
              Patient: GSM3330180 
              Expression: 0.9732344234214072
            ",Sharp A et al. (41 samples)
979,244.92,1.6970315019196798,"Sample 979 
              Patient: GSM3330183 
              Expression: 1.6970315019196798
            ",Sharp A et al. (41 samples)
980,202.65,0.6091147612074,"Sample 980 
              Patient: GSM3330184 
              Expression: 0.6091147612074
            ",Sharp A et al. (41 samples)
981,225.18,1.3493273476106868,"Sample 981 
              Patient: GSM3330185 
              Expression: 1.3493273476106868
            ",Sharp A et al. (41 samples)
982,183.63,0.972837168732908,"Sample 982 
              Patient: GSM3330188 
              Expression: 0.972837168732908
            ",Sharp A et al. (41 samples)
983,207.89,1.029036617872485,"Sample 983 
              Patient: GSM3330186 
              Expression: 1.029036617872485
            ",Sharp A et al. (41 samples)
984,199.66,0.6585535683108908,"Sample 984 
              Patient: GSM3330187 
              Expression: 0.6585535683108908
            ",Sharp A et al. (41 samples)
985,188.64,0.957068068814426,"Sample 985 
              Patient: GSM3330189 
              Expression: 0.957068068814426
            ",Sharp A et al. (41 samples)
986,202.16,1.0881602083482589,"Sample 986 
              Patient: GSM3330190 
              Expression: 1.0881602083482589
            ",Sharp A et al. (41 samples)
987,186.33,1.5569147990189571,"Sample 987 
              Patient: GSM3330191 
              Expression: 1.5569147990189571
            ",Sharp A et al. (41 samples)
988,233.82,0.5321754286716842,"Sample 988 
              Patient: GSM3330193 
              Expression: 0.5321754286716842
            ",Sharp A et al. (41 samples)
989,192.73,1.3317305990490846,"Sample 989 
              Patient: GSM3330192 
              Expression: 1.3317305990490846
            ",Sharp A et al. (41 samples)
990,209.58,1.374388371153807,"Sample 990 
              Patient: GSM3330194 
              Expression: 1.374388371153807
            ",Sharp A et al. (41 samples)
991,247.57,1.7353688146965418,"Sample 991 
              Patient: GSM3330195 
              Expression: 1.7353688146965418
            ",Sharp A et al. (41 samples)
992,238.68,1.869472737483459,"Sample 992 
              Patient: GSM3330196 
              Expression: 1.869472737483459
            ",Sharp A et al. (41 samples)
993,97.66,0.6253385693435999,"Sample 993 
              Patient: GSM3409968 
              Expression: 0.6253385693435999
            ",Stelloo S et al. (92 samples)
994,97.94,0.479988612850232,"Sample 994 
              Patient: GSM3409969 
              Expression: 0.479988612850232
            ",Stelloo S et al. (92 samples)
995,92.78,0.820043047492566,"Sample 995 
              Patient: GSM3409967 
              Expression: 0.820043047492566
            ",Stelloo S et al. (92 samples)
996,91.87,0.5592363831779253,"Sample 996 
              Patient: GSM3409966 
              Expression: 0.5592363831779253
            ",Stelloo S et al. (92 samples)
997,96.52,0.5808723963604777,"Sample 997 
              Patient: GSM3409970 
              Expression: 0.5808723963604777
            ",Stelloo S et al. (92 samples)
998,81.71,0.5828448272196695,"Sample 998 
              Patient: GSM3409972 
              Expression: 0.5828448272196695
            ",Stelloo S et al. (92 samples)
999,81.07,0.8010329610587669,"Sample 999 
              Patient: GSM3409971 
              Expression: 0.8010329610587669
            ",Stelloo S et al. (92 samples)
1000,97.15,0.9886204522471654,"Sample 1000 
              Patient: GSM3409973 
              Expression: 0.9886204522471654
            ",Stelloo S et al. (92 samples)
1001,105.63,0.6059243561571156,"Sample 1001 
              Patient: GSM3409976 
              Expression: 0.6059243561571156
            ",Stelloo S et al. (92 samples)
1002,89.72,0.446970998178201,"Sample 1002 
              Patient: GSM3409975 
              Expression: 0.446970998178201
            ",Stelloo S et al. (92 samples)
1003,85.36,0.9276278607270744,"Sample 1003 
              Patient: GSM3409977 
              Expression: 0.9276278607270744
            ",Stelloo S et al. (92 samples)
1004,102.13,0.7187175814636335,"Sample 1004 
              Patient: GSM3409978 
              Expression: 0.7187175814636335
            ",Stelloo S et al. (92 samples)
1005,121.67,0.1812006221135156,"Sample 1005 
              Patient: GSM3409979 
              Expression: 0.1812006221135156
            ",Stelloo S et al. (92 samples)
1006,105.51,0.4059165783370535,"Sample 1006 
              Patient: GSM3409981 
              Expression: 0.4059165783370535
            ",Stelloo S et al. (92 samples)
1007,103.52,0.18578135311699967,"Sample 1007 
              Patient: GSM3409980 
              Expression: 0.18578135311699967
            ",Stelloo S et al. (92 samples)
1008,101.14,0.44227716349095264,"Sample 1008 
              Patient: GSM3409984 
              Expression: 0.44227716349095264
            ",Stelloo S et al. (92 samples)
1009,124.7,0.3359029434506264,"Sample 1009 
              Patient: GSM3409983 
              Expression: 0.3359029434506264
            ",Stelloo S et al. (92 samples)
1010,109.84,0.15306435387920275,"Sample 1010 
              Patient: GSM3409982 
              Expression: 0.15306435387920275
            ",Stelloo S et al. (92 samples)
1011,93.17,0.44030474644300416,"Sample 1011 
              Patient: GSM3409974 
              Expression: 0.44030474644300416
            ",Stelloo S et al. (92 samples)
1012,124.52,0.6939864891814153,"Sample 1012 
              Patient: GSM3409985 
              Expression: 0.6939864891814153
            ",Stelloo S et al. (92 samples)
1013,108.71,0.48499085726097346,"Sample 1013 
              Patient: GSM3409986 
              Expression: 0.48499085726097346
            ",Stelloo S et al. (92 samples)
1014,106.09,0.5359935147444028,"Sample 1014 
              Patient: GSM3409988 
              Expression: 0.5359935147444028
            ",Stelloo S et al. (92 samples)
1015,109.22,0.8628650181744186,"Sample 1015 
              Patient: GSM3409987 
              Expression: 0.8628650181744186
            ",Stelloo S et al. (92 samples)
1016,111.69,0.554068441923705,"Sample 1016 
              Patient: GSM3409990 
              Expression: 0.554068441923705
            ",Stelloo S et al. (92 samples)
1017,67.91,0.7038102470236459,"Sample 1017 
              Patient: GSM3409991 
              Expression: 0.7038102470236459
            ",Stelloo S et al. (92 samples)
1018,100.39,0.5020679547137011,"Sample 1018 
              Patient: GSM3409992 
              Expression: 0.5020679547137011
            ",Stelloo S et al. (92 samples)
1019,125.78,0.6655256382779131,"Sample 1019 
              Patient: GSM3409989 
              Expression: 0.6655256382779131
            ",Stelloo S et al. (92 samples)
1020,109.68,0.6559070015491478,"Sample 1020 
              Patient: GSM3409994 
              Expression: 0.6559070015491478
            ",Stelloo S et al. (92 samples)
1021,54.88,0.764181737259116,"Sample 1021 
              Patient: GSM3409993 
              Expression: 0.764181737259116
            ",Stelloo S et al. (92 samples)
1022,113.94,0.1140010677413154,"Sample 1022 
              Patient: GSM3409995 
              Expression: 0.1140010677413154
            ",Stelloo S et al. (92 samples)
1023,119.77,1.0160613130231824,"Sample 1023 
              Patient: GSM3409998 
              Expression: 1.0160613130231824
            ",Stelloo S et al. (92 samples)
1024,75.43,0.2203320301925212,"Sample 1024 
              Patient: GSM3409996 
              Expression: 0.2203320301925212
            ",Stelloo S et al. (92 samples)
1025,88.4,0.21125670845841646,"Sample 1025 
              Patient: GSM3409997 
              Expression: 0.21125670845841646
            ",Stelloo S et al. (92 samples)
1026,93.34,0.17509767438759738,"Sample 1026 
              Patient: GSM3410000 
              Expression: 0.17509767438759738
            ",Stelloo S et al. (92 samples)
1027,118.82,0.44891068554043456,"Sample 1027 
              Patient: GSM3409999 
              Expression: 0.44891068554043456
            ",Stelloo S et al. (92 samples)
1028,105.25,0.6685136005104398,"Sample 1028 
              Patient: GSM3410001 
              Expression: 0.6685136005104398
            ",Stelloo S et al. (92 samples)
1029,116.26,0.5766182509513297,"Sample 1029 
              Patient: GSM3410002 
              Expression: 0.5766182509513297
            ",Stelloo S et al. (92 samples)
1030,108.41,0.460031297373547,"Sample 1030 
              Patient: GSM3410003 
              Expression: 0.460031297373547
            ",Stelloo S et al. (92 samples)
1031,99.24,0.293903981004085,"Sample 1031 
              Patient: GSM3410004 
              Expression: 0.293903981004085
            ",Stelloo S et al. (92 samples)
1032,106.97,0.43238628123056927,"Sample 1032 
              Patient: GSM3410005 
              Expression: 0.43238628123056927
            ",Stelloo S et al. (92 samples)
1033,83.89,0.3534014003120313,"Sample 1033 
              Patient: GSM3410006 
              Expression: 0.3534014003120313
            ",Stelloo S et al. (92 samples)
1034,113.51,0.07943844288209219,"Sample 1034 
              Patient: GSM3410009 
              Expression: 0.07943844288209219
            ",Stelloo S et al. (92 samples)
1035,103.68,0.585312782478341,"Sample 1035 
              Patient: GSM3410007 
              Expression: 0.585312782478341
            ",Stelloo S et al. (92 samples)
1036,94.65,0.8648966588511583,"Sample 1036 
              Patient: GSM3410008 
              Expression: 0.8648966588511583
            ",Stelloo S et al. (92 samples)
1037,123.68,0.23866522611223445,"Sample 1037 
              Patient: GSM3410010 
              Expression: 0.23866522611223445
            ",Stelloo S et al. (92 samples)
1038,91.39,0.5728190272634919,"Sample 1038 
              Patient: GSM3410012 
              Expression: 0.5728190272634919
            ",Stelloo S et al. (92 samples)
1039,110.43,0.36534797289827387,"Sample 1039 
              Patient: GSM3410011 
              Expression: 0.36534797289827387
            ",Stelloo S et al. (92 samples)
1040,92.08,0.8460386772605925,"Sample 1040 
              Patient: GSM3410013 
              Expression: 0.8460386772605925
            ",Stelloo S et al. (92 samples)
1041,91.75,0.5154688852033974,"Sample 1041 
              Patient: GSM3410014 
              Expression: 0.5154688852033974
            ",Stelloo S et al. (92 samples)
1042,128.46,0.8505774165904708,"Sample 1042 
              Patient: GSM3410017 
              Expression: 0.8505774165904708
            ",Stelloo S et al. (92 samples)
1043,117.43,0.18662897957530458,"Sample 1043 
              Patient: GSM3410015 
              Expression: 0.18662897957530458
            ",Stelloo S et al. (92 samples)
1044,131.95,0.32888751117460985,"Sample 1044 
              Patient: GSM3410018 
              Expression: 0.32888751117460985
            ",Stelloo S et al. (92 samples)
1045,76.28,0.3696199474694713,"Sample 1045 
              Patient: GSM3410019 
              Expression: 0.3696199474694713
            ",Stelloo S et al. (92 samples)
1046,75.33,0.9658121302732366,"Sample 1046 
              Patient: GSM3410016 
              Expression: 0.9658121302732366
            ",Stelloo S et al. (92 samples)
1047,115.16,0.7063047334585567,"Sample 1047 
              Patient: GSM3410020 
              Expression: 0.7063047334585567
            ",Stelloo S et al. (92 samples)
1048,87.55,0.9923797223034597,"Sample 1048 
              Patient: GSM3410022 
              Expression: 0.9923797223034597
            ",Stelloo S et al. (92 samples)
1049,91.15,1.203126882444992,"Sample 1049 
              Patient: GSM3410021 
              Expression: 1.203126882444992
            ",Stelloo S et al. (92 samples)
1050,87.28,0.4767984944348709,"Sample 1050 
              Patient: GSM3410023 
              Expression: 0.4767984944348709
            ",Stelloo S et al. (92 samples)
1051,104.32,0,"Sample 1051 
              Patient: GSM3410024 
              Expression: 0
            ",Stelloo S et al. (92 samples)
1052,101.27,0,"Sample 1052 
              Patient: GSM3410025 
              Expression: 0
            ",Stelloo S et al. (92 samples)
1053,115.6,0.29828174624856185,"Sample 1053 
              Patient: GSM3410026 
              Expression: 0.29828174624856185
            ",Stelloo S et al. (92 samples)
1054,101.8,0,"Sample 1054 
              Patient: GSM3410028 
              Expression: 0
            ",Stelloo S et al. (92 samples)
1055,97.2,0,"Sample 1055 
              Patient: GSM3410027 
              Expression: 0
            ",Stelloo S et al. (92 samples)
1056,117.33,0.08447180634959527,"Sample 1056 
              Patient: GSM3410029 
              Expression: 0.08447180634959527
            ",Stelloo S et al. (92 samples)
1057,79.11,0,"Sample 1057 
              Patient: GSM3410030 
              Expression: 0
            ",Stelloo S et al. (92 samples)
1058,111.33,0.333793575584666,"Sample 1058 
              Patient: GSM3410031 
              Expression: 0.333793575584666
            ",Stelloo S et al. (92 samples)
1059,101.32,0.573540302825907,"Sample 1059 
              Patient: GSM3410032 
              Expression: 0.573540302825907
            ",Stelloo S et al. (92 samples)
1060,97.56,0.6131949636926299,"Sample 1060 
              Patient: GSM3410034 
              Expression: 0.6131949636926299
            ",Stelloo S et al. (92 samples)
1061,93.8,0,"Sample 1061 
              Patient: GSM3410033 
              Expression: 0
            ",Stelloo S et al. (92 samples)
1062,102.36,0.266559192271317,"Sample 1062 
              Patient: GSM3410035 
              Expression: 0.266559192271317
            ",Stelloo S et al. (92 samples)
1063,106.99,0.13824329262095622,"Sample 1063 
              Patient: GSM3410036 
              Expression: 0.13824329262095622
            ",Stelloo S et al. (92 samples)
1064,115.34,0,"Sample 1064 
              Patient: GSM3410039 
              Expression: 0
            ",Stelloo S et al. (92 samples)
1065,86.03,0,"Sample 1065 
              Patient: GSM3410037 
              Expression: 0
            ",Stelloo S et al. (92 samples)
1066,115.17,0.6585699699022868,"Sample 1066 
              Patient: GSM3410041 
              Expression: 0.6585699699022868
            ",Stelloo S et al. (92 samples)
1067,89.98,0.20356770711204317,"Sample 1067 
              Patient: GSM3410038 
              Expression: 0.20356770711204317
            ",Stelloo S et al. (92 samples)
1068,109.8,0.24829150451535983,"Sample 1068 
              Patient: GSM3410042 
              Expression: 0.24829150451535983
            ",Stelloo S et al. (92 samples)
1069,103.52,0,"Sample 1069 
              Patient: GSM3410040 
              Expression: 0
            ",Stelloo S et al. (92 samples)
1070,98.84,0,"Sample 1070 
              Patient: GSM3410043 
              Expression: 0
            ",Stelloo S et al. (92 samples)
1071,134.67,0.9486942481201126,"Sample 1071 
              Patient: GSM3410044 
              Expression: 0.9486942481201126
            ",Stelloo S et al. (92 samples)
1072,107.93,0,"Sample 1072 
              Patient: GSM3410045 
              Expression: 0
            ",Stelloo S et al. (92 samples)
1073,110.72,0.3656812241772854,"Sample 1073 
              Patient: GSM3410046 
              Expression: 0.3656812241772854
            ",Stelloo S et al. (92 samples)
1074,100.07,0,"Sample 1074 
              Patient: GSM3410047 
              Expression: 0
            ",Stelloo S et al. (92 samples)
1075,125.48,0.16765677608518267,"Sample 1075 
              Patient: GSM3410049 
              Expression: 0.16765677608518267
            ",Stelloo S et al. (92 samples)
1076,106.61,0.24074340599541222,"Sample 1076 
              Patient: GSM3410048 
              Expression: 0.24074340599541222
            ",Stelloo S et al. (92 samples)
1077,104.3,0.10739343175173946,"Sample 1077 
              Patient: GSM3410050 
              Expression: 0.10739343175173946
            ",Stelloo S et al. (92 samples)
1078,96.96,0.6423622214876616,"Sample 1078 
              Patient: GSM3410051 
              Expression: 0.6423622214876616
            ",Stelloo S et al. (92 samples)
1079,110.92,0,"Sample 1079 
              Patient: GSM3410052 
              Expression: 0
            ",Stelloo S et al. (92 samples)
1080,124.98,0,"Sample 1080 
              Patient: GSM3410053 
              Expression: 0
            ",Stelloo S et al. (92 samples)
1081,81.06,0.2625104850593615,"Sample 1081 
              Patient: GSM3410055 
              Expression: 0.2625104850593615
            ",Stelloo S et al. (92 samples)
1082,135.97,0,"Sample 1082 
              Patient: GSM3410054 
              Expression: 0
            ",Stelloo S et al. (92 samples)
1083,100.05,0.6280035415818203,"Sample 1083 
              Patient: GSM3410056 
              Expression: 0.6280035415818203
            ",Stelloo S et al. (92 samples)
1084,114.15,0.12603405929479064,"Sample 1084 
              Patient: GSM3410057 
              Expression: 0.12603405929479064
            ",Stelloo S et al. (92 samples)
1085,51.26,0.5532762975187007,"Sample 1085 
              Patient: GSM3415787 
              Expression: 0.5532762975187007
            ",ANTE (6 samples)
1086,66.78,0.6465031485145745,"Sample 1086 
              Patient: GSM3415788 
              Expression: 0.6465031485145745
            ",ANTE (6 samples)
1087,83.51,1.1170289780713918,"Sample 1087 
              Patient: GSM3415789 
              Expression: 1.1170289780713918
            ",ANTE (6 samples)
1088,92.43,0.09027899425295152,"Sample 1088 
              Patient: GSM3415882 
              Expression: 0.09027899425295152
            ",ANTE (6 samples)
1089,159.57,0.2878877452499788,"Sample 1089 
              Patient: GSM3415886 
              Expression: 0.2878877452499788
            ",ANTE (6 samples)
1090,61.92,0.46006455314151035,"Sample 1090 
              Patient: GSM3415895 
              Expression: 0.46006455314151035
            ",ANTE (6 samples)
1091,41.54,0.6448193293161888,"Sample 1091 
              Patient: GTEX-VJYA-1226-SM-3GIJ6 
              Expression: 0.6448193293161888
            ",GTEx (115 samples)
1092,56.72,0.9631724401889965,"Sample 1092 
              Patient: GTEX-WFG7-1826-SM-3GIL1 
              Expression: 0.9631724401889965
            ",GTEx (115 samples)
1093,70.29,1.0375722198239012,"Sample 1093 
              Patient: GTEX-NFK9-2226-SM-3MJGP 
              Expression: 1.0375722198239012
            ",GTEx (115 samples)
1094,51.02,0.8703881332549234,"Sample 1094 
              Patient: GTEX-OIZH-2026-SM-3NB1M 
              Expression: 0.8703881332549234
            ",GTEx (115 samples)
1095,23.18,1.339776561576558,"Sample 1095 
              Patient: GTEX-OOBJ-2026-SM-3NB1R 
              Expression: 1.339776561576558
            ",GTEx (115 samples)
1096,22.56,0.9294226635194544,"Sample 1096 
              Patient: GTEX-OOBK-2025-SM-3LK5S 
              Expression: 0.9294226635194544
            ",GTEx (115 samples)
1097,54.77,0.5806350504439235,"Sample 1097 
              Patient: GTEX-PLZ6-1126-SM-3P5ZR-1 
              Expression: 0.5806350504439235
            ",GTEx (115 samples)
1098,54.7,0.5700430506346689,"Sample 1098 
              Patient: GTEX-PLZ6-1126-SM-3P5ZR-2 
              Expression: 0.5700430506346689
            ",GTEx (115 samples)
1099,0,0.18225395691973445,"Sample 1099 
              Patient: GTEX-NPJ8-2426-SM-3MJHL 
              Expression: 0.18225395691973445
            ",GTEx (115 samples)
1176,48.48,1.5430752435609332,"Sample 1176 
              Patient: GTEX-RWSA-2026-SM-47JX8 
              Expression: 1.5430752435609332
            ",GTEx (115 samples)
1177,34.56,0.8279384256973839,"Sample 1177 
              Patient: GTEX-XGQ4-1826-SM-4AT6F 
              Expression: 0.8279384256973839
            ",GTEx (115 samples)
1178,52.12,1.3084527532003596,"Sample 1178 
              Patient: GTEX-XQ3S-2526-SM-4BOOG 
              Expression: 1.3084527532003596
            ",GTEx (115 samples)
1179,55,0.9897063634335552,"Sample 1179 
              Patient: GTEX-U3ZM-0926-SM-4DXSW 
              Expression: 0.9897063634335552
            ",GTEx (115 samples)
1180,61.47,0.9794306536831227,"Sample 1180 
              Patient: GTEX-REY6-2126-SM-48FD9 
              Expression: 0.9794306536831227
            ",GTEx (115 samples)
1181,18.24,1.5224277868806895,"Sample 1181 
              Patient: GTEX-XPVG-2026-SM-4B65E 
              Expression: 1.5224277868806895
            ",GTEx (115 samples)
1182,45.35,0.9587567635473029,"Sample 1182 
              Patient: GTEX-S33H-1826-SM-4AD65 
              Expression: 0.9587567635473029
            ",GTEx (115 samples)
1183,36.1,1.0683767968164601,"Sample 1183 
              Patient: GTEX-WFG8-1826-SM-4LVM4 
              Expression: 1.0683767968164601
            ",GTEx (115 samples)
1184,68.32,0.9113849075152368,"Sample 1184 
              Patient: GTEX-V1D1-1926-SM-4JBGX 
              Expression: 0.9113849075152368
            ",GTEx (115 samples)
1185,35.9,1.4531174524584318,"Sample 1185 
              Patient: GTEX-T8EM-1826-SM-4DM7F 
              Expression: 1.4531174524584318
            ",GTEx (115 samples)
1186,61.3,1.1769602961670278,"Sample 1186 
              Patient: GTEX-SJXC-2026-SM-4DM6N 
              Expression: 1.1769602961670278
            ",GTEx (115 samples)
1187,47.52,1.1305376027448986,"Sample 1187 
              Patient: GTEX-S4Q7-1026-SM-4AD75 
              Expression: 1.1305376027448986
            ",GTEx (115 samples)
1188,26.07,1.092524364517578,"Sample 1188 
              Patient: GTEX-UTHO-2726-SM-4JBH9 
              Expression: 1.092524364517578
            ",GTEx (115 samples)
1189,39.72,0.9590339121995051,"Sample 1189 
              Patient: GTEX-V955-1826-SM-4JBIL 
              Expression: 0.9590339121995051
            ",GTEx (115 samples)
1190,6.52,1.080244993557812,"Sample 1190 
              Patient: GTEX-SUCS-1126-SM-4DM61 
              Expression: 1.080244993557812
            ",GTEx (115 samples)
1191,58.74,1.1948812186032491,"Sample 1191 
              Patient: GTEX-U4B1-1426-SM-4DXTX 
              Expression: 1.1948812186032491
            ",GTEx (115 samples)
1192,64.87,0.471261574070399,"Sample 1192 
              Patient: GTEX-X5EB-1826-SM-4E3K8 
              Expression: 0.471261574070399
            ",GTEx (115 samples)
1193,23.31,1.115005714684575,"Sample 1193 
              Patient: GTEX-RM2N-1126-SM-48FCY 
              Expression: 1.115005714684575
            ",GTEx (115 samples)
1194,12.67,1.3873490562871564,"Sample 1194 
              Patient: GTEX-U3ZH-0926-SM-4DXU4 
              Expression: 1.3873490562871564
            ",GTEx (115 samples)
1195,12.7,0.8467266436922715,"Sample 1195 
              Patient: GTEX-U8XE-2526-SM-4E3IT 
              Expression: 0.8467266436922715
            ",GTEx (115 samples)
1196,66.77,0.3596564028128218,"Sample 1196 
              Patient: GTEX-SNMC-0926-SM-4DM5U 
              Expression: 0.3596564028128218
            ",GTEx (115 samples)
1197,48.23,1.2158407956629573,"Sample 1197 
              Patient: GTEX-Q2AI-1126-SM-48U19 
              Expression: 1.2158407956629573
            ",GTEx (115 samples)
1198,41.21,0.7845792441568852,"Sample 1198 
              Patient: GTEX-S95S-1026-SM-4B64M 
              Expression: 0.7845792441568852
            ",GTEx (115 samples)
1199,40.9,1.0435984890300245,"Sample 1199 
              Patient: GTEX-WFON-1626-SM-4LVMV 
              Expression: 1.0435984890300245
            ",GTEx (115 samples)
1200,31.09,0.8844207793216265,"Sample 1200 
              Patient: GTEX-S3XE-1326-SM-4AD4H 
              Expression: 0.8844207793216265
            ",GTEx (115 samples)
1201,52.14,1.2146346595925839,"Sample 1201 
              Patient: GTEX-XOTO-2826-SM-4B65I 
              Expression: 1.2146346595925839
            ",GTEx (115 samples)
1202,12.51,0.753914418729744,"Sample 1202 
              Patient: GTEX-T5JC-1226-SM-4DM7C 
              Expression: 0.753914418729744
            ",GTEx (115 samples)
1203,26.1,0.9798568588209322,"Sample 1203 
              Patient: GTEX-U412-2026-SM-4DXSI 
              Expression: 0.9798568588209322
            ",GTEx (115 samples)
1204,11.32,0.3040976776205177,"Sample 1204 
              Patient: GTEX-XXEK-1226-SM-4BRUY 
              Expression: 0.3040976776205177
            ",GTEx (115 samples)
1205,50.14,1.1082935946055676,"Sample 1205 
              Patient: GTEX-WH7G-1726-SM-4LVKY 
              Expression: 1.1082935946055676
            ",GTEx (115 samples)
1206,60.39,0.8227757049359288,"Sample 1206 
              Patient: GTEX-XMK1-1026-SM-4B65H 
              Expression: 0.8227757049359288
            ",GTEx (115 samples)
1207,21.17,0.907076289760446,"Sample 1207 
              Patient: GTEX-XAJ8-0626-SM-47JY4 
              Expression: 0.907076289760446
            ",GTEx (115 samples)
1208,56.81,0.7759847250056663,"Sample 1208 
              Patient: GTEX-117YX-1526-SM-5H12T 
              Expression: 0.7759847250056663
            ",GTEx (115 samples)
1209,38.09,0.4357465109401084,"Sample 1209 
              Patient: GTEX-11O72-2726-SM-5HL6K 
              Expression: 0.4357465109401084
            ",GTEx (115 samples)
1210,50.14,1.0973005052489586,"Sample 1210 
              Patient: GTEX-11NSD-0826-SM-5986S 
              Expression: 1.0973005052489586
            ",GTEx (115 samples)
1211,20.84,0.6364338597874536,"Sample 1211 
              Patient: GTEX-13NYS-1026-SM-5KLZT 
              Expression: 0.6364338597874536
            ",GTEx (115 samples)
1212,17.1,1.4917160343618736,"Sample 1212 
              Patient: GTEX-145LV-1226-SM-5S2QH 
              Expression: 1.4917160343618736
            ",GTEx (115 samples)
1213,40.28,1.3475798476152017,"Sample 1213 
              Patient: GTEX-14ABY-0726-SM-5Q5DF 
              Expression: 1.3475798476152017
            ",GTEx (115 samples)
1214,51.77,0.7002795333201729,"Sample 1214 
              Patient: GTEX-1399R-0526-SM-5IJEF 
              Expression: 0.7002795333201729
            ",GTEx (115 samples)
1215,18.35,1.4260374479779514,"Sample 1215 
              Patient: GTEX-131XF-1926-SM-5DUW4 
              Expression: 1.4260374479779514
            ",GTEx (115 samples)
1216,56.92,0.48426122717738884,"Sample 1216 
              Patient: GTEX-146FQ-1726-SM-5QGPX 
              Expression: 0.48426122717738884
            ",GTEx (115 samples)
1217,37.1,1.1844255708205997,"Sample 1217 
              Patient: GTEX-ZLFU-1726-SM-4WWBU 
              Expression: 1.1844255708205997
            ",GTEx (115 samples)
1218,34.84,1.2040271310934318,"Sample 1218 
              Patient: GTEX-13O61-1726-SM-5KM46 
              Expression: 1.2040271310934318
            ",GTEx (115 samples)
1219,58.41,0.916563535701279,"Sample 1219 
              Patient: GTEX-ZT9W-1626-SM-4YCDQ 
              Expression: 0.916563535701279
            ",GTEx (115 samples)
1220,30.39,0.5328553600965469,"Sample 1220 
              Patient: GTEX-ZEX8-2026-SM-4WKF3 
              Expression: 0.5328553600965469
            ",GTEx (115 samples)
1221,57.38,1.0653593051825543,"Sample 1221 
              Patient: GTEX-ZVP2-0826-SM-59HJ6 
              Expression: 1.0653593051825543
            ",GTEx (115 samples)
1222,34.01,1.9098969058941466,"Sample 1222 
              Patient: GTEX-11WQK-2726-SM-5EQMU 
              Expression: 1.9098969058941466
            ",GTEx (115 samples)
1223,17.14,0.5732625376847591,"Sample 1223 
              Patient: GTEX-WK11-2626-SM-4OOSK 
              Expression: 0.5732625376847591
            ",GTEx (115 samples)
1224,35.98,0.6033580899821053,"Sample 1224 
              Patient: GTEX-11OF3-1726-SM-5GU5Q 
              Expression: 0.6033580899821053
            ",GTEx (115 samples)
1225,53.45,1.0066398307128646,"Sample 1225 
              Patient: GTEX-YF7O-1926-SM-4W1YQ 
              Expression: 1.0066398307128646
            ",GTEx (115 samples)
1226,39.7,0.39780285614443806,"Sample 1226 
              Patient: GTEX-11EQ9-1726-SM-5HL6U 
              Expression: 0.39780285614443806
            ",GTEx (115 samples)
1227,44.04,1.208136393359623,"Sample 1227 
              Patient: GTEX-11DYG-2526-SM-5N9BB 
              Expression: 1.208136393359623
            ",GTEx (115 samples)
1228,47.41,0.7915098519219156,"Sample 1228 
              Patient: GTEX-117YW-1426-SM-5EGGO 
              Expression: 0.7915098519219156
            ",GTEx (115 samples)
1229,48.28,1.2651130432410038,"Sample 1229 
              Patient: GTEX-14BMV-2326-SM-5RQJ4 
              Expression: 1.2651130432410038
            ",GTEx (115 samples)
1230,34.51,0.3394013179027902,"Sample 1230 
              Patient: GTEX-QV44-1526-SM-4R1KI 
              Expression: 0.3394013179027902
            ",GTEx (115 samples)
1231,58.47,0.8583240933067129,"Sample 1231 
              Patient: GTEX-QV31-1026-SM-4R1K3 
              Expression: 0.8583240933067129
            ",GTEx (115 samples)
1312,57.65,0.500902340549505,"Sample 1312 
              Patient: GTEX-YB5E-1826-SM-5IFI4 
              Expression: 0.500902340549505
            ",GTEx (115 samples)
1313,45.79,0.7361878445800658,"Sample 1313 
              Patient: GTEX-QEG4-2226-SM-4R1JM 
              Expression: 0.7361878445800658
            ",GTEx (115 samples)
1314,31.46,1.3253933191697778,"Sample 1314 
              Patient: GTEX-12BJ1-1226-SM-5LUAE 
              Expression: 1.3253933191697778
            ",GTEx (115 samples)
1315,40.31,1.5619210012584783,"Sample 1315 
              Patient: GTEX-148VJ-1826-SM-5Q5DV 
              Expression: 1.5619210012584783
            ",GTEx (115 samples)
1316,66.42,1.3191507029662015,"Sample 1316 
              Patient: GTEX-13FXS-2826-SM-5LZYC 
              Expression: 1.3191507029662015
            ",GTEx (115 samples)
1317,54.28,0.933865880383703,"Sample 1317 
              Patient: GTEX-Y9LG-1826-SM-4VBQC 
              Expression: 0.933865880383703
            ",GTEx (115 samples)
1318,10.64,0.9571883617600463,"Sample 1318 
              Patient: GTEX-11DXZ-1826-SM-5H12Y 
              Expression: 0.9571883617600463
            ",GTEx (115 samples)
1319,25.43,0.9272009429031975,"Sample 1319 
              Patient: GTEX-13O21-1126-SM-5N9EV 
              Expression: 0.9272009429031975
            ",GTEx (115 samples)
1320,41.09,0.6356269154466605,"Sample 1320 
              Patient: GTEX-144GM-0826-SM-5O98R 
              Expression: 0.6356269154466605
            ",GTEx (115 samples)
1321,22.19,1.148650618580759,"Sample 1321 
              Patient: GTEX-WY7C-2026-SM-4ONCM 
              Expression: 1.148650618580759
            ",GTEx (115 samples)
1322,61.84,0.45049373382620034,"Sample 1322 
              Patient: GTEX-WOFM-0326-SM-4OOSL 
              Expression: 0.45049373382620034
            ",GTEx (115 samples)
1323,26.79,1.4377720107273595,"Sample 1323 
              Patient: GTEX-13FHO-2826-SM-5K7ZA 
              Expression: 1.4377720107273595
            ",GTEx (115 samples)
1324,31.06,0.9480142846839759,"Sample 1324 
              Patient: GTEX-QLQ7-1326-SM-4R1JY 
              Expression: 0.9480142846839759
            ",GTEx (115 samples)
1325,49.24,0.8610417932137611,"Sample 1325 
              Patient: GTEX-ZZ64-0926-SM-5E44L 
              Expression: 0.8610417932137611
            ",GTEx (115 samples)
1326,42.16,1.1138628899292413,"Sample 1326 
              Patient: GTEX-QMRM-1426-SM-4R1K8 
              Expression: 1.1138628899292413
            ",GTEx (115 samples)
1327,32.69,1.0170757119039209,"Sample 1327 
              Patient: GTEX-12ZZZ-2026-SM-5LZWJ 
              Expression: 1.0170757119039209
            ",GTEx (115 samples)
1328,57.79,0.8997521109130975,"Sample 1328 
              Patient: GTEX-132NY-2826-SM-5P9G2 
              Expression: 0.8997521109130975
            ",GTEx (115 samples)
1329,54.54,1.0284293720347368,"Sample 1329 
              Patient: GTEX-111FC-2026-SM-5GZYO 
              Expression: 1.0284293720347368
            ",GTEx (115 samples)
1330,43.62,0.32268802008246117,"Sample 1330 
              Patient: GTEX-ZYFD-2526-SM-5E45L 
              Expression: 0.32268802008246117
            ",GTEx (115 samples)
1331,24.3,0.9843906994159131,"Sample 1331 
              Patient: GTEX-13G51-2326-SM-5LZXV 
              Expression: 0.9843906994159131
            ",GTEx (115 samples)
1332,34.16,0.80626288957311,"Sample 1332 
              Patient: GTEX-111CU-1526-SM-5N9FS 
              Expression: 0.80626288957311
            ",GTEx (115 samples)
1333,29.71,0.8285305589787707,"Sample 1333 
              Patient: GTEX-14C5O-2826-SM-5RQI6 
              Expression: 0.8285305589787707
            ",GTEx (115 samples)
1334,51.65,0.9859135700635254,"Sample 1334 
              Patient: GTEX-132QS-1126-SM-5P9GC 
              Expression: 0.9859135700635254
            ",GTEx (115 samples)
1335,85.49,0.6998681608407942,"Sample 1335 
              Patient: GTEX-ZUA1-2826-SM-59HLE 
              Expression: 0.6998681608407942
            ",GTEx (115 samples)
1336,57.01,1.1922625934733289,"Sample 1336 
              Patient: GTEX-13FTW-1226-SM-5LZZ1 
              Expression: 1.1922625934733289
            ",GTEx (115 samples)
1337,32.84,1.0451284088702315,"Sample 1337 
              Patient: GTEX-13N2G-1826-SM-5KM1I 
              Expression: 1.0451284088702315
            ",GTEx (115 samples)
1338,63.67,0.6544611982414666,"Sample 1338 
              Patient: GTEX-WZTO-0926-SM-4PQZ3 
              Expression: 0.6544611982414666
            ",GTEx (115 samples)
1339,14.86,0.5128311311271129,"Sample 1339 
              Patient: GTEX-1477Z-2226-SM-5QGPG 
              Expression: 0.5128311311271129
            ",GTEx (115 samples)
1340,59.9,1.2448759916496104,"Sample 1340 
              Patient: GTEX-11TUW-2126-SM-5GU7B 
              Expression: 1.2448759916496104
            ",GTEx (115 samples)
1341,40.95,0.8230386032382422,"Sample 1341 
              Patient: GTEX-139T6-1526-SM-5P9G6 
              Expression: 0.8230386032382422
            ",GTEx (115 samples)
1342,26.8,0.9713896010905723,"Sample 1342 
              Patient: GTEX-13111-1326-SM-5GCNO 
              Expression: 0.9713896010905723
            ",GTEx (115 samples)
1343,48.49,1.137438073853523,"Sample 1343 
              Patient: GTEX-ZY6K-1526-SM-5GZXE 
              Expression: 1.137438073853523
            ",GTEx (115 samples)
1344,11.9,0.4721821403527935,"Sample 1344 
              Patient: GTEX-YFCO-1626-SM-4W1Z3 
              Expression: 0.4721821403527935
            ",GTEx (115 samples)
1345,52.17,0.949970476940865,"Sample 1345 
              Patient: GTEX-145LT-0626-SM-5O99E 
              Expression: 0.949970476940865
            ",GTEx (115 samples)
1346,44.79,0.6972953094142359,"Sample 1346 
              Patient: GTEX-14E6E-1126-SM-5S2R4 
              Expression: 0.6972953094142359
            ",GTEx (115 samples)
1347,26.9,1.1739232445459458,"Sample 1347 
              Patient: GTEX-12696-2226-SM-5EQ65 
              Expression: 1.1739232445459458
            ",GTEx (115 samples)
1348,43.3,1.2716086230296146,"Sample 1348 
              Patient: GTEX-11TT1-2026-SM-5EQM8 
              Expression: 1.2716086230296146
            ",GTEx (115 samples)
1349,37.59,1.2455286845134224,"Sample 1349 
              Patient: GTEX-ZPU1-2026-SM-57WFI 
              Expression: 1.2455286845134224
            ",GTEx (115 samples)
1350,37.31,0.8339059162338831,"Sample 1350 
              Patient: GTEX-Y8E4-2126-SM-5RQHO 
              Expression: 0.8339059162338831
            ",GTEx (115 samples)
1351,60.06,0.6897053817599749,"Sample 1351 
              Patient: GTEX-12C56-1326-SM-5FQSV 
              Expression: 0.6897053817599749
            ",GTEx (115 samples)
1352,53.67,1.0635055972084815,"Sample 1352 
              Patient: GTEX-11P7K-0626-SM-5985Z 
              Expression: 1.0635055972084815
            ",GTEx (115 samples)
1353,27.12,0.9343888710110935,"Sample 1353 
              Patient: GTEX-YJ8A-1126-SM-5IFJU 
              Expression: 0.9343888710110935
            ",GTEx (115 samples)
1354,42.21,0.6737592623593046,"Sample 1354 
              Patient: GTEX-1399T-1226-SM-5P9J5 
              Expression: 0.6737592623593046
            ",GTEx (115 samples)
1355,30.22,1.1294778964970809,"Sample 1355 
              Patient: GTEX-ZTTD-2726-SM-57WFA 
              Expression: 1.1294778964970809
            ",GTEx (115 samples)
1356,6.95,0.8135368924578772,"Sample 1356 
              Patient: GTEX-145LU-2126-SM-5Q5E9 
              Expression: 0.8135368924578772
            ",GTEx (115 samples)
1357,59.83,0.8376725693130839,"Sample 1357 
              Patient: GTEX-11P82-1126-SM-5BC5K 
              Expression: 0.8376725693130839
            ",GTEx (115 samples)
1358,14.56,0.3393966193737716,"Sample 1358 
              Patient: GTEX-13RTJ-2126-SM-5S2PZ 
              Expression: 0.3393966193737716
            ",GTEx (115 samples)
1359,50.38,0.7370290511640978,"Sample 1359 
              Patient: GTEX-ZDYS-1226-SM-5IJF3 
              Expression: 0.7370290511640978
            ",GTEx (115 samples)
1360,38.35,1.477815080070543,"Sample 1360 
              Patient: GTEX-11ZUS-2126-SM-5N9E6 
              Expression: 1.477815080070543
            ",GTEx (115 samples)
1361,41.13,0.8281575979246795,"Sample 1361 
              Patient: GTEX-WYJK-0626-SM-4ONCZ 
              Expression: 0.8281575979246795
            ",GTEx (115 samples)
1117,203.09,0.8285096876192763,"Sample 1117 
              Patient: GSM3591016 
              Expression: 0.8285096876192763
            ",Labrecque MP et al. (59 samples)
1118,161.15,1.0437861890397977,"Sample 1118 
              Patient: GSM3591017 
              Expression: 1.0437861890397977
            ",Labrecque MP et al. (59 samples)
1119,157.73,1.6976922765704894,"Sample 1119 
              Patient: GSM3591018 
              Expression: 1.6976922765704894
            ",Labrecque MP et al. (59 samples)
1120,210.64,0.36884543962246275,"Sample 1120 
              Patient: GSM3591019 
              Expression: 0.36884543962246275
            ",Labrecque MP et al. (59 samples)
1121,192.14,0.7558867980494667,"Sample 1121 
              Patient: GSM3591021 
              Expression: 0.7558867980494667
            ",Labrecque MP et al. (59 samples)
1122,208.42,0.343643170069456,"Sample 1122 
              Patient: GSM3591022 
              Expression: 0.343643170069456
            ",Labrecque MP et al. (59 samples)
1123,193.93,1.3127478296485628,"Sample 1123 
              Patient: GSM3591023 
              Expression: 1.3127478296485628
            ",Labrecque MP et al. (59 samples)
1124,181.17,0.9755871407566292,"Sample 1124 
              Patient: GSM3591024 
              Expression: 0.9755871407566292
            ",Labrecque MP et al. (59 samples)
1125,223.29,2.3430114892297627,"Sample 1125 
              Patient: GSM3591025 
              Expression: 2.3430114892297627
            ",Labrecque MP et al. (59 samples)
1126,227.68,1.2630400921590303,"Sample 1126 
              Patient: GSM3591026 
              Expression: 1.2630400921590303
            ",Labrecque MP et al. (59 samples)
1127,203.1,0.8318367385403985,"Sample 1127 
              Patient: GSM3591027 
              Expression: 0.8318367385403985
            ",Labrecque MP et al. (59 samples)
1128,201.44,1.2580842670660506,"Sample 1128 
              Patient: GSM3591028 
              Expression: 1.2580842670660506
            ",Labrecque MP et al. (59 samples)
1129,184.61,0.7724498889963031,"Sample 1129 
              Patient: GSM3591029 
              Expression: 0.7724498889963031
            ",Labrecque MP et al. (59 samples)
1130,159.75,1.0368338851494727,"Sample 1130 
              Patient: GSM3591030 
              Expression: 1.0368338851494727
            ",Labrecque MP et al. (59 samples)
1131,166.35,0.8794405360484613,"Sample 1131 
              Patient: GSM3591031 
              Expression: 0.8794405360484613
            ",Labrecque MP et al. (59 samples)
1132,192.59,1.0856107658832146,"Sample 1132 
              Patient: GSM3591032 
              Expression: 1.0856107658832146
            ",Labrecque MP et al. (59 samples)
1133,198.82,0.8596684507426862,"Sample 1133 
              Patient: GSM3591033 
              Expression: 0.8596684507426862
            ",Labrecque MP et al. (59 samples)
1134,169.62,1.5239249952343483,"Sample 1134 
              Patient: GSM3591034 
              Expression: 1.5239249952343483
            ",Labrecque MP et al. (59 samples)
1135,189.31,1.625174670753024,"Sample 1135 
              Patient: GSM3591035 
              Expression: 1.625174670753024
            ",Labrecque MP et al. (59 samples)
1136,169.5,0.4613596592395644,"Sample 1136 
              Patient: GSM3591036 
              Expression: 0.4613596592395644
            ",Labrecque MP et al. (59 samples)
1137,174.51,0.894304239651602,"Sample 1137 
              Patient: GSM3591037 
              Expression: 0.894304239651602
            ",Labrecque MP et al. (59 samples)
1138,209.89,0.7617881446184696,"Sample 1138 
              Patient: GSM3591038 
              Expression: 0.7617881446184696
            ",Labrecque MP et al. (59 samples)
1139,164.76,0.1776172236894785,"Sample 1139 
              Patient: GSM3591039 
              Expression: 0.1776172236894785
            ",Labrecque MP et al. (59 samples)
1140,168.64,0.8455396528144954,"Sample 1140 
              Patient: GSM3591040 
              Expression: 0.8455396528144954
            ",Labrecque MP et al. (59 samples)
1141,189.17,0.5440416094649152,"Sample 1141 
              Patient: GSM3591041 
              Expression: 0.5440416094649152
            ",Labrecque MP et al. (59 samples)
1142,196.99,1.164787375007115,"Sample 1142 
              Patient: GSM3591042 
              Expression: 1.164787375007115
            ",Labrecque MP et al. (59 samples)
1143,180.06,0.4016916383968027,"Sample 1143 
              Patient: GSM3591043 
              Expression: 0.4016916383968027
            ",Labrecque MP et al. (59 samples)
1144,256.36,0.8467175151423378,"Sample 1144 
              Patient: GSM3591044 
              Expression: 0.8467175151423378
            ",Labrecque MP et al. (59 samples)
1145,249.62,0.9253607637537732,"Sample 1145 
              Patient: GSM3591045 
              Expression: 0.9253607637537732
            ",Labrecque MP et al. (59 samples)
1146,196.69,1.0887534477250576,"Sample 1146 
              Patient: GSM3591048 
              Expression: 1.0887534477250576
            ",Labrecque MP et al. (59 samples)
1147,244.1,2.3327082795460505,"Sample 1147 
              Patient: GSM3591054 
              Expression: 2.3327082795460505
            ",Labrecque MP et al. (59 samples)
1148,204.61,2.0323568514579913,"Sample 1148 
              Patient: GSM3591055 
              Expression: 2.0323568514579913
            ",Labrecque MP et al. (59 samples)
1149,182.62,0.537182855847862,"Sample 1149 
              Patient: GSM3591057 
              Expression: 0.537182855847862
            ",Labrecque MP et al. (59 samples)
1150,179.95,0.650071638846359,"Sample 1150 
              Patient: GSM3591064 
              Expression: 0.650071638846359
            ",Labrecque MP et al. (59 samples)
1151,247.94,0.761785816531468,"Sample 1151 
              Patient: GSM3591066 
              Expression: 0.761785816531468
            ",Labrecque MP et al. (59 samples)
1152,219.68,1.457937764240457,"Sample 1152 
              Patient: GSM3591068 
              Expression: 1.457937764240457
            ",Labrecque MP et al. (59 samples)
1153,206.24,1.5871658503089239,"Sample 1153 
              Patient: GSM3591069 
              Expression: 1.5871658503089239
            ",Labrecque MP et al. (59 samples)
1154,201.34,1.0513839354606558,"Sample 1154 
              Patient: GSM3591072 
              Expression: 1.0513839354606558
            ",Labrecque MP et al. (59 samples)
1155,191.16,1.7342760347544084,"Sample 1155 
              Patient: GSM3591076 
              Expression: 1.7342760347544084
            ",Labrecque MP et al. (59 samples)
1156,233.14,0.1346279650975852,"Sample 1156 
              Patient: GSM3591079 
              Expression: 0.1346279650975852
            ",Labrecque MP et al. (59 samples)
1157,222.24,1.0448842677530188,"Sample 1157 
              Patient: GSM3591080 
              Expression: 1.0448842677530188
            ",Labrecque MP et al. (59 samples)
1158,181.78,0.7801819153005709,"Sample 1158 
              Patient: GSM3591092 
              Expression: 0.7801819153005709
            ",Labrecque MP et al. (59 samples)
1159,180.81,0.6288530421158938,"Sample 1159 
              Patient: GSM3591093 
              Expression: 0.6288530421158938
            ",Labrecque MP et al. (59 samples)
1160,250.8,0.8500282612175725,"Sample 1160 
              Patient: GSM3591098 
              Expression: 0.8500282612175725
            ",Labrecque MP et al. (59 samples)
1161,205.91,1.5643873281264078,"Sample 1161 
              Patient: GSM3591099 
              Expression: 1.5643873281264078
            ",Labrecque MP et al. (59 samples)
1162,204.47,1.520395145835015,"Sample 1162 
              Patient: GSM3591100 
              Expression: 1.520395145835015
            ",Labrecque MP et al. (59 samples)
1163,207.61,1.6393957847941643,"Sample 1163 
              Patient: GSM3591101 
              Expression: 1.6393957847941643
            ",Labrecque MP et al. (59 samples)
1164,244.18,1.782585133409865,"Sample 1164 
              Patient: GSM3591102 
              Expression: 1.782585133409865
            ",Labrecque MP et al. (59 samples)
1165,233.74,1.699401043400707,"Sample 1165 
              Patient: GSM3591103 
              Expression: 1.699401043400707
            ",Labrecque MP et al. (59 samples)
1166,214.17,1.8292216468251938,"Sample 1166 
              Patient: GSM3591104 
              Expression: 1.8292216468251938
            ",Labrecque MP et al. (59 samples)
1167,200.38,2.3616727322309865,"Sample 1167 
              Patient: GSM3591105 
              Expression: 2.3616727322309865
            ",Labrecque MP et al. (59 samples)
1168,201.09,2.4134796980448963,"Sample 1168 
              Patient: GSM3591106 
              Expression: 2.4134796980448963
            ",Labrecque MP et al. (59 samples)
1169,181.67,0.9161507575423401,"Sample 1169 
              Patient: GSM3591107 
              Expression: 0.9161507575423401
            ",Labrecque MP et al. (59 samples)
1170,187.27,1.0179773988239398,"Sample 1170 
              Patient: GSM3591108 
              Expression: 1.0179773988239398
            ",Labrecque MP et al. (59 samples)
1171,177.02,0.9229256208319958,"Sample 1171 
              Patient: GSM3591109 
              Expression: 0.9229256208319958
            ",Labrecque MP et al. (59 samples)
1172,197.31,1.3476786969599175,"Sample 1172 
              Patient: GSM3591110 
              Expression: 1.3476786969599175
            ",Labrecque MP et al. (59 samples)
1173,218.76,1.3650308244002707,"Sample 1173 
              Patient: GSM3591112 
              Expression: 1.3650308244002707
            ",Labrecque MP et al. (59 samples)
1174,218.48,0.9584536666710257,"Sample 1174 
              Patient: GSM3591111 
              Expression: 0.9584536666710257
            ",Labrecque MP et al. (59 samples)
1175,214.34,1.0725577135602165,"Sample 1175 
              Patient: GSM3591113 
              Expression: 1.0725577135602165
            ",Labrecque MP et al. (59 samples)
1232,253.27,0.7814382000088954,"Sample 1232 
              Patient: GSM4422675 
              Expression: 0.7814382000088954
            ",Nyquist MD et al. (80 samples)
1233,203.81,1.17596403096436,"Sample 1233 
              Patient: GSM4422676 
              Expression: 1.17596403096436
            ",Nyquist MD et al. (80 samples)
1234,212.02,0.34615661775236173,"Sample 1234 
              Patient: GSM4422678 
              Expression: 0.34615661775236173
            ",Nyquist MD et al. (80 samples)
1235,189.73,0.5608847919021924,"Sample 1235 
              Patient: GSM4422679 
              Expression: 0.5608847919021924
            ",Nyquist MD et al. (80 samples)
1236,186.33,0.6339097670473107,"Sample 1236 
              Patient: GSM4422680 
              Expression: 0.6339097670473107
            ",Nyquist MD et al. (80 samples)
1237,237.96,1.9168110848151625,"Sample 1237 
              Patient: GSM4422681 
              Expression: 1.9168110848151625
            ",Nyquist MD et al. (80 samples)
1238,232.85,2.746230718910098,"Sample 1238 
              Patient: GSM4422682 
              Expression: 2.746230718910098
            ",Nyquist MD et al. (80 samples)
1239,222.98,2.0926815374950403,"Sample 1239 
              Patient: GSM4422684 
              Expression: 2.0926815374950403
            ",Nyquist MD et al. (80 samples)
1240,197.48,1.463586489749366,"Sample 1240 
              Patient: GSM4422686 
              Expression: 1.463586489749366
            ",Nyquist MD et al. (80 samples)
1241,208.25,1.0387685005744374,"Sample 1241 
              Patient: GSM4422688 
              Expression: 1.0387685005744374
            ",Nyquist MD et al. (80 samples)
1242,242.1,2.197947454942166,"Sample 1242 
              Patient: GSM4422689 
              Expression: 2.197947454942166
            ",Nyquist MD et al. (80 samples)
1243,240.25,1.232546982451193,"Sample 1243 
              Patient: GSM4422690 
              Expression: 1.232546982451193
            ",Nyquist MD et al. (80 samples)
1244,242.19,0.3782137848191995,"Sample 1244 
              Patient: GSM4422691 
              Expression: 0.3782137848191995
            ",Nyquist MD et al. (80 samples)
1245,183.21,0.607557965484948,"Sample 1245 
              Patient: GSM4422692 
              Expression: 0.607557965484948
            ",Nyquist MD et al. (80 samples)
1246,185.1,1.0962089476662273,"Sample 1246 
              Patient: GSM4422693 
              Expression: 1.0962089476662273
            ",Nyquist MD et al. (80 samples)
1247,194.18,1.4519445688006403,"Sample 1247 
              Patient: GSM4422694 
              Expression: 1.4519445688006403
            ",Nyquist MD et al. (80 samples)
1248,176.26,0.3550772814257456,"Sample 1248 
              Patient: GSM4422696 
              Expression: 0.3550772814257456
            ",Nyquist MD et al. (80 samples)
1249,199.47,2.1302133047535934,"Sample 1249 
              Patient: GSM4422698 
              Expression: 2.1302133047535934
            ",Nyquist MD et al. (80 samples)
1250,247.43,0.45496236603811235,"Sample 1250 
              Patient: GSM4422701 
              Expression: 0.45496236603811235
            ",Nyquist MD et al. (80 samples)
1251,240.3,0.44719735467419597,"Sample 1251 
              Patient: GSM4422702 
              Expression: 0.44719735467419597
            ",Nyquist MD et al. (80 samples)
1252,185.84,0.10283062793071697,"Sample 1252 
              Patient: GSM4422704 
              Expression: 0.10283062793071697
            ",Nyquist MD et al. (80 samples)
1253,202.78,1.733487418134519,"Sample 1253 
              Patient: GSM4422705 
              Expression: 1.733487418134519
            ",Nyquist MD et al. (80 samples)
1254,194.17,1.6431900349476098,"Sample 1254 
              Patient: GSM4422706 
              Expression: 1.6431900349476098
            ",Nyquist MD et al. (80 samples)
1255,198.16,1.5987269250864258,"Sample 1255 
              Patient: GSM4422707 
              Expression: 1.5987269250864258
            ",Nyquist MD et al. (80 samples)
1256,192.08,0.6047140054944461,"Sample 1256 
              Patient: GSM4422709 
              Expression: 0.6047140054944461
            ",Nyquist MD et al. (80 samples)
1257,207.98,0.9707786512339484,"Sample 1257 
              Patient: GSM4422710 
              Expression: 0.9707786512339484
            ",Nyquist MD et al. (80 samples)
1258,231.88,0.6008233618245319,"Sample 1258 
              Patient: GSM4422711 
              Expression: 0.6008233618245319
            ",Nyquist MD et al. (80 samples)
1259,210.22,1.5569315554360736,"Sample 1259 
              Patient: GSM4422714 
              Expression: 1.5569315554360736
            ",Nyquist MD et al. (80 samples)
1260,244.85,1.6786664895809613,"Sample 1260 
              Patient: GSM4422715 
              Expression: 1.6786664895809613
            ",Nyquist MD et al. (80 samples)
1261,202.66,0.6079287694348714,"Sample 1261 
              Patient: GSM4422716 
              Expression: 0.6079287694348714
            ",Nyquist MD et al. (80 samples)
1262,225.16,1.3328460328955383,"Sample 1262 
              Patient: GSM4422717 
              Expression: 1.3328460328955383
            ",Nyquist MD et al. (80 samples)
1263,207.81,1.0338785098022956,"Sample 1263 
              Patient: GSM4422718 
              Expression: 1.0338785098022956
            ",Nyquist MD et al. (80 samples)
1264,199.73,0.46722897761059046,"Sample 1264 
              Patient: GSM4422719 
              Expression: 0.46722897761059046
            ",Nyquist MD et al. (80 samples)
1265,226.91,0.815728961681483,"Sample 1265 
              Patient: GSM4422720 
              Expression: 0.815728961681483
            ",Nyquist MD et al. (80 samples)
1266,183.61,0.9759810925038165,"Sample 1266 
              Patient: GSM4422721 
              Expression: 0.9759810925038165
            ",Nyquist MD et al. (80 samples)
1267,229.19,0.15805785412709228,"Sample 1267 
              Patient: GSM4422722 
              Expression: 0.15805785412709228
            ",Nyquist MD et al. (80 samples)
1268,188.64,0.9439374220509893,"Sample 1268 
              Patient: GSM4422723 
              Expression: 0.9439374220509893
            ",Nyquist MD et al. (80 samples)
1269,202.19,1.0804646793664052,"Sample 1269 
              Patient: GSM4422724 
              Expression: 1.0804646793664052
            ",Nyquist MD et al. (80 samples)
1270,186.33,1.5513992226997915,"Sample 1270 
              Patient: GSM4422725 
              Expression: 1.5513992226997915
            ",Nyquist MD et al. (80 samples)
1271,192.75,1.3286943407627243,"Sample 1271 
              Patient: GSM4422726 
              Expression: 1.3286943407627243
            ",Nyquist MD et al. (80 samples)
1272,181.66,0.7790834016130554,"Sample 1272 
              Patient: GSM4422727 
              Expression: 0.7790834016130554
            ",Nyquist MD et al. (80 samples)
1273,233.85,0.6967890283373653,"Sample 1273 
              Patient: GSM4422729 
              Expression: 0.6967890283373653
            ",Nyquist MD et al. (80 samples)
1274,209.7,1.3568581424530541,"Sample 1274 
              Patient: GSM4422730 
              Expression: 1.3568581424530541
            ",Nyquist MD et al. (80 samples)
1275,247.58,1.7862159280335346,"Sample 1275 
              Patient: GSM4422731 
              Expression: 1.7862159280335346
            ",Nyquist MD et al. (80 samples)
1276,238.71,1.9070247219049736,"Sample 1276 
              Patient: GSM4422732 
              Expression: 1.9070247219049736
            ",Nyquist MD et al. (80 samples)
1277,217.39,2.9502429364054614,"Sample 1277 
              Patient: GSM4422736 
              Expression: 2.9502429364054614
            ",Nyquist MD et al. (80 samples)
1278,244.54,1.5693895476927064,"Sample 1278 
              Patient: GSM4422739 
              Expression: 1.5693895476927064
            ",Nyquist MD et al. (80 samples)
1279,245.81,1.7301712490229053,"Sample 1279 
              Patient: GSM4422740 
              Expression: 1.7301712490229053
            ",Nyquist MD et al. (80 samples)
1280,250.98,1.8853264549240332,"Sample 1280 
              Patient: GSM4422742 
              Expression: 1.8853264549240332
            ",Nyquist MD et al. (80 samples)
1281,216.79,1.8722044354992018,"Sample 1281 
              Patient: GSM4422753 
              Expression: 1.8722044354992018
            ",Nyquist MD et al. (80 samples)
1282,232.07,0.9364790481404307,"Sample 1282 
              Patient: GSM4422754 
              Expression: 0.9364790481404307
            ",Nyquist MD et al. (80 samples)
1283,210.27,1.5223939538072653,"Sample 1283 
              Patient: GSM4422756 
              Expression: 1.5223939538072653
            ",Nyquist MD et al. (80 samples)
1284,211.01,0.21684814537563973,"Sample 1284 
              Patient: GSM4422755 
              Expression: 0.21684814537563973
            ",Nyquist MD et al. (80 samples)
1285,202.52,1.8909174867907375,"Sample 1285 
              Patient: GSM4422758 
              Expression: 1.8909174867907375
            ",Nyquist MD et al. (80 samples)
1286,189.52,1.8716598919912322,"Sample 1286 
              Patient: GSM4422757 
              Expression: 1.8716598919912322
            ",Nyquist MD et al. (80 samples)
1287,192.1,1.2532563503425018,"Sample 1287 
              Patient: GSM4422759 
              Expression: 1.2532563503425018
            ",Nyquist MD et al. (80 samples)
1288,183.16,1.5151921946340654,"Sample 1288 
              Patient: GSM4422760 
              Expression: 1.5151921946340654
            ",Nyquist MD et al. (80 samples)
1289,178.17,1.3202832055503197,"Sample 1289 
              Patient: GSM4422761 
              Expression: 1.3202832055503197
            ",Nyquist MD et al. (80 samples)
1290,193.64,1.5645620789935537,"Sample 1290 
              Patient: GSM4422762 
              Expression: 1.5645620789935537
            ",Nyquist MD et al. (80 samples)
1291,214.75,1.5629407625694143,"Sample 1291 
              Patient: GSM4422763 
              Expression: 1.5629407625694143
            ",Nyquist MD et al. (80 samples)
1292,223.18,2.518633420843274,"Sample 1292 
              Patient: GSM4422764 
              Expression: 2.518633420843274
            ",Nyquist MD et al. (80 samples)
1293,230.72,0.5418655358621067,"Sample 1293 
              Patient: GSM4422765 
              Expression: 0.5418655358621067
            ",Nyquist MD et al. (80 samples)
1294,206.09,0.9439267937247996,"Sample 1294 
              Patient: GSM4422766 
              Expression: 0.9439267937247996
            ",Nyquist MD et al. (80 samples)
1295,199.4,1.271572499761712,"Sample 1295 
              Patient: GSM4422768 
              Expression: 1.271572499761712
            ",Nyquist MD et al. (80 samples)
1296,183.71,1.6481227940256624,"Sample 1296 
              Patient: GSM4422767 
              Expression: 1.6481227940256624
            ",Nyquist MD et al. (80 samples)
1297,239.33,4.41517417989039,"Sample 1297 
              Patient: GSM4422769 
              Expression: 4.41517417989039
            ",Nyquist MD et al. (80 samples)
1298,186.78,1.561888756138827,"Sample 1298 
              Patient: GSM4422632 
              Expression: 1.561888756138827
            ",Nyquist MD et al. (80 samples)
1299,167.56,0.6881830071373032,"Sample 1299 
              Patient: GSM4422633 
              Expression: 0.6881830071373032
            ",Nyquist MD et al. (80 samples)
1300,178.91,0.10809003209779523,"Sample 1300 
              Patient: GSM4422634 
              Expression: 0.10809003209779523
            ",Nyquist MD et al. (80 samples)
1301,186.07,1.1137084490368276,"Sample 1301 
              Patient: GSM4422636 
              Expression: 1.1137084490368276
            ",Nyquist MD et al. (80 samples)
1302,192.44,0.34353928215745255,"Sample 1302 
              Patient: GSM4422635 
              Expression: 0.34353928215745255
            ",Nyquist MD et al. (80 samples)
1303,182.23,1.1660100070223318,"Sample 1303 
              Patient: GSM4422637 
              Expression: 1.1660100070223318
            ",Nyquist MD et al. (80 samples)
1304,188.55,0.8427120489556268,"Sample 1304 
              Patient: GSM4422638 
              Expression: 0.8427120489556268
            ",Nyquist MD et al. (80 samples)
1305,188.45,1.0633416287832058,"Sample 1305 
              Patient: GSM4422639 
              Expression: 1.0633416287832058
            ",Nyquist MD et al. (80 samples)
1306,202.69,2.161147974922674,"Sample 1306 
              Patient: GSM4422640 
              Expression: 2.161147974922674
            ",Nyquist MD et al. (80 samples)
1307,175.76,0.9363031398542978,"Sample 1307 
              Patient: GSM4422641 
              Expression: 0.9363031398542978
            ",Nyquist MD et al. (80 samples)
1308,214.28,0.7511939374810227,"Sample 1308 
              Patient: GSM4422642 
              Expression: 0.7511939374810227
            ",Nyquist MD et al. (80 samples)
1309,201.5,0.4182968464201647,"Sample 1309 
              Patient: GSM4422643 
              Expression: 0.4182968464201647
            ",Nyquist MD et al. (80 samples)
1310,231.09,2.392773766706013,"Sample 1310 
              Patient: GSM4422648 
              Expression: 2.392773766706013
            ",Nyquist MD et al. (80 samples)
1311,222.17,2.117826116013266,"Sample 1311 
              Patient: GSM4422651 
              Expression: 2.117826116013266
            ",Nyquist MD et al. (80 samples)
1362,202.7,2.1626657604126143,"Sample 1362 
              Patient: GSM5231656 
              Expression: 2.1626657604126143
            ",Lim Y et al. (4 samples)
1363,196.19,0.9541620425496234,"Sample 1363 
              Patient: GSM5231657 
              Expression: 0.9541620425496234
            ",Lim Y et al. (4 samples)
1364,185.22,1.1361534423256348,"Sample 1364 
              Patient: GSM5231658 
              Expression: 1.1361534423256348
            ",Lim Y et al. (4 samples)
1365,231.82,0.6102240233327165,"Sample 1365 
              Patient: GSM5231659 
              Expression: 0.6102240233327165
            ",Lim Y et al. (4 samples)