Feature,Importance
CAPN9,0.08482777752634138
PAX5,0.06341459252219647
ITGAE,0.048788902966771276
NPC1,0.0455230233296752
CREB5,0.03459955557994544
PRKG2,0.0345813634567894
ZFHX3,0.034148780203890054
PRKAA2,0.033658290794584905
ADAMTS18,0.032624407583847645
NR1I2,0.03180813471507281
AGTR1,0.031170383725780994
ABCC11,0.03062117127561942
EHMT2,0.03045287221996114
AGR2,0.030135553407017145
NOL3,0.0300976895513013
BCL11B,0.02704465534375049
PRSS23,0.02626304487022571
NEK10,0.025714788920478897
ENPP4,0.02531720078573562
SDHAF3,0.024780698956223205
PSTPIP1,0.02476371348160319
IMPA2,0.024258562243543565
PTK6,0.023620618695160377
MFGE8,0.023329068584600463
EFEMP1,0.02331185719021596
MESP1,0.02221185229253024
ZSCAN18,0.0220225874343887
GRB14,0.02196285616303794
TBX3,0.02164175022323616
GSTM5,0.020830216625938192
NPNT,0.020698578788200396
ERBB4,0.019849957586149686
LAMA2,0.019606408389052376
CMPK2,0.019225288518704475
PDPK1,0.01917202977067791
GUK1,0.01892853500135243
ADGRG1,0.01892111841891892
PIGV,0.018796427334193143
ADAMTS15,0.01840431604348123
SPDEF,0.01808844761934597
SLIT3,0.017562076686881485
RET,0.017214787503238765
DEK,0.017170639526098964
HMGCS2,0.01706448766950052
STK36,0.016773592304438353
FBXL7,0.01669868883374147
CYP4F11,0.016682749972911554
INPP4B,0.016399892239132897
CA4,0.01623842269857414
PADI2,0.01623296810197644
DLX5,0.01599711915384978
MCCC2,0.014800205672625452
TM7SF2,0.014797126434976236
ABCC8,0.014551343454979361
LIPH,0.014175432676333002
SLC26A3,0.014173747331486082
DEFB1,0.014131657578982413
TSC22D4,0.013963873048545794
GSTM3,0.013915343856089748
INPP5J,0.013755941742798313
KDM4B,0.013630761789390818
SCN2B,0.01359053486888297
IVD,0.013516156237921677
RBM11,0.01319127973553259
AR,0.01314722674258519
VCAN,0.013002608259557746
CGA,0.012654865788659663
SLC13A2,0.012622084679547698
S100A4,0.012591666172840632
CA12,0.012572408589534461
GRIK3,0.01256862989522051
GRP,0.012375094663584605
ANXA1,0.012315742898616009
XBP1,0.012313205404323527
UNC5A,0.012138274723081849
EPHB2,0.012016131783137098
LINC00926,0.011869848477072082
BYSL,0.011764440778642894
KHDRBS3,0.011717264778562822
GPER1,0.01131805674242787
NCK2,0.01128079444344621
MID1,0.011229624258354307
ATP1A4,0.011026563061401248
EMX1,0.010980163538479247
GABRP,0.010974887239048256
PCBP4,0.01085979020711966
ADCY4,0.010856518633780069
F7,0.010612218318856321
CYP4A22,0.010611875153379514
CDC20,0.010566972498083489
ATP7B,0.010549361801124178
TTBK1,0.010511877693934368
PCBD2,0.010495535082183777
ERI2,0.010487816854962147
ZNF552,0.010401972068473698
ADHFE1,0.010389901604386978
PPM1L,0.010295269750640728
ANOS1,0.01022225003875792
IGBP1,0.010218775984598322
RIPK3,0.010116788707324303
TRIM6,0.010115910794469527
TRERF1,0.010096411281730978
NEDD4L,0.009986275968374685
BLM,0.009933251269743778
CPA3,0.009914635382941924
UTP4,0.009898956104065292
ADAMTS16,0.009820771165192126
SEMA3G,0.009795046592713335
FLT3,0.009663382699713112
DHH,0.009662372782011517
GPRC5B,0.00964285977592226
ADAMTS12,0.009611848217784429
TBX6,0.009524636622285471
PRDM6,0.009494506317540072
SLC2A10,0.009415504553704521
POLR2B,0.009415423911064862
SLC44A4,0.009302819564705715
AGXT2,0.009275513838976622
ENO1,0.009214081001235172
ROBO2,0.009185505601693875
TFAP2B,0.009184193241293543
FOXC1,0.00908813959674444
HTRA2,0.008948581346892751
PTPRH,0.008900576891261152
GPR84,0.008899177786195651
SULT1A1,0.008857965515111574
ZNF93,0.00885551421623677
POMC,0.008823109240387567
NRP2,0.00878551811131183
TPSAB1,0.008765987116668839
ADAD2,0.008702886379673145
PTPRT,0.008681409909157082
SLC35F3,0.008608968868968076
ECHDC1,0.00860468736907933
HHAT,0.008585190403391608
HSD17B8,0.008475819703715387
DKK1,0.008412548296444583
ZBTB7C,0.008407767971977592
SLC27A2,0.008406399169471114
KLK7,0.008402491764281875
WNK4,0.008392048383306247
MID2,0.008361250437097623
ZNF214,0.008350784803857095
GLI3,0.00832829339581076
MARK1,0.008230382390320302
ZFP62,0.008209696008416359
CA9,0.008152549039397855
BIRC5,0.00814534077909775
ZBTB42,0.0081227064213017
ZIC1,0.008115987860539462
GATA3,0.008076751238841098
HIF1AN,0.008035373667022214
DCLK1,0.008008810603118036
SLC9A1,0.007972399940015747
CALCR,0.007970211221196222
MGAT4A,0.007965501473867334
PCSK6,0.007940462462836877
MOCOS,0.007939883448416368
ECM1,0.007915020418702625
ARHGAP22,0.007913517936714924
RBM24,0.007869026746717281
CHST1,0.00781329379498493
TIMP3,0.00781107937550405
CAPN13,0.007748041034210474
TGFB3,0.007703326482907869
SCNN1A,0.007690511809312739
CHI3L1,0.007669365887297317
MSX2,0.007669091909483541
DLX6,0.007619827602757141
HERC5,0.0075967157884733755
E2F2,0.007579616393777542
FOXL1,0.0075477956363465635
THEM5,0.00751495214982424
ZNF92,0.007511195740778931
ATP1B2,0.007485829841461964
CDK6,0.007456706473371015
RPF2,0.007412158201914281
PSAT1,0.007400918576866388
EZH2,0.007395709083415568
SULF2,0.007359714070975315
CCNE1,0.007325013649184257
HOXD9,0.007301006171968765
GATA3-AS1,0.007294699462130666
F13A1,0.007283180359634571
TP53TG1,0.0072329801645246335
OXTR,0.00721113543305546
UGT2B15,0.007200945058197249
ETV6,0.0071864595141960304
RAPGEF3,0.007177744977932889
SFRP4,0.007169620104716159
LPIN1,0.007167994138901122
RPS6KA4,0.007167886057519354
GPC5,0.007164927344187163
MMP1,0.007160999423009344
STMN1,0.007129963487619535
NEURL1,0.007121799977554474
SEMA3B,0.007091813423263375
ANKH,0.007078276870888658
EN2,0.00706333387689665
TRPM6,0.007059894214966334
EXO1,0.007009947410551831
FUCA1,0.007001758834347128
MAP4K4,0.0070007290313951675
LBR,0.006985482118441723
MYBL2,0.006952494907192886
FOLR1,0.006928788482793607
AQR,0.006912457985104993
HTRA4,0.006897877071343828
VWF,0.0068784800231806
AMPD2,0.00685411756002577
CELSR2,0.006841171891894191
GRIN1,0.00681502167636063
PTHLH,0.006802927662152796
FBXL2,0.006799141325347591
TNRC6C,0.006792761976830661
CHST8,0.0067868641008972195
DHCR7,0.006768375798827038
GLRA3,0.006742994482803624
KLK4,0.006734459454601166
CILP,0.006728850580460858
EPHA3,0.006701778422866482
RBM38,0.006695894699194469
ITGA3,0.006677396185812541
S100A8,0.006670744854170607
NPC1L1,0.006650785806821659
PDK2,0.00665062228764873
PDE6B,0.006588317423942499
FBL,0.006557943217456341
WDR75,0.006554468214162625
GIPR,0.006496941458026413
MATK,0.006459490902605466
CDK1,0.006431616145535372
NQO1,0.006396154352580197
PGR,0.0063850196340936236
SMARCE1,0.006383084553293884
SLC24A1,0.006378886653925293
NPM3,0.0063727978564566004
CTSF,0.0063557363887084654
BCAM,0.006343947499233764
FOXM1,0.006313341435918119
MEX3B,0.006298559355840553
FOXP3,0.006291399267502129
CASP1,0.006289824569190387
CCNB1,0.006279347940930165
CMPK1,0.006233679753728211
HPGDS,0.006208230560820083
MAST4,0.006199903626926243
DUSP4,0.006199028255010489
KLRD1,0.006128497974306811
PCSK4,0.0061278635009075514
E2F8,0.006103465997905005
LGR4,0.006086047239077743
P4HA3,0.0060833103153854606
PHYKPL,0.006078768502746243
CEBPB,0.006055249913246371
CX3CL1,0.006025811441941187
PLA2G4A,0.006024763319292106
SMARCA4,0.006001158196653705
SCN7A,0.00599091570492601
AXL,0.00598447894124547
MED8,0.005977468612545635
FUT8,0.005951578293577768
TYRO3,0.005950644161086529
PROX1,0.005946005802310538
TPSB2,0.00592412555514602
CERKL,0.005923135626537259
RPL8,0.0059078892460674975
PRPF40A,0.005901727163465694
CREB3L1,0.005897847367450595
SF3B5,0.005878931231680326
APCDD1,0.00586966205475619
STARD13,0.005865413540916051
CTPS1,0.005857251508452464
TRPV4,0.005843050088384189
PTCD2,0.005839773634565063
HACD1,0.005824762445641682
KCNMA1,0.005818716783483978
LRRC4C,0.005796563181094825
THBD,0.005795869171794038
PAX2,0.005772050436178688
YES1,0.0057465035518980585
ADM,0.005730646247393452
THRB,0.005726130858762189
ZNF154,0.005719271908688825
PABPC3,0.0056962348466040565
LMTK3,0.0056811911469558255
LTBP1,0.005674629067536444
ZNF695,0.0056558703944901935
GLDC,0.005645604186516721
PTPN2,0.005632882212405093
OTULIN,0.005631035323429387
DRD1,0.005613652139669284
CHST3,0.005607372406753712
SLC36A4,0.005590915887849405
ADCY9,0.005533340372319799
SRSF12,0.0055282849066425116
SCNM1,0.005521560478548054
ZPR1,0.005512176270654891
TBP,0.005503664295130875
PRPSAP1,0.005492324062273838
PLAUR,0.005485591340693645
DUSP3,0.005470514537708368
GRM6,0.005461363715818152
FZD5,0.0054529242141288705
NFATC4,0.00544856233423343
FUT7,0.005438261161209084
TFAP2A,0.005434017103340011
ZNF423,0.005432149804953951
APEH,0.005404630445409566
TLR1,0.005391636508342344
SOCS2,0.005390251014265232
RNF8,0.005387892433907837
TCF19,0.005373587476147804
ZNF367,0.005340596446476411
PER2,0.005335599658894352
MATR3,0.005319953937316314
JAM3,0.00531417705747299
SYNCRIP,0.0053117934032343335
VIP,0.005311044392059558
ZNF233,0.005294380298466421
SF3B6,0.005288220338115934
ACSL6,0.0052840858422569
AGO1,0.005282674327201676
ADARB1,0.0052730556398746554
LAG3,0.005269272304605692
UGT2B17,0.00525457989575807
GPC2,0.005252106004103552
DUSP5,0.0052518688904820005
EGR3,0.005250814113009255
GPX2,0.005249896959052421
TLR6,0.00523787151905708
CHRM1,0.005223439648398198
PTK7,0.005206899823853747
EDN1,0.005171800500480458
MED27,0.0051658123755478295
DLAT,0.005163382944301702
SOCS1,0.0051618938568281005
EYA4,0.005148320170468651
SLC25A13,0.005148221388284583
GDF9,0.005136561549908948
SLC6A9,0.00510525704745669
RHOT2,0.00510115361266071
ADH1B,0.0050904885592754
GPC3,0.005089020627667196
GNMT,0.005084418142971117
ALDH1A3,0.005056337343004998
ZNF20,0.005037949656834826
GPR39,0.00502087700687116
GRIK5,0.00500227119756164
SOX6,0.00500199609081028
HPN,0.0050004474868183026
GATA2,0.004998753367981407
PLCD4,0.004977542507403995
ST14,0.004963364081515465
KLF4,0.00495517047442263
PSMA1,0.004952783116372302
TAL1,0.004931289901433046
FUT3,0.004929276638897136
CRABP2,0.004921655220910906
ECI2,0.004918088032514789
GCNT3,0.004895592545333784
RNF168,0.004887335618608631
FOXC2,0.004886057909519877
PRSS3,0.004879084415006218
RLF,0.004865803346037865
ZNF484,0.004865228321403265
TCF23,0.004860144676466007
ADAMTS9,0.004835098373237997
YWHAZ,0.004830438030359801
SLC12A1,0.004829607680032495
NEDD4,0.004826479008654133
ALDH3B2,0.004803694551344961
CAPN14,0.004797975338471587
ACER2,0.0047923279815586285
SRMS,0.004788902441359823
ATXN2,0.004772459662985056
NFIB,0.004762263649317902
ALDH6A1,0.004751927604374942
SDR16C5,0.004744730797887314
ESR1,0.004744633603782859
DCAF11,0.004736615201749374
GATA1,0.00473103919334244
AGO2,0.004719025444414
ZBED2,0.004717789869231638
ABCB4,0.004697463810036424
ZNF711,0.0046920985513716
B3GAT2,0.004680888221948407
IRX2,0.004676589985028841
FUT2,0.004674088386353106
CPO,0.004666008733503986
ENPP1,0.004665331302792765
ADGRE2,0.004661409641616047
SPP1,0.004657025344087742
FOXA1,0.004632628382532858
FBXL5,0.00462632792891236
SLC30A3,0.004615264527499675
SLC43A2,0.0046100850860239006
NUDT4,0.0045959448943031014
ZNF835,0.00457215042586904
TCF20,0.004558359548624139
PPM1G,0.004557387447741349
TSHZ1,0.0045474965437315405
ERI3,0.0045466107761603786
TNN,0.004536354923853651
SAA1,0.004520318096503616
GRIA1,0.0045201352080330255
ADCY5,0.004510173943592235
PRKCA,0.004507627682469319
MOGS,0.004498114669753704
ZFP57,0.004494693796208594
SLC6A15,0.004479619139194256
NFIA,0.004474432251008693
RORC,0.004459915185987484
MTMR2,0.004458750940510072
ADAM12,0.004446608999976888
PSPH,0.0044379015571903435
ICAM1,0.004428963884885889
MAP3K12,0.00442051671934314
DDX11,0.004406576692475937
SNRPN,0.004394359719590284
ARHGAP10,0.004377470679115504
SIRT3,0.004376927853154484
SLC45A3,0.004376561596873217
VIPR1,0.004376034770917614
GFRA1,0.004374507916654693
ZBTB10,0.004373447794292587
HDAC9,0.004369761531241238
PTPN13,0.004363026899460238
SNRNP200,0.004362344478722661
TBX5,0.0043556986122857775
ZBTB46,0.0043544978435966185
KCNJ3,0.004349808046536055
LYL1,0.0043461142243468205
RPS6KA2,0.004340388428186998
ZNF563,0.004339971513138153
ACMSD,0.004323060441878624
IDUA,0.004317489594744984
FGF1,0.004316263919754419
SIM2,0.004312842887826265
TYMS,0.004308451362303458
SGMS2,0.004301856433274224
TPSD1,0.004297993118379964
TRAF5,0.004283209197456017
MYOG,0.004281689640047262
PPA1,0.004275739791744854
ZNF519,0.004270655025844462
TRIM38,0.004266959531407337
IL4I1,0.0042650993376155385
AGPAT4,0.004264622902031988
BHLHA15,0.004264621981710661
LAMC2,0.004262489952263422
NOTUM,0.004255594622867648
NRL,0.004253405376279261
CDKN1B,0.004233284825750161
AMDHD2,0.00423079639923526
ETNPPL,0.004228383767069317
SCN1B,0.004217176965612452
FBXL17,0.004217118997185025
MAP4K2,0.004214274670404848
IL1RAPL1,0.004210821011933149
ZSCAN1,0.0042096923290228004
GPD1L,0.004206004224135541
RXRG,0.004200988444179529
NOX4,0.004191634668735787
TOX3,0.004185928995226277
HOXB2,0.004185256177559495
DAPP1,0.004184804869466461
EED,0.004182300769083668
ZNF615,0.004180468420468969
CD19,0.0041799099221243525
ZMIZ1,0.004176591641095001
SLC7A1,0.004170797327009495
PAPPA2,0.004164620175783057
ADCY1,0.004163798327033874
ARHGAP32,0.004157528741750866
HPGD,0.004155670582840685
BATF,0.0041482087481417695
KCNB1,0.004145717887673527
CP,0.004145020662981551
ABAT,0.00414038892427925
PRSS22,0.0041323015047819356
TRPV3,0.004108957754971925
PRKCI,0.004097851346421521
CNTN4,0.004096898574964143
LSM4,0.004092703510483261
PLD1,0.004087954837537836
KCNK1,0.004086598164925818
ANO1,0.004080662051681429
RIMS2,0.004076074330951087
CDKL2,0.004074062087893253
ZNF814,0.0040640965894563124
BDNF,0.004063740272133146
LBP,0.004044117090146756
IER3,0.004043546355154831
GLUL,0.004037405259703519
EXOSC4,0.0040331439875299115
CSNK1A1,0.004031003729265649
GIGYF2,0.0040270023659686556
UGCG,0.004024468065006659
COL17A1,0.004009051562199602
SLC29A2,0.004008657414815388
TAF5,0.004002583029097877
ABCB1,0.004000039143953473
FOXP1,0.003988869663851801
SLC13A5,0.003986674401443451
CD22,0.0039755664826952855
SLC27A6,0.003973234951554332
FDPS,0.003972233502252493
CREB3L4,0.003969864343758673
NKRF,0.003964936295058579
GSC,0.003962765484466217
IKZF3,0.00396104076114716
COLEC12,0.003956580409721936
ZNF211,0.003948503198742401
LDHD,0.003943388362531551
ALB,0.003943093177396804
ZMYND15,0.0039350053860107434
BST2,0.00393181958142668
PTER,0.0039036029339185917
CREBRF,0.0039020445705100428
CTDSP1,0.003900937614613213
ZNF516,0.003900058346684091
SOX11,0.0038974263724521735
ZNF629,0.003889924499177141
C5AR2,0.0038882746575109196
RARA,0.003880951834056759
HOXB3,0.0038796808913466522
PLAT,0.0038763768413336945
ATOH7,0.0038688073692210306
TPI1,0.0038682200451148675
B4GALT2,0.003860227245371789
IFI27,0.003858721000840887
SEMA4B,0.003856858291226672
HMGB3,0.0038565955341910013
PIGX,0.0038521858333842827
DYRK1B,0.00384890617930796
GRIK4,0.003844130706740543
TREM1,0.0038398579462664206
WNT11,0.003837672548717819
TNK2,0.0038338417424238287
MTHFR,0.003833051581401378
CEBPG,0.00383252862340305
SLC16A14,0.003831771814584499
LRP4,0.0038230488204862925
BMS1,0.0038198658141773197
ZNF226,0.0038167688968824224
ACOT4,0.0038143588757375254
ALOX15B,0.0038054019038099795
PRLR,0.003805046272551408
NFIX,0.003801779001223622
ECHDC2,0.0037947201331844553
TFEC,0.0037931413697078822
HELLS,0.0037888380883377977
IRF3,0.003784719849762041
ASB15,0.0037775784575060246
ANO5,0.0037723001561535056
NEK8,0.003766655827930663
THOC5,0.003763149049540516
PLA2G4F,0.003760197798110312
GLYATL2,0.00375730484171072
THPO,0.0037488826464978048
ADIPOQ,0.003748293036565883
KAT6B,0.003747545113437809
RFWD3,0.0037437916119233703
PAPSS1,0.0037411242655362
CXXC5,0.0037368445962783882
KCNC1,0.0037326292271027345
MAPK8IP2,0.003727047851192765
OR51E2,0.0037217516114760657
SLC7A13,0.0037135273983003574
GEMIN7,0.003709961437940365
DBP,0.0037090583840617914
HSF1,0.003704761674394831
HOXB4,0.0036977519681386187
DDO,0.00368900146021042
SLC39A11,0.003680578674917342
DEPDC1B,0.003679094624123536
GJA1,0.003677432502940064
ICAM5,0.0036734451521770097
ZNF74,0.00366443135245936
IL34,0.0036537040041876023
CDK4,0.0036523119898047296
NRG4,0.003646513271145523
TMEM105,0.003645156973507255
FBXO32,0.00363058262038976
KCND3,0.003626630308892345
ZNF438,0.003624225621402729
SEMA3C,0.0036231737065827475
VRK1,0.0036164281762321483
PLCH1,0.003615628246043343
BMP5,0.003606118896335829
SLC6A4,0.0035942552351625637
DDX49,0.0035891190604597795
POLR2F,0.003580706544336863
POLR2H,0.0035754483504861125
CCR6,0.0035738863936276176
CROT,0.0035718092772585803
PIM1,0.0035703347015078176
FUT4,0.00356769766274374
SLC19A1,0.0035668231974705124
KCNJ11,0.0035645487020083237
ZBTB48,0.0035638692517823076
UBE2O,0.0035593222370371223
TMPRSS6,0.003552830921340501
IBSP,0.003550264332734514
GSTA3,0.0035467733500408943
HOXB1,0.003546705876593478
GCNT2,0.0035448800987796856
ESRRG,0.003544632177508902
NPEPPS,0.0035375910954317078
CHD7,0.003532279752951581
ZSCAN29,0.003523736556788208
CALR,0.0035219078207155688
ZBTB26,0.0035191651163913773
AURKB,0.003511906535772141
FAM66B,0.0035093032009899617
RAP2B,0.00350870653236052
HOXB5,0.003506936328689335
CAPN11,0.0034978405770962123
ZXDB,0.0034968510470062032
RIOK2,0.003494982526462991
CCL26,0.0034937971906620078
SLC2A6,0.0034813798730610867
SP5,0.0034793958460213616
COL9A3,0.0034780874943244272
ALPL,0.003472938578517642
AATK,0.003471407677512616
SLC5A9,0.003470545327407308
SLPI,0.0034704647328180726
CYP1A1,0.0034581701885617808
COL4A6,0.0034437783499306532
RPL7,0.003439474760263693
PLA2G10,0.0034326174976886253
RBM5,0.0034296055563900153
TDO2,0.003423941864166409
HGS,0.003422163134033326
COLGALT1,0.0034143662909045815
ZNF25,0.003412959429959301
ADORA2B,0.0034128519881051035
SLC16A9,0.003410426630725851
SMO,0.00339310234086588
HLA-G,0.0033859923309937584
POLD4,0.003385191586014116
RNF43,0.0033842671169259124
NTN4,0.0033818280904961283
CDC25C,0.0033785109182063026
SFTPD,0.003372609522048151
DTL,0.00337172275755438
ZNF311,0.0033689934695139527
ZNF302,0.0033680523044022264
SLC25A45,0.0033673628312535587
ACADSB,0.003366989225440193
HTRA3,0.003364434643997811
MOCS1,0.003362283817114076
VRK3,0.0033613284824241417
GSTP1,0.00335728005861165
POU2AF1,0.0033493760239216496
DCN,0.003342099630855955
BRDT,0.003338368851604173
CXCL13,0.0033371722434967525
AK5,0.0033313311914098453
PPM1K,0.0033282817781437185
SEMA7A,0.003320996853115503
ADAMTS13,0.0033205301582929676
NFIC,0.003318940472963732
TRIT1,0.0033174365373852197
IL18RAP,0.0033172383435885423
B4GALT5,0.0033118682845088188
ATP12A,0.0033058797620469705
KALRN,0.0033037436375161636
LRP1,0.0032985862819768954
EBF4,0.0032961486013664398
ABCE1,0.0032941332983318717
TCEAL1,0.003291515133809298
SCCPDH,0.003274085069890134
GALNT15,0.003265362079429906
FAM83A-AS1,0.0032650725587736818
SLC46A1,0.003264757524273591
FBN1,0.0032624765014625154
PLCB4,0.0032581018376513383
MMP7,0.0032571826681960375
ZNF232,0.0032571582324744668
DAPK1,0.003254936456156429
ZNF410,0.003247020323993638
PLPPR3,0.003245817823219113
SMPD3,0.003240020655473927
PARP3,0.003239333130826708
B3GNT7,0.003238366136152763
SNRPC,0.0032366697666584513
LRP5,0.0032356400380667764
NUDT12,0.003235163934616139
MGLL,0.0032319365905423185
CBR4,0.0032305789674283002
ACE2,0.003229952319466975
FCER1A,0.003229676577728242
DVL3,0.0032249695049831645
SP6,0.0032169861646543724
FDXR,0.0032083220097702
INHBB,0.0032052347671124156
PTGR2,0.003203243696392747
ZNF772,0.003201317823317368
STK33,0.0031984228463261388
NDST3,0.0031962178774701897
POU5F1,0.003191634316754062
SLC39A6,0.0031861245417094323
SHPK,0.003181714292091783
PRKX,0.0031636016122065483
C1QTNF1,0.003160599416616606
RNGTT,0.0031603029007674192
SCARB1,0.003159550055337604
TPK1,0.0031422364757454488
SCML4,0.0031422324847080745
ADAMTS7,0.003138974035013234
USP10,0.003136434165324317
NCBP2L,0.003135004853713326
LIPG,0.0031341380602971187
B3GNT5,0.003133152043214068
PRSS21,0.0031316574593947735
DPP8,0.0031227351153211205
GMPS,0.003120838103146525
C1GALT1,0.003119040657620644
PILRA,0.0031099250955739987
MIXL1,0.003105776680138661
SOX15,0.0031004973251256163
FAM13B,0.003097705165680964
LEFTY2,0.0030915930324408696
SLC22A16,0.0030881976578966716
TNFRSF19,0.0030753463076252955
DUSP1,0.0030691071071778423
LEPR,0.0030669050849392076
GPBP1,0.0030655637219606435
EIF4G1,0.0030579930760432036
NDP,0.003056829566106899
TGFA,0.003054689976503141
CHPT1,0.003053245534480084
IRAK3,0.003052043884876184
CPSF1,0.0030514979966974353
GPR143,0.0030493952465476468
ELANE,0.003044591042300453
SLC2A11,0.0030379133463138714
AASS,0.003031692891410785
RDX,0.0030316177110362333
PRKCD,0.003031244231882738
SQLE,0.003028384917532094
SEMA3F,0.003028021806909237
ZSCAN22,0.0030245574491855223
LRRK2,0.003021892065589782
PPM1H,0.003019646132510388
STS,0.0030139662588771895
RANGAP1,0.003011757511616452
PLD4,0.0030115215044643267
UBTF,0.0030110023981833366
MED20,0.0030073467325419188
FADS2,0.003006412773363991
FAP,0.0030061769134190402
LINC01139,0.002992526316200383
GTF2F2,0.0029877496728440743
ZNF852,0.002982003821467515
CAPN3,0.002977760905021569
PTEN,0.0029742183920461684
COLGALT2,0.002969083540228894
CDC42BPG,0.002967401315778261
CERS4,0.002965158837236231
SPINK5,0.002964811567042489
ACYP2,0.0029625623130123133
ABCC5,0.0029559479326126165
HMGCL,0.0029532847801165187
HNF1A,0.0029480716253747234
ALDH1A1,0.002942456710996339
E2F4,0.002935776367376093
IDO1,0.002929159203573363
FADS1,0.002928283827961423
STK32B,0.0029276367851707617
SIRT5,0.0029223955773049967
ATXN1L,0.0029220423004589977
TEK,0.002921377424238017
PNPLA1,0.0029126732602016998
ATP6AP1,0.0029090291011671073
CPEB2,0.002904864188865758
CXXC4,0.002900128323381068
NFATC3,0.0028993586770957335
STAT1,0.0028989623307716103
BMX,0.0028983342334686314
GALNT7,0.0028975474477629178
ZNF296,0.002896808307530591
STK17A,0.002890855860779993
ITGAL,0.0028908326630480586
NOVA2,0.0028906084775808267
B3GNT8,0.002888598178047687
ARHGAP36,0.0028873090997803955
NPC2,0.002879980343102943
HK3,0.0028776627259503584
LMO4,0.0028724854550091546
TAF6,0.002872399018262513
RNF25,0.0028575711079174655
TLL1,0.0028532187278033235
EPHA7,0.0028531972007185685
PTP4A3,0.0028493604943796527
NTRK2,0.0028455242397321854
FGF16,0.0028440172164700926
NOS3,0.002834274525463115
COL13A1,0.0028339315004413945
ETNK2,0.002829601908510085
SLC7A8,0.0028286528171447573
ANGPT1,0.0028250671215355396
PLB1,0.0028194931941106917
WT1,0.002819436755933566
GPR27,0.0028189671957516114
ZNF280C,0.0028130878864321856
RGMB,0.002810418304259656
ITGAX,0.0028083932089211887
ACAT2,0.0028077951396990103
MLXIP,0.0028076647460111414
ZNF846,0.0028034243709407743
SLC35C1,0.002803151057276409
EPHB1,0.0027983187095669566
ELF5,0.0027971769699361177
PURA,0.002796294676430989
MUC1,0.002795229367737193
CHRM3,0.002793868095817743
DMPK,0.0027889493485563433
IRX5,0.0027875006426766047
HSPD1,0.0027873064375307875
NFIL3,0.0027838101816014386
PPARG,0.002778153233753983
TIAM2,0.0027775135347328614
OTX1,0.002775279733672505
NOP58,0.0027745522704499307
VNN2,0.0027664943081326786
ZNF473,0.002766441310348455
WTAP,0.0027605102366651405
ZNF263,0.00275705667535658
ZNF215,0.0027498933383321854
ABHD4,0.0027467934816668275
RPS27L,0.0027446153079508802
GP6,0.0027433136024919806
PCYT2,0.0027427470832772087
ZFP36,0.0027424007786903534
PBX4,0.002741149661800591
ZBTB7A,0.0027374744689441285
AQP4,0.0027350107092643156
CNKSR1,0.0027344644388358572
EPHB3,0.002733239505061647
CBFB,0.0027299041897931604
GAL,0.002729201386333443
BCAT2,0.0027261372548819055
MCC,0.002720792234526016
DPEP1,0.002720136790216202
MAFF,0.0027184262095252053
RBM7,0.00271611118974397
CREB3L2,0.002714562061417382
RACGAP1,0.0027127369872760026
ZNF124,0.0027119193466496653
SRPK1,0.0027109398463508114
NOCT,0.002708494522958063
VLDLR,0.002708419477334246
GALNT13,0.0027057683978928253
LHX2,0.002705753518122947
ILF2,0.0027018525558232796
HDGF,0.0026950420243956616
EEF1E1,0.002694465125707211
MEF2D,0.002693905101099517
TRIM8,0.0026935128350451124
SEPHS2,0.002692662493762327
EDAR,0.0026893804404244295
CITED2,0.002688638843799708
PANK3,0.0026850638301693834
IL4,0.0026843561138957736
ETV1,0.0026811053863784766
PCBP3,0.0026786399252014233
ZNF572,0.0026781038732733575
AQP5,0.002677962624933571
POLDIP3,0.00267136042698985
MEOX1,0.002669462767225923
CREBL2,0.0026689147901779505
SHANK1,0.0026686910418502524
BLNK,0.002666853250673739
SMOX,0.002662762592692161
SIGLEC1,0.0026616172050416935
CPA4,0.0026583342499216086
RIPK2,0.0026493763760954605
BTD,0.0026431923903001008
ALDH1L2,0.0026397366889868864
PGGT1B,0.002635589513403829
POMK,0.0026338788562861736
IL12A,0.002631832423299784
TP53BP1,0.0026299614281451796
ADAMTS8,0.002623647373984568
PDCD1LG2,0.002623571394884493
FAM13A,0.0026235075876465995
ITK,0.0026218529646866956
RBMS3,0.0026207852616498715
SCN3B,0.002619514644698938
PPP3CB,0.0026165775644185485
SLC6A16,0.002612974369170843
SIK1,0.0026076470002008136
MIOX,0.0026040976071963085
GEMIN8,0.0026026639238698407
CAMK1G,0.002600806099973852
MAP3K7,0.002600431074912194
ZFP14,0.002600416378758382
SLC2A12,0.0025987367183843164
EPHA2,0.0025981574216566517
ACSM5,0.0025980768695881124
BAIAP2,0.002591338433412602
CELF4,0.0025908337110013236
ASGR1,0.0025855931768601296
ZNF836,0.002585558607126586
ZNF689,0.002584209136024583
CMA1,0.0025841169661725873
USP13,0.00257716733115376
RHOB,0.002573750442737946
MAGED1,0.0025731287796224933
SP140,0.0025718839795445094
MDH1B,0.0025708885615458713
HMGA1,0.002568353717593709
SGPP2,0.0025664970175130293
MFAP4,0.0025663211919600146
VPS72,0.0025622775645460934
PLA2G2C,0.0025617229625349864
CXCL12,0.0025593570173368793
ESCO2,0.0025591115979186722
EBP,0.0025561065941583365
SLC16A3,0.0025531689923664093
SPHK1,0.002550002872303594
ENPP7,0.0025460527683899272
NLRC5,0.002545680505601922
TNFRSF1B,0.002544399162958143
ZSCAN5A,0.0025439154780469834
ALCAM,0.0025364031729695853
LBX2,0.00253368612981285
PLA2G3,0.0025325245949497912
TIPARP,0.002526433037914103
MYCL,0.0025159701255033726
IGF2BP2,0.002511306863336358
TRIM41,0.0025109772019204684
NOTCH1,0.0025052814448135903
CYBB,0.0025052765624714083
CDC25A,0.0025012053231475875
TOX,0.0024956543985463213
MDH1,0.0024955957590718754
PRDM16,0.0024907190992089455
IDI1,0.0024905981723568403
CSNK2B,0.0024889399766980205
PRAME,0.0024834386676666326
SPTLC1,0.0024819006198085842
DHCR24,0.002481783114111749
PDE9A,0.0024814309611392673
METTL14,0.00248105115184444
PXN,0.0024798527965322137
PRPF3,0.002475316852738615
ZNF300,0.0024709164726373274
UFSP2,0.0024706382325384766
TCN2,0.002468673036957625
CHD1,0.0024675740951206537
ZFAND6,0.0024669490295636935
ZBTB37,0.0024663473867694847
GPAT3,0.0024662507696193645
RAET1E,0.002462292685318971
ABL2,0.0024612448983243667
COL7A1,0.0024595303999376487
SEMA3B-AS1,0.002459196349795093
PTPN12,0.0024569361985777504
FZD6,0.002456812363496283
CCL25,0.0024566940241202246
ACSS1,0.002455149180430453
ACOX2,0.002452210688381456
NPAS1,0.002450934649183182
CSRNP2,0.0024484483552514574
SLC6A2,0.0024429402739042415
RRM2,0.002436441041179933
CIT,0.002435660570365144
TEAD4,0.002434709328634199
KCNJ9,0.0024297402937081642
DNM2,0.002427034096675925
TBPL1,0.0024261009714391544
TOLLIP,0.002424457532702945
CPB1,0.00242127610645548
PTBP2,0.0024211836105969267
SLC25A21,0.0024175007839221507
PELI1,0.002417423151928233
EN1,0.002416860344383167
AZIN2,0.0024089979301497805
PRMT2,0.0024079710638325196
SLC25A48,0.0024072189820872154
ATP8B1,0.0024011632853071204
TIE1,0.0023889503828540912
CDK15,0.0023846695848333183
VEGFA,0.0023823114295955746
BRPF1,0.0023802741516556125
PODXL,0.0023757905878301244
TRRAP,0.00237233434576774
MPI,0.0023710451301303696
RPL7L1,0.002370028346282197
SLC25A33,0.0023696655628154986
ZSCAN23,0.002368344261602033
ZNF799,0.002368068185925949
PAX9,0.002367843664105749
COLQ,0.0023604322444880383
ABL1,0.002360190766688902
GLA,0.0023558527970453727
IL2RG,0.0023551991350832394
AVPR2,0.002354533060162794
PHF5A,0.0023529154103889595
ELOVL5,0.002350604433304397
CCL20,0.0023495836387155576
MARCO,0.002349187186147901
SLC25A5,0.0023469528649875428
THOC7,0.0023463239604316188
CALCOCO1,0.0023450758996186776
PHF19,0.0023434097163262777
DUOX2,0.0023398375971009954
EPHA8,0.0023367413263185883
ROBO1,0.002336409617040772
B3GNT3,0.002335546755202813
COL4A3,0.002333382436161628
PYCR1,0.002323809042718494
IGF1R,0.002322681280988036
ALDH2,0.0023221798350277823
EPHA10,0.002321712731703883
CARF,0.0023213885535951703
ASIC1,0.0023199201702082065
CHRAC1,0.002316044958308339
ABHD14B,0.0023158931451616807
ULK4,0.002314201638480881
SLC39A1,0.0023136295116273683
ESRRB,0.0023126731942465996
FOXD4L4,0.0023085257463390007
ERI1,0.002307299490843434
MAGOHB,0.0023069474756775886
NUDT14,0.0023058285537117624
ZNF213,0.0023054706241819076
ZBTB33,0.0023033728353038896
ZBTB24,0.0022988447504758373
ITPKB,0.0022909621983126273
OXCT1,0.002288654173957184
SERPINB2,0.0022864737134659662
TAF5L,0.002285325269156601
BCKDK,0.0022850530697323844
CUX2,0.0022835388857638467
BRD8,0.0022769549646473024
SLC6A7,0.002272996971267275
CDKN2A,0.0022719387326797006
HOXB6,0.0022714570001990068
GTF2E2,0.002270320880546933
ZNF14,0.00226915386330802
TRAK1,0.0022679661771107928
PRODH,0.00226631263361196
ONECUT2,0.002264150205883197
SLC9A4,0.002263684933946934
SIK3,0.002260740261670435
STRAP,0.002256084266497055
DUSP16,0.002253197537444066
MMP11,0.0022524074219109026
CDC7,0.0022517184951575476
KAT8,0.0022477654391841496
GMIP,0.0022444372695172203
WRNIP1,0.00224427586820093
FOXP4,0.0022417564756469803
FAH,0.002239328896102961
GNPDA2,0.0022375323921733073
ESRRA,0.0022345348737144374
TPR,0.002233518552384339
PTGS2,0.002231930840498535
CCR5,0.002231308724731207
ROBO4,0.0022299827702227048
PROX2,0.002224930855591083
CDK5R1,0.0022233083296159745
SNRNP25,0.002221430401870748
ATG3,0.0022214036689838395
ZHX3,0.0022191684154386168
SF3B3,0.0022181890119099988
DEGS2,0.0022128949976176955
D2HGDH,0.002210707940015709
XPO1,0.002208154344087234
ZNF518B,0.002204885845305398
RYR3,0.0022041406077041754
CYP4F3,0.002203076690842863
MTA3,0.0022024383499810937
LIMK1,0.0022013577269681265
WWP1,0.0021993150454945863
LIMK2,0.0021989487852260934
BCL11A,0.0021987805333337747
KCNK15-AS1,0.0021973287246073595
ZNF467,0.0021967907038342675
ALDOC,0.0021958151152066422
MSL3,0.0021924523691996
LSR,0.0021917494087538214
ANP32B,0.00219072441814933
PLA2G4C,0.0021902421482664063
PLSCR1,0.002188124009873718
L3MBTL3,0.0021880632510583383
SFSWAP,0.002187307089741807
JARID2,0.002186439732904546
ORC1,0.0021828650058887435
PDE6A,0.00217787615704583
ZNF354A,0.002176275844976772
CHN1,0.0021758827839803417
TNK1,0.0021756125690008048
UROC1,0.002172910260458593
GALNT6,0.002172337763637188
ROR2,0.002171841215778841
CPE,0.0021698770385992247
NOX1,0.0021673177050543016
PAM,0.0021669543287134727
PHGDH,0.002163785085664131
APOBEC3B,0.0021633352345088496
SLAMF6,0.0021633083558408542
PDGFD,0.00216298761771759
TGM1,0.0021627012731623837
PLGRKT,0.0021600233030039818
ART3,0.0021578551901766333
TBX20,0.00215163519611815
LINC00940,0.0021515421844960653
ACOT9,0.0021440353745419997
SRGAP1,0.002142569535470102
CCNF,0.0021424781029927547
KDM8,0.0021394267043797297
SNRPD3,0.0021352051066060086
SIGIRR,0.002134144899988314
DHRS4,0.00213351687186514
SLC16A1,0.0021331645550089887
ALDH4A1,0.00213202614794136
ADD1,0.0021319535813527184
NSMCE1,0.00212950999190798
ABCD1,0.0021292003815760836
SMC3,0.0021284769919293466
ADI1,0.0021267526208539494
IKZF5,0.0021258805147663226
FAXDC2,0.0021233523749106097
RYR1,0.0021220723227888807
ZFX,0.002119939546129899
PDE7A,0.0021147208522597797
SLC38A5,0.002113011397916125
TEAD3,0.002111088641162496
TRPM4,0.0021103022542374675
ZACN,0.002109796638978878
SMARCAD1,0.002109341037779814
HAGH,0.0021064181274850855
ZC3H10,0.0021043752023833804
SELP,0.0021032619773905027
RGS14,0.002102449396334123
SNU13,0.002102217082370771
GCM1,0.002099467759297113
IL18,0.0020970913461351303
LARP7,0.0020941744836745785
ASPA,0.0020934302267560266
LRP2,0.0020927795989555305
FOXJ1,0.002092638171830913
SSU72,0.002092012660490582
MTMR8,0.0020910837723058648
MEFV,0.002084711026574951
CTSL,0.002081075949536171
CD38,0.0020809133923321496
RBPMS,0.0020764401861524673
RARB,0.0020745065361843446
ABCA12,0.002073200974467909
MTF2,0.0020722868287994063
NRG2,0.0020690367319912183
ACOT2,0.002064336855110014
ASAH1,0.0020628455734986346
KCNN4,0.0020623167389130686
RAMP3,0.00206218917039223
ATG5,0.0020572503793227954
SFRP1,0.002057093467126833
PFKFB1,0.0020548718392383305
ADAM33,0.0020533263392280786
NR2E1,0.0020512948250689077
P2RY2,0.0020510946210997643
MMP24,0.002050162104103947
MXD4,0.002040657600766281
MYLK2,0.0020405700896226333
HOXD13,0.002040493851643987
MAGI1,0.00203744700626703
FOXK1,0.002036987928731833
MUL1,0.0020363606146129314
ZNF75A,0.002036283086927142
CERS6,0.0020356397709983863
SIX5,0.002032802015368361
LRR1,0.0020304519970086405
NMT2,0.002029188487736974
B4GALNT1,0.002024665566685144
HIF1A,0.0020178504436917134
L3MBTL1,0.0020169707195018417
EPHX1,0.0020165133484406398
ELOVL7,0.0020157607569999524
PUS1,0.0020131478217081163
ZNF655,0.0020114807736099465
HOXA1,0.002010810398933245
ZNF35,0.0020101244482793844
GATA4,0.0020077494886354542
SLC39A12,0.0020074039667815667
ARHGAP11A,0.0020072271423996427
TCP1,0.0020067972370598
LRRC41,0.002005968473938992
CYB5R1,0.002004718404612504
SGSH,0.001998745582415722
CASP9,0.0019968608972558283
TRMT10C,0.0019968548344622833
EXTL3,0.001996297299861908
PPARA,0.001995781988429371
CYP2E1,0.0019947784264659277
IL16,0.00199315000862407
ATP2B1,0.001992000276397448
LINC00324,0.0019902981331106273
PTPRN2,0.0019900381628249306
CHKA,0.0019895044674340173
MAPK10,0.0019892365266568957
PTPN22,0.0019885371596901676
ADAM19,0.0019820139499206564
POLA1,0.001981062940292759
KLF2,0.0019800380910892272
FCN3,0.0019788881092972586
PDCD4,0.00197191536866012
ELOVL3,0.001971519427082967
NTN3,0.001970351595140528
PLAG1,0.0019672458694840315
DRD2,0.001966344552580267
TAT,0.001964832795303664
ZNF165,0.0019645645018317734
HCN4,0.00195580628697644
TTBK2,0.0019539950003381818
MLXIPL,0.001952414356142981
RBM20,0.0019512891397462228
CCR1,0.0019487287618685512
TERF2,0.001948620486742584
POLH,0.0019485003221780062
YTHDC2,0.0019472577580017972
ATG12,0.0019465038548805752
SLC16A10,0.0019462241106957662
MPHOSPH10,0.0019442579868191386
ELAVL4,0.0019432408920547458
DCPS,0.0019421496010327247
VKORC1,0.0019418036434217356
L1CAM,0.0019412715503713115
PDK4,0.0019375231647863985
NOTCH3,0.0019323700553795788
RPS6KA3,0.0019322934007795995
USF1,0.0019322027743182845
PABPC1,0.0019316620411118494
CCAR2,0.0019295619468321092
MTAP,0.0019289937025459948
JMJD4,0.0019287409034732263
KLRC1,0.0019284837767190766
ARAP2,0.0019276296615134926
POU6F2,0.0019266908578283617
TFIP11,0.0019255687239929102
EPHX2,0.0019224202290351968
EBF3,0.0019186838252935557
SLC13A3,0.001916942731826566
ZNF500,0.0019150570158089977
DLG1,0.0019148630545241757
ST3GAL3,0.001911617237201426
KCNIP2,0.0019112820056907368
SREBF1,0.0019107298619201174
ZMYND8,0.001910227544416557
MAP3K6,0.0019075500598701182
XYLT2,0.0019050141680345405
HSD17B14,0.0019048013360297774
NFKB2,0.0019038295677164569
CSRNP1,0.0019012507996085332
OLAH,0.0018962645194187644
GSR,0.0018947530492441729
ANGPTL1,0.0018946385681047105
PTPN14,0.0018938945718255126
ADGRB3,0.0018934829338249984
PRKD1,0.0018915592546691188
COL4A5,0.0018911661689344327
STT3A,0.0018894185060053133
BARX1,0.0018877440017531625
THBS2,0.0018877279755251948
TIGIT,0.0018807883239642252
SERPINE2,0.001880148350581294
PRKCQ,0.0018793229124858045
BCL2,0.0018771422066056402
CCND3,0.0018770252380054444
CYP2A7,0.0018763398781738942
ADAM17,0.0018737990807276218
SIRT2,0.0018702917189802974
AFMID,0.0018700675933796447
ITGA8,0.0018698821880680043
NUDT10,0.001868408547816216
CHST4,0.0018682389983150642
TRPM8,0.00186681920234696
USP39,0.001865222124091815
ZNF48,0.0018647223855077755
CRY2,0.0018615332173649224
SGPL1,0.0018614228983933573
SLCO1A2,0.0018582049091201043
FZD2,0.001856044894841034
WNT4,0.0018540971705951963
NET1,0.0018520652363658882
NCOR2,0.0018500670541252476
GSTM4,0.0018495572251995326
FFAR2,0.0018494501970999408
YBX1,0.0018467339719063602
ANXA3,0.001846040431992151
AVPR1A,0.0018449763119861018
ATP1A2,0.0018414838885946667
IL1B,0.0018403594917763258
UGDH,0.0018374553803005254
SLCO2A1,0.0018357920803537126
ADIPOR2,0.0018354463764408138
PDE7B,0.0018320867520087631
HSD17B2,0.0018313957913051126
ATP6V0E2,0.0018309177905903198
ZNF721,0.0018306998358602869
CPNE3,0.001829613983310992
HS3ST1,0.0018289353067229967
CPEB4,0.001827616662500077
SLC6A1,0.0018273898015322629
PGAM1,0.0018266515141294804
CAV1,0.0018250930786598474
MAN1C1,0.0018196819873846836
ZNF528,0.0018189289618749172
WDR12,0.0018164452892378904
NOS2,0.001815758633048972
CDC42,0.0018145501068938755
EBF2,0.0018109921944123924
WWP2,0.0018098945083911532
ZMIZ2,0.0018094427445030305
PFN1,0.001808474332385231
DVL2,0.0018082112094562034
RPS6KB1,0.0018072849360032705
PPIP5K1,0.0018051939411816418
CIC,0.0018041072297201026
RCL1,0.0018037654935615139
POLR3A,0.0018033528422820382
ITGA2B,0.001803268903051503
ENOSF1,0.001803230691177305
SLC10A3,0.0018031962002569343
ZNF684,0.0018017138845752925
ATP6V0A2,0.001798147848516237
PM20D2,0.0017974190230597741
AFF1,0.001795645576741663
FBP1,0.0017955296219151933
PBX1,0.0017953789816529024
TIMM50,0.0017952730674005578
DPF1,0.0017950205453234958
XYLB,0.0017933309188520072
ANO2,0.0017912226334883597
DGKD,0.0017909749069804093
TRIM32,0.0017865981536306207
LSM6,0.0017831801075662954
SCML2,0.0017830029423930682
RBMS1,0.0017824836654763204
EXOSC5,0.0017811361483327346
AGPAT3,0.0017809875036182347
TMPRSS5,0.0017779756395611911
CLU,0.0017763486433541402
FOSB,0.0017761941558856052
CCND1,0.0017727408740029205
RP9,0.0017725349785177968
DHRS11,0.0017720516136760125
RFX4,0.0017720057322003413
L3MBTL4,0.001770222870487487
LPXN,0.001762548934595543
HEYL,0.0017617471763805952
UCHL3,0.0017602781106688782
PLPP5,0.0017599048378324367
CYB5A,0.001759901960613206
LAIR2,0.0017586244421254377
CPM,0.0017576637424353975
ZNF304,0.0017570171234256122
DPM3,0.0017560149733180878
P2RX4,0.0017501440942287445
APOBEC3A,0.001749717573489761
ATP6V0A1,0.0017464423946221357
SLC22A5,0.0017457645995746134
GDA,0.0017457151627168059
ELF4,0.0017442505730432458
SMYD2,0.0017360712278750726
DOCK1,0.0017337296619807604
IL10,0.0017328995063144248
TGFBR3,0.0017327977662062038
LILRB1,0.0017315806343685836
FMO5,0.0017295648186409379
RXFP1,0.0017263057457748802
CDK19,0.0017239605979557382
PUM3,0.0017234141281223855
ZNF366,0.0017210033414303324
ATP6V1C2,0.0017184116294665726
BRAP,0.0017097780468902785
ILK,0.0017081774301477707
RENBP,0.0017067291009298059
PNPLA6,0.0017066355613205816
DUSP9,0.0017058356702909804
PSMD14,0.0017032606663560726
COL9A1,0.0017025029251599335
ELK1,0.0017011396083107685
NPL,0.0017003977902204496
TCF7L2,0.0016998585959372577
CDK7,0.001699374377320055
ZNF221,0.0016982635157910407
LAMA1,0.001698187578993384
LCK,0.0016975395263289102
F2R,0.00169477357454889
UBE3A,0.0016941992598440265
ZBTB41,0.0016928036778554088
PBRM1,0.0016916936434281525
TET1,0.0016911616538127418
AKAP5,0.001691085712853237
IYD,0.001690511773340404
GDPD1,0.0016894303535373184
SERPINH1,0.0016881838666304248
NLN,0.001687026525280089
CA6,0.0016864057911225245
ZDHHC20,0.0016846336261805844
PSMB1,0.001683389494108269
DVL1,0.001682283382193418
PPM1A,0.0016812180530105252
HIVEP2,0.0016797932290646713
NRK,0.001679169901399291
SENP3,0.0016776180627348367
ZFP82,0.0016774289695604238
DTX4,0.0016734233836759812
ITGA2,0.0016725100446201395
PIGH,0.0016720681861334015
FGF10,0.0016710802703164519
BRPF3,0.001668488208160852
DBX2,0.0016676683298283024
ITPK1,0.0016634327999781816
NDST4,0.0016615904064965436
PLK5,0.001661352435621666
NR2F1,0.0016608757028734543
ZNF493,0.0016578654572367668
KCNMA1-AS3,0.0016559597558807582
SLC1A2,0.0016533766531210859
PUSL1,0.0016508240038820077
ENDOU,0.0016504603977809892
PNP,0.0016484813529532402
TXNL4A,0.0016484617653477471
KCNIP3,0.001647981686735875
SLC5A1,0.00164473592559807
ZNF441,0.0016424855770892464
ACVR1B,0.0016387691455165623
SLC4A8,0.0016386115803470602
EPCAM,0.001635852310428163
TARBP2,0.0016358380262245192
ETV4,0.0016316353603615425
ZNF696,0.001627981990444823
MAGOH,0.0016271087109053042
LSM10,0.0016242968443111751
CDKL3,0.0016222504510951695
ZNF417,0.0016216813228675164
CHIA,0.0016214782099123113
PIK3R3,0.0016187493857578376
DCP2,0.001615374085624353
CD8B,0.0016148050087504088
CXCL3,0.0016146693449147734
DYSF,0.0016144512077444233
UHMK1,0.0016126610915962374
SLC6A12,0.0016126273344416403
ACACB,0.0016123112602508627
SLC25A19,0.0016079219952662243
SLC4A9,0.0016073296044050948
ZNF442,0.001606172911488102
RUNX1,0.0016048757593671325
SLAMF1,0.0016022501045372338
DCT,0.0016011264240369202
KNDC1,0.0016000070767186116
PPP2R5D,0.001598326685198117
AXIN2,0.0015981943359074649
ZNF549,0.00159816545699141
SLC25A37,0.001597949794770102
PROK2,0.0015954680317954626
BCAT1,0.00159522995876614
EMG1,0.0015923583942349068
FOXN2,0.0015920580594538478
MXD3,0.0015899448605050566
ZNF24,0.0015888520023727324
CASZ1,0.0015876451135700335
DHODH,0.0015859810104593634
ARF1,0.0015853723483742214
TFAP4,0.001580465304214158
CCR3,0.0015799049029446906
GGH,0.0015782648674066877
GRHL1,0.0015774571122019552
HMMR,0.0015767969955923036
ARHGAP31,0.001576306927963742
CD6,0.0015761981151736107
LINC01555,0.0015749814044684171
SNRPA,0.0015731557227263693
ATE1,0.0015729632728180148
ALDH1B1,0.0015725736747554037
FNTA,0.001571401893728762
GATAD1,0.001571278607370914
RUVBL1,0.0015704317564377561
FIZ1,0.0015702855767158325
SLC1A1,0.00157019385638705
ZBTB4,0.0015681436144077453
LINC00534,0.0015679942000133452
ZNF443,0.0015678681351419073
SLC19A2,0.0015671741037804167
KLK2,0.0015667449959582882
TAF2,0.0015652698390040314
TASP1,0.001565030848913011
CBFA2T3,0.0015647924885706743
NCL,0.0015640465116739505
PPIL1,0.0015626226654421771
PTPRK,0.0015617866046814016
SLC2A4,0.0015610743532743071
SUV39H1,0.0015596028269064845
LINC01124,0.0015571399919281248
DHX8,0.001557111916539725
NRTN,0.0015550256944115973
SP110,0.0015489590966753894
HOXC5,0.0015482104478869588
ZNF491,0.0015479316648852547
SRP54,0.0015473965475539444
CXCL2,0.0015458527735754614
MAT2B,0.0015424753568368033
SCN2A,0.0015390582871623337
SIRT7,0.0015387401863845298
PNPLA3,0.0015382652077823877
PHF12,0.0015368919401953464
ZNF112,0.001536706007522298
MAPK3,0.0015365165875846287
PPARGC1B,0.0015357473669282626
EIF2AK2,0.0015355047162302071
CDO1,0.0015335826046648435
THG1L,0.0015334842238080456
PPM1J,0.0015282717854861404
HOXB9,0.0015276859076839172
SLC7A11,0.0015246962567325682
NEK1,0.0015244334294984585
CPD,0.0015220854621584294
ETV2,0.001521090064139571
SLC4A3,0.0015208314212359255
RGMA,0.0015164073163468858
SFPQ,0.0015160291291831528
G6PC3,0.001515630023641279
MYCN,0.0015117547548143193
SLC4A10,0.0015114979904901702
ADH6,0.0015107180678169243
ZFAT,0.0015104380737029715
DDX17,0.0015082176218711538
PCK2,0.0015077688635356024
LINC00265,0.0015073574480775277
NUDT13,0.001505205201858189
RICTOR,0.0015037928992096567
ZNF131,0.0015031291838095058
WDR43,0.0015028074546135032
BMP4,0.0015013844154455
GLMP,0.001501273680027225
RPN1,0.0015011440232483438
GRIA2,0.001497792259149719
LIF,0.0014956475360522745
NHLH1,0.0014934929248847767
ZNF507,0.0014922188670607284
TCF12,0.0014907678860181478
DCAKD,0.001487261012473027
ACVR1C,0.0014860887400864158
KDM5A,0.0014855312661384232
HEXB,0.001485339443635894
CD14,0.001484738296669093
TLR8,0.0014846864115970674
NT5C1A,0.0014826919852348511
MKX,0.0014798515147413129
ROCK2,0.0014792744052538184
SLC9C1,0.0014789375421241857
EIF3B,0.0014788709837157512
KDM1A,0.0014788132521498481
NPAS2,0.0014783687483432004
FBXL8,0.001477177155247773
SLC25A18,0.0014760582215239994
SF3B4,0.001475909881090047
ZNF680,0.0014744711877283407
SPSB1,0.001473948410639423
ARHGAP12,0.0014738086804863997
CPS1,0.0014723948452738114
ZNF547,0.0014695832041616086
UGT2B7,0.001467467359463626
ZNF329,0.0014671940577536589
PLXNB1,0.0014663202556257603
DAP,0.0014653791608288883
RPL5,0.0014643908136349637
SIX3,0.0014631541624257807
SOX8,0.001463099161235732
ZNF396,0.001462460616050521
PPIP5K2,0.0014624151093594264
ATP2A3,0.0014610772879532306
KLB,0.0014582691343093756
IMP4,0.0014570711226406276
GPAM,0.0014566901844664244
TRAF3IP2,0.0014540163401688916
GALNT16,0.0014538462288037409
NR1D1,0.0014528810613264795
RNMT,0.0014526838193414733
ZNF776,0.0014521475129004103
MYO9B,0.0014520558241347317
PAX6,0.001450161079177633
SRSF5,0.0014487813191954046
DDAH1,0.0014486181777756428
PSEN2,0.001447243623493705
GTPBP4,0.0014443901657068636
NT5C,0.0014429390358418458
NUAK1,0.001442754270217847
PTPRF,0.0014424775110383052
ZNF184,0.0014367895278992364
SLC38A11,0.0014351583140087313
MAN2B2,0.0014338049363577738
SYK,0.0014326257907086985
RALB,0.001432422901620157
MTHFD1L,0.001429332293701009
TOX4,0.0014291796054603765
SOX9,0.0014281187260930892
CHST15,0.0014271149832202354
ZNF350,0.0014256513014115626
ZNF121,0.0014253125082468615
MPND,0.001424888490801095
SACM1L,0.0014184324178932001
ARID1A,0.0014167557517503157
AGXT,0.0014167384860411403
KLK13,0.00141663027148752
AK9,0.0014161327965848613
ETNK1,0.0014156502391269895
SIX2,0.0014140195085929007
PAIP2,0.0014138162318704417
ZDHHC8,0.0014131126358406618
LEF1,0.00141308752844634
RASD2,0.001412795803800691
SLC27A5,0.001412592379405396
UST,0.0014118076257873327
IFNG,0.001411244888411602
DYRK2,0.0014103275325323922
IGFBP5,0.00141015838716703
LDHAL6B,0.0014094736514234682
AGT,0.0014090321039984702
SLC25A29,0.0014068613044801168
HAAO,0.0014064058095973452
LAP3,0.0014056017698312643
PRDM5,0.0014052449558366788
PRMT1,0.0014039753854012816
PSMD7,0.0014026834124524611
ZBP1,0.0014015047557331855
BCL2L10,0.001400790985178901
CTPS2,0.0014005855352879734
PYCARD,0.0014004213738226098
HIVEP3,0.0013995535296271555
CAMK1D,0.0013961523154575844
ZNF318,0.001395641434661229
PPCS,0.0013922755753301317
BCDIN3D,0.001391151495001395
P2RY6,0.0013899134645762388
CPA6,0.0013898558422661153
TNIK,0.0013875965121551417
GART,0.0013874806690873812
LILRB2,0.0013862036967184394
MBOAT7,0.0013847167426283705
RXRA,0.0013846334885165561
RAI1,0.0013796194918541003
FFAR1,0.0013785136056503689
CLEC6A,0.001376931701262947
MAK16,0.0013750487052602693
ARAF,0.0013738661309907912
PLPP6,0.001371399683179334
ZNF181,0.0013679255633905997
CAPN12,0.0013667166254017502
ZBTB5,0.001364877668878762
ZNF837,0.001364719437304302
ARHGAP6,0.001362826078213402
CBX2,0.0013626937281951542
CCL21,0.0013623198139684973
ZNF714,0.0013608841702953214
ZNF454,0.0013604180907423142
KREMEN2,0.0013560005161562002
GPX7,0.0013550859635579398
SYDE2,0.0013541869330074407
CASP2,0.001351214094189345
ENPP6,0.0013507604196638567
TBCK,0.0013499454729608258
RELN,0.0013484340930735926
PDHA1,0.0013477681001095333
CSF2,0.001347435527932248
EXT2,0.0013461362543457653
NUDT16L1,0.001344959202237078
PPM1M,0.0013434983718470903
CCDC183-AS1,0.001343055718447431
RRP36,0.0013430431890883482
GNB3,0.0013429206977743887
RRP12,0.0013428673563903432
ITGB7,0.0013409331042348641
GLYR1,0.0013407845988986083
SNRNP35,0.0013370746402943043
PRKAG3,0.001330281080212444
RFPL2,0.0013301025917753576
PPP3R1,0.0013298696625279262
BCAR3,0.0013261739859299268
ZNF665,0.0013259833069896557
FZD7,0.0013246562445856397
FCGR3B,0.0013231905669090337
BCL2L2,0.0013221937961061486
USP19,0.0013220159875490935
C9orf163,0.001320040939201135
DHX38,0.0013173074532387545
MTPAP,0.0013169844292569904
SLC29A4,0.0013149101637245622
UBE2I,0.001314666038422729
ECEL1,0.001314402998847072
SIAH2,0.0013121299948543308
CTSC,0.001312047243307461
TAOK3,0.0013108981178229441
SLC5A6,0.0013102561020641589
NPTN,0.0013088276871567358
IKBKB,0.0013084163743478712
ZBTB7B,0.0013048469703062437
GFRA3,0.001304141626053024
SLC2A5,0.0013022642264404567
XDH,0.0013014303857780758
PTH1R,0.001300069040604285
IL15,0.0012983682298072382
AWAT2,0.0012978388990450185
CAMK2B,0.0012971977426786906
LILRA1,0.0012944764653075253
CES1,0.0012936549727310194
DEPDC1,0.0012933396452135641
AKR1D1,0.0012932117462332825
FOXO6,0.0012914615099725779
ZNF41,0.00128739511371532
GALNT14,0.0012868813386012336
TDRG1,0.0012854957591189305
ZNF483,0.0012850743791495915
ITGB4,0.001283112923250883
IRF7,0.0012818983490433312
HCN2,0.001281381868335302
RORB,0.0012812892125220968
ADRA2A,0.0012769107456115307
ADCYAP1R1,0.0012766217233147472
DUSP10,0.0012753228842047974
IGF1,0.0012726942395529478
ADAMTS6,0.0012726416873629206
HCN1,0.0012718893883866258
NRBP1,0.0012714959811710286
SPG7,0.0012711585793294944
ACOT7,0.001271099347854033
PPP2R5A,0.001270072677405551
CRMP1,0.0012700018941250164
ZBTB16,0.001268055412285321
CC2D1B,0.001268054780754028
ASB2,0.0012675437873695045
ECHS1,0.00126711215954856
AEBP1,0.0012651572113391012
ZBED4,0.0012635767719184514
MMP10,0.0012633314096892718
ALG13,0.001262711748247966
HTRA1,0.0012623680812830571
TKTL1,0.0012614105022657894
PPT1,0.00125782812727266
RFX5,0.0012577394033141901
DLG2,0.0012577092733117752
NDUFS4,0.001257441163455951
ARSB,0.001256496951726149
TP63,0.001256446929255617
MDK,0.0012556199931714218
ZBTB14,0.0012551455118664308
PI4KB,0.0012546237303176894
HUS1,0.001254585071161273
NEDD9,0.0012545549124770333
LMX1A,0.0012543160999339306
BATF3,0.0012516913772415137
PIK3C2B,0.0012502027407899732
RUNX3,0.0012494971794367303
PLPPR5,0.0012491286745644173
OTUD7A,0.001248375681010657
CDK2,0.0012475819178944221
PCGF6,0.0012439183764072366
CSPG4,0.001242981308736489
APLNR,0.0012423415180674055
PSMD4,0.0012417767720471601
CDC25B,0.0012392465317680036
SMN1,0.0012386044853919885
ZNF763,0.0012383928678755185
GALNT10,0.001238359995171777
ZNF202,0.0012382683505566092
EIF2AK4,0.0012381257277302212
ZNF229,0.0012360881773638538
SLFN11,0.0012349439538666047
SKP1,0.0012344139021297452
MEOX2,0.0012342112626502057
PURG,0.0012312525382585592
CDK8,0.0012297766896517716
MBNL1,0.0012291927878104617
UGGT1,0.0012289451308461138
PRDM2,0.001228397211409174
KL,0.0012281343232025393
CAMKV,0.0012276037985575385
FKBP1A,0.0012257171735836892
SLC36A2,0.0012253237197437556
ACSM1,0.00122216183256387
HR,0.0012212782756832893
CLIC5,0.0012212778278480982
NUS1,0.0012193856031663015
EZR,0.0012193084422178798
FPR2,0.0012191221816610777
RIOK3,0.0012189077796792844
SSBP1,0.0012183311627013609
MASTL,0.0012182775566616328
SRSF4,0.001218198247908731
CRHBP,0.0012181302376993697
SLC12A4,0.0012158247166662477
HNRNPLL,0.0012150753089226782
ZNF768,0.00121492948019295
ACAD8,0.0012130838565062732
CXCL16,0.0012129452240042156
SLC30A1,0.0012127282958390422
CAB39,0.0012095074271201156
UBAP2,0.0012079673306579935
DUSP22,0.0012077791473711842
FZD4,0.0012077155126462458
OPN3,0.001207322810514597
PITX1,0.0012061941738211318
PRKAR1B,0.0012044051266420865
TSHZ2,0.001203491240972653
GPI,0.0012026216060476145
TSHZ3,0.0012023740178265143
PITPNM3,0.0011993698421283625
PLPP4,0.0011983784547046526
CLCN4,0.0011952593791502296
SLC12A8,0.0011938612923113397
SPSB4,0.0011934460283955558
MST1,0.0011934004486683987
MYBL1,0.0011928637908422389
CANT1,0.0011923792025336298
FER,0.001191433713727747
FOXS1,0.0011903339313721517
OSR1,0.001189497195824515
PAOX,0.0011894244482828073
RALY,0.001188733719085576
IKZF2,0.0011879645445878849
ABT1,0.0011866543306678066
KCNJ12,0.0011862884162255796
CYFIP2,0.0011859227733366424
GPD2,0.001185632424763753
WNT3,0.00118441111446009
LUC7L,0.001184071659707115
LINC00885,0.00118312638385396
AADAT,0.0011827463678782805
LINC01089,0.0011826230956939981
ADGRL1,0.0011822588537761477
POP4,0.0011819400408858202
POLD3,0.001180913834803505
PFKL,0.0011792918946302961
ESF1,0.0011780532110424245
SCN4A,0.0011765045439387904
DPYSL5,0.0011761513326200657
MMP9,0.0011752721002267208
METAP1D,0.0011743344122660346
SEMA6D,0.0011735769187653203
ZAP70,0.0011703786262369249
ALDH18A1,0.001169845891839941
ZNF462,0.0011696960193658015
ZNF429,0.0011696372648293618
LILRB4,0.0011683458640764002
ATP4A,0.0011679741091356847
ZNF100,0.001167693629162386
SKOR1,0.0011675518745323642
IL12B,0.00116751723420748
LIN28A,0.0011668141011396075
SOX10,0.001165715006645769
KDM3A,0.0011638854011398509
FBXO27,0.001162860723270569
TFRC,0.0011622586399462308
LPCAT1,0.0011616091127361868
ALG1,0.001160824584767397
GFPT2,0.0011606366301857634
GABRB3,0.0011597653786302544
BTC,0.0011574868669849822
PRPS2,0.0011574506368488074
SLC8A3,0.001157264645473333
ZNF17,0.0011570935102499789
PDE2A,0.0011565945773909334
CD34,0.0011557379765145016
PSEN1,0.0011557200321258279
PTGFR,0.001155693615495693
ALDH3A2,0.0011546639021471493
STC1,0.001154265072022099
CD3D,0.001153787292088964
LEP,0.0011532780702400488
PUF60,0.001152964203953161
RFX6,0.001151800379913766
MMP17,0.0011513337657306692
DUSP28,0.0011499840491451324
ZIC4,0.0011485166939382908
TANK,0.001146568503594608
SLC25A20,0.0011463535311486339
ITGB8,0.0011459060671477346
HOXA11,0.0011441253194352612
IFITM2,0.001143349104182562
AQP2,0.0011426443772943459
CIRBP,0.001142514806750114
ZNF596,0.001142377020441927
ASB4,0.0011415088801586535
MATN1,0.0011411355557502246
ALG10B,0.0011402739538461902
TLR3,0.0011392019720515238
SMARCA2,0.0011373132021399216
USP49,0.0011346729137731017
CUBN,0.0011341459365503397
PPM1F,0.0011333746460295514
IPPK,0.001131214140172233
GZMB,0.0011304534560331375
ZNF91,0.0011301769174897345
GMFB,0.0011300085527473128
ETS1,0.0011298586467455608
ADRB2,0.001129219887938234
CD151,0.001128682623646455
TRPV2,0.0011283886024175444
PHYH,0.0011281448021327378
EDNRB,0.0011278875556745335
ZNF460,0.0011261566201719688
RBM4,0.0011256565510993823
B3GNT4,0.0011256556060543518
MZF1,0.0011253778325481106
SIRT4,0.001125220069588977
ADPGK,0.0011251204720902023
ACSBG1,0.0011241879109293222
SHMT2,0.0011210692550084785
CGGBP1,0.0011210665127582616
PSMA4,0.0011209223009209382
SLC36A1,0.0011208398150774884
DUSP2,0.0011196567969745958
SLC25A38,0.0011181309327657801
SGK3,0.0011159695218448179
GBX2,0.0011153111174644435
ZNF208,0.001113845360086998
PSMB4,0.0011134908315434586
BAZ2B,0.0011134312689537183
FOXI2,0.0011133093717508018
ELF1,0.0011120920741814187
DNPEP,0.001110404277962516
ZNF540,0.001108966115687508
CELF2-AS1,0.0011064352395187597
PAXIP1,0.001105269767300342
CHD8,0.0011046761590696405
LRP8,0.0011042045348294777
ZNF816,0.0011037582060525893
PIGL,0.0011036716298549437
SEMA6A,0.0011035973913531053
PER3,0.0011026506588386839
PRPF8,0.0011017515939747682
IP6K1,0.0011014314137428299
IFIH1,0.0011009970921440982
MERTK,0.0010996755680971544
GSTA4,0.0010995618198794545
TNFRSF10B,0.001095812633400783
POLD1,0.0010957153014460345
CYP3A4,0.00109514032433799
DGKG,0.0010947987199178898
ANO9,0.00109415199587238
KLHL22,0.001093970674002776
AGO4,0.0010937236536556157
ATP7A,0.001092176848324016
HNRNPH3,0.0010901834817195776
ANKRD1,0.0010898054683057125
MELK,0.001089403466146905
CDK9,0.001089058605823084
ZNF792,0.0010889309751510156
B4GALT4,0.0010863054772489705
HAO1,0.001085465177500737
GOT1,0.0010853418533370131
FOXD2,0.0010843068935064365
BDH2,0.0010841599892883096
DGKZ,0.0010830114692944337
VIPR2,0.0010826266411313554
LSM2,0.001082113130702055
TF,0.0010811227050871821
SLC37A2,0.0010802099289430771
SLC25A47,0.0010797637646173825
SAMD4B,0.001078407519860775
SLBP,0.0010779569351871032
RCOR2,0.001077742637164192
PLCD3,0.0010766591353749391
DDX10,0.001075002609519288
PARP1,0.001074900101259118
STK16,0.0010729242946836165
PUS7,0.0010727485021488972
MINPP1,0.001071420065840357
GCK,0.001070668940883479
SLC39A14,0.001070517251311685
CSNK1G3,0.0010692329701996641
FAM98A,0.0010689976928406394
RPS6KA6,0.0010677369487530086
ANGPTL7,0.0010676091832719976
GATM,0.0010664554120012326
GDF6,0.0010658409225434299
ISG20,0.0010625833155936562
DCXR,0.001062159766253899
GAL3ST3,0.0010613952344720018
RPL13,0.0010586025399388745
RNF125,0.0010581624261831167
MIER3,0.00105759588580986
TAF7,0.0010563657505408628
ASIC2,0.0010561565804600831
CDKN1A,0.0010555301517160842
PBX2,0.001055439277581172
LTC4S,0.0010554220928825088
RHBDD1,0.0010542036088590976
CD68,0.0010531560907643327
SRRM1,0.0010505088075151434
CXCL9,0.0010502292711462359
MAML3,0.0010492016418138519
RAD1,0.0010489511856285388
HOXC9,0.0010487359914695845
RNF157,0.0010485116971976822
CADM3-AS1,0.0010459770072629908
AFF4,0.001045630993314262
TREM2,0.0010432655500917463
MYRF,0.0010397689358069328
C1QB,0.0010397451931785325
DCAF10,0.001039661691931542
IL2RB,0.0010392801106499975
HAVCR2,0.0010389221249060938
IDS,0.0010389144162036247
STK38L,0.0010378215374366845
S100A12,0.0010369337965070997
PIP5K1A,0.001034377627656795
TP73,0.0010342820398291223
GAPDHS,0.00103392903234635
SOX4,0.0010338953171885805
SLC34A3,0.0010337933759437873
ASB12,0.0010333781617955537
AOX1,0.0010324306692346
DUSP7,0.001030537606406142
SH3BP1,0.001026021057201433
FOXN1,0.0010213265069396586
CELF3,0.0010211950356460876
RAMP2,0.0010199648767884356
SLC39A2,0.0010174751097074477
ZNF418,0.0010156580715847668
P4HB,0.0010141855370893607
PAH,0.0010127306400463567
OGFOD1,0.0010120967679540626
PENK,0.0010119739058136474
NMD3,0.0010109801087528469
ENPP3,0.0010103531318163732
SFMBT2,0.0010101355638471431
ADRA1D,0.0010097174033580813
FARSB,0.0010093077335914132
MORC2,0.0010079705778480274
ZNF546,0.0010065965003232123
HCFC1,0.0010054623417236144
CLCN2,0.001005136472915183
ALK,0.0010049885584012372
ADGRV1,0.001004908745031571
ZFHX4,0.001004874325095443
XIAP,0.0010044226240570424
ATP11B,0.0010044182779674884
ZNF431,0.001003551061869075
FUT9,0.0010029347472154768
SCAMP4,0.001001458839760744
TRIM62,0.00100103016612411
ZNF671,0.0010004018503241242
PTP4A2,0.0009995856996174554
RRM2B,0.0009994288938469254
FGF5,0.000999310424878786
CASP8,0.0009990358719951472
ASIP,0.0009987880783010042
CTSW,0.000998093445552513
RIMS1,0.0009967053288200986
SH3KBP1,0.0009966049575450596
HABP2,0.0009955198092284263
ACAD10,0.0009950158860883675
PTPN21,0.0009936267622688319
FGF20,0.0009928678885116823
C5AR1,0.000991483359524864
MIRLET7BHG,0.0009914831269925344
CASC8,0.0009905360052216566
DHX9,0.0009897456094331574
ASCL4,0.0009885342436318752
ING2,0.0009876581900243764
PLK1,0.0009864599406791967
PIDD1,0.0009861530373746065
SCP2,0.0009856586836103816
CSTF3,0.0009854808558739025
HSPA1A,0.000985438654657628
KSR1,0.0009846435918734642
DAD1,0.0009839431510335998
LINC01615,0.0009838536636088975
TNRC6A,0.0009812336355971639
CIITA,0.0009808374681597343
GPR176,0.000980466235661879
CHST6,0.0009797717382461998
RUNX1T1,0.0009786651516624262
CPT1A,0.0009779329093726119
MVD,0.0009778075442882254
ARRB1,0.0009777053854340921
EFEMP2,0.0009775264365307521
CDH5,0.0009774288915359646
CKM,0.0009768370522506302
MX1,0.0009763280160259456
ZNF257,0.0009757665309734875
ZNF69,0.0009740982653602258
CXCR1,0.0009734629970334937
NCAM1-AS1,0.0009724557403242215
KIT,0.0009703266297001391
ZNF107,0.0009697875735801063
PABPC4,0.000969576965100714
ZNF543,0.0009692803674988681
ALG14,0.0009692120698455255
NFYA,0.0009684281582885887
ACSM2B,0.0009683110278856475
PRSS1,0.0009660791609130684
FPGS,0.0009659551522927358
ZNF609,0.0009659045040170894
UBC,0.0009644405338331126
SARDH,0.0009641233969014138
DHX58,0.000964115564165695
POFUT2,0.0009640238097053952
IL7,0.000963153446718934
COL5A3,0.0009624701522116083
WNT16,0.0009621012375282589
ZNF44,0.0009615643162687775
DEAF1,0.0009599127415858674
SLC16A5,0.0009592435196245789
CHST2,0.00095886786475603
NPR1,0.000957335118255287
SFRP5,0.0009572010934462015
CFLAR,0.0009569011172134197
ZNF844,0.0009566827318485593
DNMT3B,0.0009548612818471156
TKT,0.0009534866044850787
ZBTB40,0.0009527390307921451
ACOXL,0.0009522633973974735
PNPO,0.0009520459496125113
HECW1,0.000952039604591846
CREBBP,0.0009515891390474281
ZNF205,0.0009514591539482353
ZNF773,0.0009504379809077364
E2F7,0.0009499784997897223
TSSK4,0.000949703674108605
SPR,0.0009487157293042401
RRP8,0.0009485521314200014
ZC3H18,0.0009478542017750442
SUCLA2,0.000947303053268115
FGR,0.0009471455890743528
BCL2L1,0.0009470133556023939
POLK,0.0009467325948644429
DOK1,0.0009462515400664416
FGFR1,0.0009453514989581891
ZNF189,0.0009433235863543813
DPP9-AS1,0.0009422221433342202
RHOT1,0.0009420347269769991
BACH1,0.0009419773150730179
SMARCB1,0.0009398186179605545
C1S,0.0009390293018223019
JUN,0.0009389544525329257
RREB1,0.0009384820924024098
C2,0.0009374274408328347
CDS1,0.0009370043380185961
WRAP53,0.0009365767426934326
LINC00472,0.0009360250233803526
POLR2A,0.0009359633288477198
MUSK,0.0009338294484768994
FGFR4,0.0009334181824233382
CLEC2B,0.00093312991350831
MAFA,0.000932622488871857
IL18R1,0.000932275227009086
SULT1A2,0.0009290523953459342
TALDO1,0.0009287784274492879
TRIM25,0.0009284202409617137
RPS16,0.0009280289894813905
PARP16,0.0009264273822700488
GCNT4,0.0009256211038809851
ZNF385A,0.0009232335489068647
S100A11,0.0009229203883587616
PTGR1,0.0009228716046127375
TDG,0.000922340339384391
PLA2G4E,0.0009220131925103488
PECR,0.0009213367079646559
PLAGL2,0.0009211368243704783
HPD,0.0009205243909600541
TERT,0.0009189922646910417
LHX4,0.0009188802931603278
HLA-A,0.0009188623352747527
CTNNBIP1,0.0009170566206885269
S1PR1,0.0009153892299946164
GLYATL1,0.0009147786861503845
SPTLC2,0.0009145213964802678
KMT5A,0.0009143418976454995
ZNF582,0.0009139002945157699
RAP2A,0.0009134669191844296
MPHOSPH6,0.0009134318421274657
IGSF1,0.0009132569519933896
ZDHHC15,0.0009128364503849299
SLC30A5,0.0009118944112487952
MTERF3,0.0009107463989639654
SLU7,0.0009106059084151639
CHRNB2,0.0009102147876546951
HMGCS1,0.0009098367890110239
RBM6,0.0009076712713431334
PCSK5,0.0009069466079236008
ST18,0.0009050216024770635
TBXAS1,0.0009038286403520033
FTCD,0.0009036028267873917
SRCAP,0.0009030254091121606
TLR2,0.0009026751905330456
NME3,0.0009022578940348466
HNRNPF,0.0009014878957968903
FOXE3,0.0009006601024739211
DLG5,0.0008978082602407085
CYP4F2,0.0008972523906959395
ACVRL1,0.000896666664550139
MAP3K5,0.0008957155839452752
CGN,0.0008956704212032491
ZNF174,0.0008954527896712534
ITLN1,0.0008925362241716357
EIF1B,0.0008923455499025294
GABRB2,0.0008916302029465441
SNW1,0.000891265788108285
ZNF492,0.0008912507025816012
ARID3C,0.000891181247527129
SUPV3L1,0.0008908807322513894
GCFC2,0.0008904778647847707
TRPV6,0.0008902921693079406
CHEK1,0.0008895118584478041
G6PC2,0.0008869587200315437
ATF1,0.0008864259723050054
ZNF440,0.0008853903268027353
TST,0.0008831837363031809
IFNL1,0.0008822318125658057
ROS1,0.0008811346064176177
APPL2,0.0008809984746767441
CERS3,0.0008800833069617511
NLRP12,0.0008793378464324633
HAO2,0.0008790311237971765
BTRC,0.0008779665924448637
NRIR,0.0008779217584815341
PCCA,0.0008778713758511004
ASB9,0.0008759735316125443
DHX33,0.0008753098866000073
PLCG2,0.0008745303863688605
ABCC4,0.0008743364386027679
CHST9,0.0008735395361363772
GALNS,0.0008731702140794368
DCTD,0.0008730357429449214
DMRT1,0.0008726843893091427
STRADB,0.0008712271656550002
ACTL6A,0.0008710512764955638
MTDH,0.0008699047100672033
PADI3,0.0008697809716759367
GPD1,0.0008697058015168296
SLC37A3,0.0008683136162726441
IGF2,0.0008680681723853923
TFB2M,0.0008658313157939119
CCNH,0.0008656090200383915
GGTLC2,0.0008647680452704663
EIF4B,0.0008642645563813857
SPTAN1,0.0008637648551230086
SORD,0.0008629436089759111
CHD2,0.0008621664184538531
ABCG2,0.0008619708858750528
CUL2,0.000859979357694101
ADA,0.0008599673780190642
IRS4,0.0008596735025876114
ZDHHC3,0.0008585548758637742
NDOR1,0.0008581141014292371
PUS10,0.0008580128676258028
NIM1K,0.0008561936433397932
FBXL19,0.0008549420560884755
TNNI3K,0.0008543745970382589
PBX3,0.0008538811352118501
AQP10,0.0008533466937660705
CA3,0.000852937821604428
MAPK12,0.0008523695892217803
PI4K2B,0.0008512772605536157
GHRL,0.0008511148778925417
VPS11,0.0008510864415657124
IDH2,0.0008506628227914917
RPP40,0.0008505913224653341
MYPOP,0.0008502249363882583
PAX8,0.000850057566378382
SKP2,0.0008493094278965146
NUAK2,0.0008490990667560254
PTCH1,0.0008488741163455416
SLC23A2,0.0008486363608390093
SUV39H2,0.0008486356247740332
FLT4,0.0008485621075888048
ASS1,0.0008475786725975923
CLK4,0.0008471081664392841
PKD1,0.0008467435489510535
IL6ST,0.0008459462676983095
GPAT2,0.0008458726343378658
FOXN4,0.0008455462535930565
SIRPA,0.0008453853275859728
EFNB3,0.0008451266939664493
SLC11A1,0.0008442719196755206
CTSG,0.000843446625425713
SH2B2,0.0008427228669606848
ZNF791,0.0008424014726333553
CRAT,0.0008416072638792684
EGR1,0.0008412074246662087
NEK3,0.0008410331933991984
SLC25A10,0.0008401913073830655
PTPRU,0.0008401440887755597
PSMB2,0.0008395386292468174
CXCL5,0.0008393900203936936
RARRES2,0.0008392399192307493
CAMK2D,0.0008389273127540946
SLC39A8,0.0008386586551205255
ATP6V1D,0.0008380723162772484
TRHDE,0.0008367919970914954
PTPRC,0.0008362518142675981
IRX6,0.0008361411980877165
CALCA,0.00083569392199297
POLL,0.000835411327665497
CSNK1G1,0.0008348872060887516
UPP2,0.0008346357823393192
ZKSCAN1,0.0008336308999569155
WIZ,0.000833201158347947
ELOVL2,0.0008328213927306933
FOS,0.0008319489937493927
LINC00839,0.0008318654304093798
MBNL3,0.0008317823290635715
STYXL1,0.0008313567746590706
YBX3,0.0008312803119770252
SLC7A5,0.0008311208261875436
PTPN7,0.0008301722521719058
KTN1,0.0008294798170027206
SIX6,0.0008294718118704623
HOXA7,0.0008288544411407202
CARM1,0.0008288448573730419
LPCAT4,0.0008288042244093958
AKR1B1,0.0008282586883869953
LUCAT1,0.000828228095160739
ZNF853,0.0008275607231335016
NR4A2,0.0008273947408379172
PES1,0.0008265932504364173
S100A9,0.0008262517892071628
GAL3ST2,0.0008261654353555059
ZNF581,0.0008257726895972155
ZNF586,0.0008244889106354095
NKX3-1,0.0008243625188188162
DOK2,0.000823966891381133
SLC38A1,0.0008235056992125465
TRIB2,0.0008230081816072924
KCNJ13,0.0008221228207403328
SP9,0.0008219141352456064
LINC01123,0.0008213926541939145
CLCN3,0.0008208826664777007
ZNF12,0.0008205437549040653
SLC16A4,0.0008204693039951962
BMP6,0.000819913362400257
EPHA4,0.000818412894863286
TFDP3,0.0008178540186636383
ALG6,0.0008177508514927467
IRF2BPL,0.0008176460045942805
EDN2,0.0008164240411424544
TEX2,0.0008158074444145314
GALR2,0.0008152822692500195
TLE1,0.0008145868933061137
HBP1,0.0008145670914818765
SLC4A7,0.0008143791103575495
CLCN6,0.0008141933859151323
SLC27A3,0.0008138680357151315
FAR1,0.0008138586416025647
SLC7A2,0.0008115177207582747
NUCKS1,0.0008113286730877008
TAGAP,0.0008111910849547713
SLC22A1,0.0008093021630338626
PDCD11,0.0008088888883285108
ZNF534,0.0008078679176105652
MTHFD1,0.0008073897697468055
GTF2H2,0.0008067077440646244
ABCD4,0.0008057986339335911
SETDB1,0.0008056494076517993
CTSA,0.0008048514151087146
SH3GL2,0.0008033747701483662
VCAM1,0.0008025401657723705
HLA-F,0.0008023658863166929
TAL2,0.0008014885799420881
ADAM15,0.0008001901631723739
LARP6,0.0008001574563022587
EHMT1,0.0007990009765562718
ZNF433,0.0007984724512862158
TRIB3,0.0007981874408360454
DTYMK,0.000797831690957537
MOGAT1,0.0007964440502983052
HES5,0.000796019205765333
NID2,0.0007956314174371073
KDM1B,0.000795448618089722
NKAP,0.0007953251923318021
DROSHA,0.00079511415468005
LDHA,0.0007938800382180488
LTB,0.0007936899273481685
DHX16,0.000792568084114464
CD46,0.0007925479892292059
EPPK1,0.0007922352146269985
WIF1,0.0007922035213123309
BATF2,0.000791626262383943
ACP6,0.0007910475403987221
RPS17,0.000790617450082209
SLC2A8,0.0007899780735606328
ZBTB32,0.0007896804608753883
CLK2,0.0007896584148620604
FOXA2,0.0007895793007883185
SCARF1,0.0007895113202539505
UNC5D,0.0007894781546492595
MYOC,0.0007894232456892496
PLA2G2D,0.000788210842598346
NKX2-3,0.0007876394691993482
DCAF4,0.0007864623713612673
UTP20,0.0007862176568669383
ERCC4,0.0007858168360035052
DPM1,0.0007851709038004628
NUDT15,0.0007838434485383913
ALDOA,0.0007838201143676997
ZXDA,0.0007835682165095931
IGF2BP1,0.0007827205854555358
GLIS1,0.0007811766129816532
SLC6A8,0.0007808987570242607
HOXC4,0.0007806585298894788
CDC5L,0.0007805019573715981
DMRTA1,0.0007798600542519125
TFAP2C,0.0007798084174064569
GNPTAB,0.0007788810644342448
AGO3,0.0007770453690682188
TNFSF10,0.0007757297635980649
TGS1,0.0007755328777202522
SART1,0.0007755086912366097
ZNF446,0.0007742201661894797
OXA1L,0.0007739674034673953
HIPK2,0.0007725823961227433
U2AF1L4,0.0007720025723683648
PRKCE,0.0007719016240953351
POU2F2,0.0007717383507479098
KMT5C,0.0007714125763450283
PIGQ,0.0007710412671804079
ULK1,0.0007708758215521812
PSMA8,0.000770620950992452
ZNF764,0.0007691619312536204
LINC00857,0.0007686536048131529
BAP1,0.0007668796565849334
ZNF117,0.0007665988283479237
GMEB1,0.000766424544599431
RBM3,0.0007634771231605556
PARL,0.0007625088705754024
MAP4K1,0.0007609430560478359
PHLPP1,0.0007608575338526862
TXK,0.00076038508106285
MC5R,0.000759783622881514
TRIM71,0.0007596594256465323
TFDP2,0.0007594090292841429
NFXL1,0.0007589636677512317
AQP4-AS1,0.0007589326259694644
BMP7,0.0007586294862921932
THNSL2,0.0007585349968794617
ERCC8,0.0007584911321246181
SLC7A3,0.0007582075908867409
TEX14,0.0007576501972725964
MDM4,0.0007574182753523928
RDH8,0.0007571052832354326
KDM4D,0.0007562801319727442
GPT2,0.000755972546627163
ADGRA2,0.0007557801323855529
CKAP4,0.000755661806309945
SLC26A1,0.0007554851493987371
CCL3,0.0007527672530486598
PLCE1,0.0007525809255530475
ZDHHC22,0.0007515895385295152
PLK3,0.0007506807675963501
HTR2C,0.0007505184444744372
SIRPB1,0.0007502340102801099
ARHGAP28,0.0007501912628358695
URB1,0.0007501028352562571
TPSG1,0.0007498155625180516
HOXB13,0.0007496944536906085
MBOAT1,0.0007492097432404989
FOXD4L5,0.0007487068162299693
BDKRB2,0.0007486314923444298
MPPE1,0.0007461921933208941
AKAP9,0.0007461699147315813
ZNF652,0.0007458898986078565
DAB2IP,0.0007455331617748015
PPIE,0.0007446142385233543
GDPD3,0.0007437257136261906
GRB7,0.0007436723097489448
ACTB,0.0007427403952096938
XPNPEP1,0.0007426758307919954
RPL37,0.0007421935774036683
HNRNPUL1,0.0007416361121213412
CYP4A11,0.0007407739854097599
RAD50,0.0007407092073335661
PPBP,0.0007399155796156265
MMEL1,0.0007393725180081674
GATA6,0.0007389828746818239
RFX7,0.000738171495264396
LINC00398,0.0007381583231399418
ACADVL,0.0007373118534960667
RAX,0.0007367342605575685
MALT1,0.0007366095182151184
ADIPOR1,0.0007355292959982762
GPR150,0.0007354966236962355
SRF,0.0007351925584371201
CNDP1,0.0007347395760079962
PAF1,0.0007333616398900631
PIGG,0.0007329657599329948
ZDHHC13,0.0007317737509365543
GRM2,0.0007316489739896497
DGKQ,0.0007309835306223249
ZSCAN4,0.0007305063115709345
DPYS,0.000729648688044108
GBX1,0.0007286467956146225
PSMB5,0.0007273146292427555
E2F1,0.0007269146847902449
UCK2,0.000726684114903037
RPS19,0.0007246591920120409
PPP5C,0.0007220210881787351
PRKCG,0.000721466995368246
STAT2,0.0007208373011526419
ACAA1,0.0007206248183720163
ZNF627,0.0007201340152678314
FCER1G,0.0007188386337802512
STK39,0.0007187431548372843
SLC9B2,0.0007180262616093387
VKORC1L1,0.0007180139178017271
SMARCA1,0.0007177858889699564
CHST10,0.000717330098428647
ZNF83,0.00071602611556591
ST3GAL4,0.0007146819951740326
GCNT1,0.0007146719741213019
DGKE,0.0007145387237542308
HCG11,0.0007133083599910606
TCF21,0.0007129814364743652
CR1,0.0007129119567616726
ZNF561,0.0007116280552654644
TBX22,0.0007115995414642384
COLCA1,0.0007112330993550131
SREBF2,0.0007104512336445623
NOD2,0.0007102805721660842
CD96,0.0007097846571778064
FRK,0.0007079455221537501
SARNP,0.0007078516862129618
THAP11,0.0007071493303883471
ZFYVE16,0.0007069123444307479
SOX30,0.0007063310673838714
AGPAT1,0.0007054840570490343
GPR83,0.0007042174639063887
MTIF2,0.0007027276300941594
LONP2,0.0007024800241924822
NHLH2,0.0007020708508425742
PRKAB1,0.0007011373854620615
PISD,0.0007003005972801475
CD244,0.0006993911915124045
PAPSS2,0.0006987321826818515
GPR25,0.0006987072828051168
RPS14,0.0006982918518770021
ZNF286A,0.000697500470574596
ETV7,0.0006967730551259593
HHIP,0.0006960317829289124
IL1A,0.0006958068595049553
GRIK1,0.0006955973492440534
LNPEP,0.000695226234405709
LGALS1,0.0006938080229592742
TRIM4,0.0006931168015362347
ALOX15,0.000692649672193511
ADCY2,0.0006917814004264073
STK26,0.0006909725667210296
MAPKAPK2,0.0006909288824317628
ZFYVE27,0.0006904258864815346
IL21,0.0006902721290825867
RNF139,0.0006888834050987498
PC,0.0006887698023274424
ACKR3,0.0006884925005215337
GFI1,0.0006884123460331466
MICA,0.0006876490156791989
ALOX12B,0.000687546989422117
PIK3R1,0.0006867278047866421
ZNF33A,0.0006846841176957241
CHN2,0.0006845056978127104
RSRC1,0.0006841528076620307
SUPT3H,0.0006840763485670323
CCDC144NL-AS1,0.0006837519993496243
SIX1,0.0006832241643132874
LCLAT1,0.000682920019251469
ZNF132,0.0006828765040627332
ITGA6,0.0006827693573141006
ARHGAP30,0.0006827607425948372
SFN,0.0006823301386539242
TRIM56,0.0006822046056622639
ZNF785,0.0006814449099547346
ERG,0.0006809266923955875
HPSE,0.0006805424768463127
CLK1,0.000678994363079255
ZBTB47,0.0006787335431799875
ZNF146,0.0006777152588620084
U2SURP,0.0006772301283490378
SLC38A7,0.000676049410700216
ZNF688,0.0006759644094199757
HS2ST1,0.0006758489641797497
SLC26A9,0.0006756194515910466
TCF24,0.0006753325743993628
DSEL,0.0006752334581469768
HRH2,0.0006744018076060457
TLL2,0.000674346988045727
STAT4,0.0006729890861242893
CRNKL1,0.0006724701351049589
TRIM45,0.0006714534652855946
CD163,0.0006701144823309732
OASL,0.000669762868565158
GALNTL6,0.0006694925393530865
GSPT1,0.0006694368303651572
KIR2DL4,0.0006693874211487127
LCMT2,0.0006687749941993389
PRDX1,0.0006679849809734151
ZNF319,0.0006675520098724519
HOXB7,0.000665657969591848
GCHFR,0.000665323893637833
SNRPD2,0.0006648098157529603
MEIS3,0.0006643007230159128
ZEB1,0.0006637874119187473
RPL3,0.0006633615232422016
ZNF706,0.00066299277030339
ZCCHC4,0.0006628485131441266
PYGL,0.0006620115608602646
PPIA,0.0006603572110834648
CTCFL,0.0006600057176037808
ZNF778,0.0006595209281513234
AURKA,0.0006593802631177823
KLK14,0.0006584092428820441
MSTN,0.0006577009201719193
TXN,0.0006567416479592793
SLCO1C1,0.0006565859543334227
TNFRSF14,0.0006551322956147487
PCK1,0.0006539091369086236
CDK17,0.0006531291722567402
LRRFIP1,0.0006530538254228304
ZNF333,0.0006527152651033248
SPPL2B,0.0006515447133206181
APOC3,0.0006512826812613639
ANXA11,0.0006512206590778078
CHST7,0.0006510291177619365
GABRG1,0.0006507938085705973
SGK2,0.0006495792364876252
ZNF639,0.0006479624934363528
MED10,0.0006475050718945568
PCGF2,0.0006474509474501247
TCF25,0.000646989551903971
ADAMTS19,0.0006469012702582403
DDX1,0.0006464835968727129
GEMIN2,0.0006464755139531917
SALL1,0.00064576688859961
IL6R,0.0006451725592414733
IL15RA,0.0006451589041535044
CHD3,0.0006432868839910952
MMAB,0.0006431330635532504
DGUOK,0.0006425053517814377
ZNF391,0.0006419096210738644
RABGGTB,0.0006415710732617299
EPHB4,0.0006405058111195103
LIN28B,0.0006400638521135988
KDM6A,0.0006399057061498752
CPA2,0.0006396142901066923
PTH2R,0.0006394274426493212
SATB2,0.0006392421456621378
ZNF77,0.0006389042311711818
WDR5,0.0006387234003123012
SLC2A4RG,0.0006374270955057
NSA2,0.0006367136031403789
SLC6A13,0.0006364238402748015
ABCB11,0.0006361544083629269
PCF11,0.0006347512967331567
PFKP,0.0006339461723619023
CXCL6,0.0006337934490757107
PTPRE,0.0006332529714636621
NSUN5,0.0006322972818452398
PLA2G6,0.0006322674963303142
CYB5B,0.0006321983990565059
PHPT1,0.0006321914859654498
ZNF468,0.0006321702859859215
USB1,0.0006320553858458879
SCN3A,0.0006317609402249218
REL,0.0006316623863240238
HSP90AB1,0.0006310568496701308
GLRA2,0.0006305103121558204
KLHL21,0.0006300966411727131
DDB2,0.0006296225969053921
ARX,0.0006291355415596626
PITRM1,0.0006290989119879668
SCX,0.0006289957098997547
PRKAB2,0.0006283815570714069
ZNF217,0.0006283580896924831
ABCD3,0.0006279202085861471
CD274,0.0006272195633064256
RPL39,0.0006271384208957897
PML,0.000626015848152747
ZNF667,0.0006246627015934792
EIF4E2,0.0006242367800150532
ZDHHC17,0.0006234727022892912
HPRT1,0.0006229598073041416
NSDHL,0.0006228467199907754
PTPRG,0.0006225354916023207
FADS3,0.0006211448745452799
SRGAP3-AS2,0.0006205032903017127
IFNLR1,0.0006203949404298328
ITGA9,0.0006196807851883932
KLF13,0.0006186445966595783
UNC5C,0.0006181178756232839
COG7,0.0006180557504703757
ASXL1,0.0006173451745853527
CD1A,0.0006166792403164436
EIF5,0.0006163558600019315
ZDHHC18,0.0006162219657198875
ZBTB25,0.0006154633002224728
CEL,0.000615414806685294
PRKG1,0.0006143815948526025
ZNF589,0.0006142817245490732
LINC01356,0.000614120578089569
TEC,0.0006138601730417577
POU3F2,0.0006136848031783302
GRK1,0.0006134226361391484
EBF1,0.0006125062892970163
SLC9C2,0.0006124592805863357
PLCH2,0.0006112423710874282
ANXA2,0.00060977496378473
POU5F1B,0.0006086071909085148
FCGR3A,0.0006085068331885849
THRA,0.0006080699904123322
ALG5,0.0006076693529612385
LARP4B,0.0006059868705415284
ASNS,0.0006058991485842853
ACSL1,0.0006049570550458157
FBXW2,0.0006040057024874841
ABHD6,0.0006025689673770103
TFDP1,0.0006020045879267854
CHD1L,0.0006000119597192679
GLS2,0.0005999071823025588
AUH,0.0005995106963455328
PIWIL2,0.0005987232222760213
RPL29,0.0005986860687626176
PKNOX1,0.0005984260535187786
DGAT2,0.0005974173298673122
KMT2C,0.0005969975148400409
CAMK2G,0.0005965021929005161
TARBP1,0.0005956067313745734
GPR20,0.0005949314802855952
DUSP11,0.0005945808825199492
NPM1,0.0005945742012336268
ZNF584,0.0005941067969397408
KLK3,0.0005941031858965289
LTK,0.0005940189591055969
IRX3,0.0005939519506937359
NFKBIB,0.000593716186049278
WSB2,0.0005936407069602864
CSK,0.0005931401118068607
TRIO,0.0005918823645843076
SCMH1,0.0005911114521950367
PTN,0.0005902615279119346
MITF,0.0005901438127693837
MAX,0.0005899653447195305
SDF2L1,0.0005891369557430153
ACOT1,0.0005890548700845102
ZFPL1,0.0005889066838863073
SEMA6A-AS1,0.0005883191123139113
HEXIM2,0.0005878789065609452
ERN1,0.0005873483240793575
CHDH,0.0005867730116733583
UGP2,0.0005862689189016237
KLF14,0.0005861142488356563
ZC3H7A,0.0005851562179450412
ACSBG2,0.0005847894468606682
WDR36,0.0005842028641345677
CAD,0.0005841758160895552
ANO10,0.0005840232222035411
B3GALNT2,0.0005838594148590347
CBL,0.0005827208122864249
LILRA2,0.0005823714314537938
CYP51A1,0.000581072027067421
IFNGR2,0.0005806295631991816
RNF10,0.0005801525437927921
ESRP1,0.0005801272234020871
MYBBP1A,0.0005794392449752195
HCK,0.000579429301469645
METTL5,0.0005790523152099923
EIF5A,0.0005789465494453908
CYP2C8,0.0005787167959242651
VEZF1,0.00057865081304044
FKTN,0.000578471875298419
TAOK2,0.0005771768063277704
PHLDB2,0.000576782929165347
SPCS3,0.000575731802440714
ZNF707,0.0005756326941991574
PLD3,0.0005756295986866463
BRD3,0.0005748658341872214
C3orf36,0.0005748506388918032
UPF3B,0.0005745028473684215
PTDSS1,0.0005740990502017667
FOXB1,0.0005740004138497169
ELF2,0.0005733640960970661
MAST1,0.0005729760206013453
BARD1,0.0005717343727010302
TRAF4,0.0005712642251019134
GAL3ST1,0.0005707907307369169
TSHR,0.0005705329322518082
RBFOX1,0.0005697345281369052
TRPS1,0.0005694251943787094
ZNF382,0.0005691274679338677
TNFRSF21,0.0005687393516127486
HOPX,0.0005686224163837324
CD177,0.0005684418932069093
TRAF1,0.000567859230664908
USP36,0.0005673858722875594
PIM2,0.0005670835011260351
PLK4,0.0005669977475627093
GGT6,0.0005657158145586436
PPP3CC,0.0005650804676188273
CRYZ,0.0005631698791839881
EIF2B2,0.0005622749056055909
ZNF18,0.0005609015776790329
RBFOX2,0.0005605162634674343
ELAVL2,0.000559856721367396
SLC9A6,0.0005594083146424965
QDPR,0.0005591507820863626
ACP5,0.0005589187843725086
P4HA2,0.0005587074555078288
DGAT2L6,0.0005584990785791888
AKT1,0.0005582662533633992
SOX21-AS1,0.0005578689019603189
FGB,0.0005577658303177486
LCMT1,0.0005572966762265423
ZNF681,0.0005572512462094891
HIC1,0.0005568131585678202
ATP6AP2,0.0005557417226227699
SLC9A5,0.0005530540339022991
CECR2,0.000552217060525436
NIFK,0.0005521875713020563
ZNF529,0.0005518634241525433
GGPS1,0.0005509278618192184
PIK3C2A,0.0005494742564405897
LINC01285,0.0005489705843756383
HMGB1,0.0005481143954602886
ZNF280D,0.0005474497395553043
TRIP6,0.0005474438492237823
APP,0.0005463909034151583
MEG9,0.0005463499267862062
ADAMTS3,0.0005453224226694147
ZNF571,0.0005442990968222148
ZNF180,0.0005442585618438897
FN3KRP,0.0005442350373632507
FCGR2B,0.0005439893288858003
PRCP,0.0005435246794659179
TLX3,0.0005419183232297656
SLC16A13,0.0005412782774801598
CBX4,0.0005410707357586944
LINC01118,0.0005410636313026771
ZNF169,0.0005409508557640947
SLC45A1,0.0005407678380288416
RIPK4,0.0005391634026600514
KDM4E,0.0005389065968556679
SDC2,0.0005386645011130895
FBXW11,0.0005372162418207154
INSR,0.0005365351922591799
RLN2,0.000536493127776339
NOL6,0.000535981111745059
CFTR,0.0005341997211289708
GUCY2F,0.0005341023283617687
SLC5A2,0.0005335573957781889
USP25,0.0005328052011464024
APRT,0.0005325349188278778
COL5A1,0.0005317549605533714
IL1RL2,0.0005308484435081482
LHX5,0.0005303097474825336
POMT2,0.0005300449170608772
ASMT,0.0005293253234049189
HSD3B1,0.0005284508895420004
PDGFRB,0.0005284273845390999
MAPRE2,0.0005280313164585096
ZNF8,0.0005270429647862329
KCNH2,0.0005267775860702386
METAP1,0.0005264453592353675
NMRAL1,0.000525146299143671
MORC3,0.000523554658946523
PIAS3,0.0005233001982560381
VASP,0.0005231421705539105
LINC01559,0.0005228069618751761
PTPN18,0.0005223907348226931
HMGB2,0.0005218142096491648
KMT2E,0.0005218117372642155
FGF18,0.0005203531875195039
GLIS2,0.0005199930374728865
MIR9-3HG,0.0005198392810707446
LVRN,0.000519693513699167
SOD3,0.0005194858586692135
ATG4A,0.0005192895130312536
HSPA8,0.0005190354963997379
PIAS1,0.0005189938200746838
ZNF583,0.0005180762680065527
TFR2,0.0005178701503682532
NCR3,0.000517696384460578
HSP90B1,0.0005165120730198395
GLYAT,0.0005163418284064392
ZNF7,0.0005158939492175704
PLA2G12A,0.0005156114639030421
GAPDH,0.0005143439407620462
KCNJ14,0.0005133720331723453
NIT1,0.0005131783649048884
MAGEA1,0.0005124365083684097
OVOL1,0.0005120119450366474
FGD1,0.0005118874492909527
POLD2,0.0005115890595625387
ACOT8,0.0005111930790299083
MAN2C1,0.0005110067730856828
BIRC3,0.0005109299349060166
EIF4G3,0.0005107659742861869
PAPLN,0.0005095593199002905
SCT,0.0005091382659156807
THUMPD1,0.0005090747987342183
PPP2R2A,0.0005087682696103002
TNR,0.0005086603801173624
COL5A2,0.0005085289200287661
CSNK1D,0.0005070156160800252
MSANTD1,0.0005067661292923731
ETV5,0.0005067514223628677
PRPF18,0.0005052203233644832
B4GAT1,0.0005047414482869498
PIK3CA,0.0005047206433009706
PRDX4,0.0005046218985553423
RNF41,0.0005045056688322802
SLC4A5,0.0005041649872218841
TRIM68,0.0005037751549934911
ZNF716,0.0005037470685965673
IPMK,0.0005037340335256886
FBXW10,0.0005033595623463044
SUPT5H,0.0005032367436324421
RNPEP,0.0005030075878821663
RBM39,0.0005029469956425601
MFAP2,0.0005025125476749964
ZNF808,0.0005020750831936311
PPM1E,0.0005019513780571287
CDK18,0.0005010590275487631
RPS7,0.0005006641030267929
ATAD2,0.0005001722518791212
SNRK,0.0004996717971662292
B2M,0.0004992315080671688
EOMES,0.000499160123661568
ZIC5,0.0004991229375082185
ZNF646,0.000498073298302188
ZNF771,0.0004977505530259804
FOXQ1,0.0004974016134619887
GNL3,0.0004972530452214414
DNM1,0.0004963520025630714
PRPF38A,0.0004961995206977008
SLC25A41,0.0004961028734251159
GPSM1,0.0004955955787445418
CD47,0.0004948489454727678
KDM4C,0.0004946958112996072
MRPL13,0.0004939490560318518
YEATS4,0.0004937187487739721
MOG,0.000493591021928296
PLA2G1B,0.0004932606863039836
NF1,0.0004928180947426881
ALPP,0.000491443884581713
ARHGAP24,0.0004909651967245736
SCN1A,0.000490299655146373
VCP,0.0004901251319606672
WDR83,0.0004899971711856779
ASIC3,0.000488711870930274
NLGN3,0.0004886612326918112
CEPT1,0.0004883344389527337
DR1,0.0004870298274836386
NSMAF,0.00048663176926493177
PDE4B,0.000486468359202263
ZNF22,0.00048646579017076877
ARSA,0.0004862483073666226
PTGES2,0.00048623741039045853
P2RY12,0.0004857678207226854
IL12RB2,0.00048525728163804156
CALCB,0.0004850526175869163
TET3,0.0004844563124788692
ZNF567,0.00048423038965120214
DPP7,0.0004841216172935674
TIMP2,0.0004834092084820441
C1QA,0.00048295192199293525
RASSF2,0.0004817281644645846
ZDHHC16,0.0004816866868422949
ZNF114,0.00048145070364262205
SOCS6,0.0004810938004557101
HYAL3,0.0004809038638850325
SLC10A7,0.0004808044552555657
ARHGAP29,0.00048040521514485586
TSSK6,0.00047944934413681037
FBXW7,0.00047921310776655445
GBGT1,0.000479153522021079
LBX2-AS1,0.0004789585804355738
GALNT18,0.00047850093695888063
KDM2B,0.0004783468008718046
KCNJ2,0.00047825100817135537
PRRX2,0.00047777018524357116
ACTN4,0.00047776891938701736
ADARB2,0.0004763853515796654
PLA2R1,0.0004754017101986392
TRIML2,0.00047510882700589716
ASIC4,0.0004745583656876988
KCNJ15,0.000474424921485479
LHX8,0.0004726649416061264
HLA-E,0.0004724715072588879
POLR2L,0.00047215965655777835
ZNF667-AS1,0.00047212228274293015
MAP3K13,0.00047193237322426285
CLCNKA,0.0004717831164271047
METTL4,0.000471396910117619
HMGCR,0.00047121245418020407
POLE3,0.00047116826882120217
HTR6,0.00047055419633397835
RFX8,0.00047040040357751423
MAPK13,0.0004700230368471239
MAPK9,0.0004694831966517086
ZNF622,0.00046763907184504207
RHOXF1,0.00046690051798577766
FOXF1,0.00046679467729336465
ZNF594,0.00046665083746484014
CREB3L3,0.00046650386741384865
AGPAT5,0.0004664871568129456
ALAS1,0.00046646150857850444
MIR155HG,0.0004658038676425349
GZMA,0.0004651589416534989
HDAC7,0.0004646926333225565
AEBP2,0.0004643368047509284
ZBED6,0.0004638676064823812
ALX1,0.0004635326708303183
IMPDH2,0.00046281070702389117
MMP19,0.0004626347639787127
EEF2K,0.000462356542237103
KCNK9,0.0004614470452361275
BDH1,0.0004612131515823421
NKX6-3,0.00046107264162856157
CHSY3,0.00046033541234646695
TBX19,0.000459138345795509
SLC25A16,0.00045876476785269914
MMP21,0.0004587287909707811
RNF187,0.00045847999065154
NUDT11,0.0004580456574403797
SNRPD1,0.0004579067437589402
DACH2,0.00045783985251546255
POMGNT1,0.0004573549463602831
BCL3,0.00045666496736521367
ITGB2,0.0004561056295278831
SLC16A8,0.0004559412680682726
P4HA1,0.0004555874183388369
FRG1,0.00045551917074772064
LINC01106,0.00045551352405891524
ZNF664,0.00045550437544807207
SPCS1,0.00045525323428591947
NR4A1,0.00045458480605157093
KCTD21,0.00045450190718111116
ZNF510,0.0004542590402706992
IFNL3,0.00045138541404594434
DHX37,0.00045053464527882174
SLC6A11,0.00044965182279702276
CYSLTR1,0.00044945991554050125
CHST5,0.0004494312782117049
DCAF8,0.00044928980073018465
SAP130,0.00044807357877289176
TAF10,0.0004461585157077934
DMGDH,0.00044600104430355715
GABRD,0.00044596712421116535
SRPK2,0.00044537622772622854
HSF2,0.0004453066579008009
ERAP1,0.00044520331688909214
ZNF503-AS1,0.00044436816415691283
VTCN1,0.00044411718338233184
ST3GAL1,0.000443780340909143
ARG1,0.0004436123391424189
GALNT8,0.00044319731691575725
GATAD2A,0.0004427678497158922
LDHC,0.0004426141537114745
CTBP2,0.00044247744744643574
SLC28A2,0.0004420722620525339
TCF3,0.00044189594533963826
CDKL4,0.00044092966584867097
YME1L1,0.0004403694817228825
ATP6V1H,0.000439863427709497
SLC34A1,0.00043952775646175727
ACTR2,0.0004383366789879801
SSRP1,0.00043827109397898313
FGF8,0.00043799388818297304
SQSTM1,0.000437697081008082
ATF4,0.0004376547270949231
ATP6V1F,0.0004375640737707727
GNS,0.0004375608613554505
GDF5,0.0004368249019571522
EGR4,0.00043681098613478753
SLC38A4,0.0004364833113540954
BRD4,0.00043566210431527
FBXO4,0.00043552961313616834
PGM3,0.0004350279913414852
SLC7A7,0.00043471689371654064
HACL1,0.0004346402302398928
CNOT1,0.00043450826461048566
ACSF2,0.0004338411121570971
ARHGAP35,0.0004337937379932555
OSR2,0.00043351008535682926
ZNF141,0.0004332834180786449
FKRP,0.000433154335936706
SLC2A1,0.0004331537623293116
COL2A1,0.0004325336379552027
TTK,0.0004324423694779398
ZNF541,0.0004316216384249856
MGAT4B,0.0004315728215260606
OBSCN,0.00043153786503899027
MYT1L,0.00043097086526904606
NCF4,0.00043078628936200404
ART1,0.0004304065979085863
MPST,0.00043019383714636204
VIM,0.00042918689148064003
OPN1SW,0.0004289077059343072
C1RL-AS1,0.00042890393950801805
MAK,0.00042884897955445926
ZNF623,0.0004284850420917792
MIR34AHG,0.0004283853104789159
CDK20,0.0004274400169888395
PPA2,0.00042730652543468753
CLCN1,0.0004271254876621242
CASC3,0.0004267915255186381
NOTCH4,0.00042585440613402174
GTF3C1,0.0004256699086472508
THY1,0.00042541230704955523
ZNF219,0.0004242601606492826
SPI1,0.00042367199376531063
IMP3,0.00042291410214602366
FBXL22,0.0004219902954973804
SLC1A3,0.0004215490532878903
ZNF177,0.0004215433770914387
MAP3K1,0.00042113114305902853
LINC00339,0.0004208097500850272
AMBP,0.00042059718886230257
USP47,0.00041946163896864166
HSF4,0.0004193912133014237
CAMTA2,0.00041849369704868877
FOXD4L1,0.0004184605888622173
ABCD2,0.00041834165071486494
DDIT3,0.0004176339794503292
SLC1A5,0.0004170321931815124
PLXNB3,0.0004169881646630529
RNF39,0.00041670609472566864
VEGFB,0.0004166568084001483
JAK3,0.00041632880694669435
KCNN1,0.0004160050665450399
B3GAT1,0.00041484130331809866
SRGAP2,0.0004146974343930196
DHX34,0.0004146411949950561
GLUD1,0.0004145119841232372
SLC3A2,0.00041444774894989675
CTSZ,0.0004139666268965812
DICER1,0.0004138054223876679
NPPA,0.0004132479752515792
ZNF729,0.00041310400291331463
XPA,0.00041291553522023605
UNC13B,0.00041249324367527147
CWC15,0.00041224674441036767
CTDSP2,0.000411278064322687
RPL38,0.0004109968489574385
MAN2B1,0.00041053784942414494
SLC38A9,0.0004096323843004939
GPR75,0.00040959352522258995
LTBP3,0.0004091465240671823
ATF7,0.00040914038526170774
HYAL4,0.00040850559657337727
ZFP42,0.00040820035131264375
HSD17B11,0.00040799465709278596
ZNF451,0.00040725595695039374
TLR7,0.00040623538218278554
ME3,0.00040584320789275805
DHRS9,0.00040511587178116315
PMVK,0.0004046779907039309
DDX39A,0.00040416580155942935
APC2,0.0004041224240572774
ATG7,0.00040327747802803063
PDCD7,0.00040298318235727494
HELQ,0.0004026576126307191
B4GALNT2,0.000401373960008641
SERPINB9,0.00040121739778260237
CPQ,0.00040094377609784713
ZNF415,0.00040011077954477516
NR1I3,0.0004000371786751202
CAPN7,0.0003996865122026065
FCGR2A,0.00039959095253652775
PJA2,0.00039947085046151184
SDSL,0.0003991542845033109
HMBOX1,0.0003989687828761816
PSMB6,0.0003984985064453213
PTPRA,0.0003978334603561962
THAP3,0.00039713659145490965
ARID4B,0.00039532244241127047
MPHOSPH8,0.0003952802678431908
ZFP90,0.00039521539780616873
DGKB,0.00039518297747781614
MMP2,0.0003950747441776912
GAS6,0.0003946786351662013
GRB2,0.0003946395610037143
ZNF613,0.00039415740461117824
NUDT21,0.00039311305703085964
LCOR,0.00039189263923981345
CLEC7A,0.00039182047626673013
AAR2,0.0003915872607722122
CRTC2,0.0003914806703833165
EIF6,0.0003912972026082571
SMYD5,0.0003899219596787589
SGPP1,0.0003897617781003646
THOC3,0.0003889842669523205
ILF3,0.0003880132248668815
ZNF675,0.00038791568085798643
HSFX1,0.0003872191247464798
NDUFA9,0.0003868829544153414
PSIP1,0.0003867459946850431
LMO1,0.00038649770936535787
ASAH2B,0.000386497397103085
SCN11A,0.00038611389835205046
ZSCAN30,0.0003858435160982481
TEF,0.0003852430834485858
HIC2,0.00038508014814578925
TSR1,0.00038456261920873655
TK1,0.0003838971723416762
ATP2C1,0.0003836253210174618
PIGK,0.00038307619646366217
SAMD4A,0.00038244736998603915
SLC25A24,0.0003822241481320816
TLR9,0.0003819360546258395
CCL16,0.00038164101900838433
ZNF585B,0.00038079189325071635
FST,0.0003804686026851414
TLX1,0.000378571728731913
GCLM,0.0003779655231046491
RBL2,0.00037784245466536957
ZNF223,0.00037728144971697474
CREM,0.0003768143323541153
FOXO4,0.0003766280523159367
GPR45,0.00037656036221233083
LCORL,0.0003750605275672569
AMACR,0.00037503669787110995
CD1B,0.00037501921686998685
REN,0.0003747533725909307
MIR4500HG,0.00037472056908154625
CTSS,0.0003741309103097592
XCL1,0.0003741151660797186
KCNJ4,0.00037402905243345683
MRTO4,0.0003733923613108345
ZNF71,0.0003733437387600134
PIP5K1C,0.0003730137124548492
PI3,0.00037277749263466833
BAZ2A,0.0003727674720394134
RXRB,0.00037244257689235383
KLHL42,0.00037236368702724576
ADCY7,0.0003716254915198078
CASP7,0.00037148870499731856
BARHL2,0.000371451093829819
HSD3B2,0.00037072822605841793
ZNF784,0.0003706924800244451
HOXD3,0.00037038472612402985
SOCS5,0.000369725713848311
GALR3,0.00036888473772705765
ERN2,0.00036877357238699915
GPHA2,0.0003687313478294527
SETD3,0.00036722704749263355
OTP,0.0003665622962944326
CRYM,0.00036571808420194426
CTDNEP1,0.00036556264652244864
PPP2CA,0.0003654461646037816
FEM1B,0.00036514331458602103
EGFR,0.00036492567837558454
FGF22,0.0003647082531024352
IFNB1,0.00036459737157747444
HS3ST2,0.00036442806275226755
POLE,0.0003640977721988747
GRHL3,0.00036313455434356
MADD,0.00036202388305900965
NSUN3,0.0003614538644615095
HSD17B10,0.00036021120514487844
FN3K,0.00035966115776318473
CHFR,0.00035935655058710837
DERA,0.00035907257628059594
FCN1,0.00035881203830285814
AMH,0.0003584000204355107
UTP6,0.0003582088602342992
CD40,0.000357956268817361
MDM2,0.00035789657795248786
NBAT1,0.00035765837735016247
PIAS2,0.0003568846009438857
EXOC3-AS1,0.0003568656183560961
DUSP8,0.00035637056599443893
ZNF394,0.0003560645061188552
RIN2,0.0003556944548727188
DNMT3A,0.0003556055018598272
PPP2R5E,0.0003554352658284188
CBR1,0.00035441573628850165
PTPN5,0.000352784045291628
NVL,0.0003520629257945984
SCNN1B,0.0003514003131676873
TADA2B,0.00035134039435433804
C1QBP,0.00035019740360803556
USP17L2,0.0003501183476364531
ENY2,0.0003495688233379042
STAT6,0.0003489869856166479
ZNF630,0.0003488969519785314
HSD17B13,0.00034755740335094744
ATF5,0.00034719687529650403
HOXB-AS3,0.0003467389362886024
CPA1,0.0003464062673483568
SETD2,0.00034597347494127464
JUND,0.0003456225129411905
SMAD5,0.0003455886225128779
PDHX,0.0003450618736169417
PIGB,0.00034394260822227807
ANO6,0.0003437483021407388
OXSR1,0.0003431643449039257
PHF20,0.0003428004122179118
DHX36,0.00034262575204775203
EIF3E,0.0003426189550955314
MSMO1,0.00034251209169815406
ZNF197,0.00034197601253617904
CDS2,0.0003417682951439929
BNC2,0.0003415962774888612
ZBTB6,0.0003406765003346663
RAN,0.00034035360069538
SOX17,0.00034030906602856706
ABCC9,0.0003398369697824819
POLR2D,0.0003397411109799577
ZNF160,0.0003391256087925285
ZNF701,0.0003390267782160663
SLC5A3,0.00033868403923042936
HOXD1,0.000336272722153808
DAZAP1,0.00033625757250774766
RRM1,0.0003359439900486905
PDE3B,0.0003358580294298008
ACSL4,0.00033572789331083185
PIGA,0.000334136815781676
PAK3,0.00033299672271459716
FBLL1,0.00033256061891370336
ADAMTS4,0.0003325059668168251
SLC5A4,0.00033240737684536725
TNRC6B,0.00033238671820799936
GTF2F1,0.00033197867890339696
ZHX2,0.0003307651251489006
FEZ1,0.0003300181007834908
EXOSC8,0.00032983502321440024
GREM1,0.00032865833029427447
DDX5,0.000328430751877022
RRP7A,0.00032781514636371864
NID1,0.0003275377610734722
ZYX,0.00032748009504939544
SLC25A42,0.00032648873844664194
PGS1,0.0003264153864183754
GAS8-AS1,0.00032532774414357845
ZFP30,0.0003249365720366768
GABRA1,0.00032340800434394623
OVOL3,0.0003231799288478214
SIK2,0.0003224990434537176
ANGPTL3,0.0003213716342797852
SMAD3,0.0003211047538898129
ANO7,0.00032101391844116734
WNT7B,0.0003202866810643173
SOX12,0.0003201377122568374
PARP8,0.0003200899444746028
UFL1,0.00031990309757748035
OMA1,0.0003197806570242392
POLR2C,0.000319070251294761
ABCA3,0.00031896507841520363
ZNF654,0.00031849123172651163
LAS1L,0.0003184239508591418
HMGN5,0.00031791878485819324
TAF4B,0.00031782908159948416
MYD88,0.0003161405237078725
KCNJ10,0.0003159599406426423
OLMALINC,0.0003157888816167542
KIR3DL1,0.0003141023534572014
TRIM13,0.00031384602729667675
NMT1,0.00031383015982646616
PAX1,0.00031377985864673973
BIRC2,0.0003135786730344989
SUPT6H,0.0003133896597319108
PSMC3,0.00031304853341134733
CDIPT,0.00031242969459344746
MBD5,0.000310869208733493
KAT7,0.0003105980666259711
CNBP,0.0003105866563746531
SLC24A2,0.00031026450776698767
NCR2,0.0003101095282254391
MFAP5,0.0003099994572366995
RFX2,0.00030909554950994786
CTRB2,0.0003088312190739089
FOSL1,0.0003074108669497946
SETX,0.0003073073888190265
ELAVL1,0.0003070898132864386
PMAIP1,0.0003065093933364551
EMX2,0.0003050673037869274
ABCB6,0.0003048167517699767
ASCC1,0.00030457954992016314
ZNF580,0.0003044860850131954
SRFBP1,0.00030371939453470984
ZFAND1,0.0003026863314662478
NR2F2,0.00030188125477798164
MIF4GD,0.0003017647240121733
GZF1,0.00030176136021327696
ID2-AS1,0.0003017318471938779
CNOT10,0.0003009757388717844
STK24,0.0003007720678833721
NEK4,0.0002999760548264021
OPTN,0.0002993873446903308
PRKCSH,0.00029835897568045763
MNT,0.00029741558566820456
HOXD8,0.0002970738631520362
F2RL1,0.0002961883435273194
RPL30,0.00029542260938615074
SLC20A1,0.0002950911573061603
SKI,0.0002946451076932135
PNPLA2,0.00029454627900304335
MCCC1,0.00029434963611493
TRPV1,0.0002942464096922777
STK11,0.00029402015972664227
RORA,0.0002939904353625025
MYOCD,0.0002933045069767104
MAP2K3,0.00029286701167438876
XCL2,0.0002927615342050558
CBX3,0.0002923701491235988
STUB1,0.00029216079980687933
CD2BP2,0.0002918624298508803
NUP107,0.00029137159428864836
ARID4A,0.00029100712430590647
LDB1,0.0002902009704739612
MAT1A,0.0002895057689856912
AKR1B15,0.0002881093259929912
SLC35A1,0.0002877036712543486
MAP2K1,0.00028768480240069034
E2F5,0.0002876340188340691
ZNF668,0.0002874705370850279
HS3ST3B1,0.0002871119792216632
CIR1,0.00028686370962896035
RNF111,0.0002868436994103831
ATP13A2,0.0002867997776265838
MEIS1,0.00028579152285237796
PRPF40B,0.0002857113002974074
SLC7A6,0.00028566977745867915
PPARD,0.00028548067127849206
VTN,0.000284936413368996
PYCR2,0.00028475383792829235
AACS,0.0002846312783985923
DCC,0.00028421147989138263
MTMR7,0.0002835697947048175
FYN,0.00028344078424197505
NCBP2,0.00028335717697336807
CASP6,0.0002832914199316292
GALNT12,0.00028278614077862583
ZBTB18,0.0002824897136124491
MICAL2,0.0002824758178321645
FBXL15,0.0002821834643254988
ZKSCAN8,0.00028208050189641655
PIK3CD,0.0002818939948774641
LPCAT2,0.000281849560142291
RAVER2,0.00028080673691874833
DIS3L,0.0002806800203725288
WDR33,0.00028005600573669654
ZNF23,0.0002794979589343711
GALK1,0.00027930822774214906
CYP2A13,0.0002783858519305795
LRP1B,0.0002783123147164588
ZDHHC23,0.0002782787847791042
ELP3,0.0002782591124960163
AKR1C4,0.00027785724203931747
GRID1,0.0002778253464202862
SRR,0.0002772292054869467
KLF3,0.0002770895634384942
F11R,0.00027702455406324587
ADCY8,0.0002766659301887557
ATP4B,0.0002765971388289472
SRGAP3,0.00027598297717850074
ZCRB1,0.000275832281284238
RPS21,0.0002753266265099228
PTS,0.0002751363180832413
LAMC3,0.00027492064307625696
GEMIN4,0.00027469592427587484
ATXN1,0.0002746544355795777
ZNF444,0.00027419535472836287
EMX2OS,0.00027388683360914004
HNRNPA3,0.00027380217073732637
CPSF4L,0.00027189683410688305
GSC2,0.00027179433998753667
ZNF621,0.00027176013698408495
SCG3,0.00027057787842204564
SNRNP40,0.00027010443475228383
BMP1,0.0002682149983320414
MGAT3,0.00026802528239932145
HRG,0.0002671557997709897
ZNF678,0.00026714129064203006
ERBB2,0.00026635361853186623
SLC7A9,0.00026572329480040933
STRADA,0.0002656614285515388
LAMA3,0.0002656606724231096
LINC01348,0.0002654259285554872
KMT2D,0.0002649973628940643
LPGAT1,0.0002648422177480825
ACYP1,0.0002647401523681765
RBM23,0.0002642676764335192
HAND1,0.0002628619715687819
ZNF397,0.00026268517275821065
PRDM15,0.0002624063959665364
CYP3A7,0.0002616180912409618
PPIB,0.0002610361573933915
ITGAV,0.0002607619691480067
ZNF250,0.00026066620410165344
GFI1B,0.0002598987310266239
LAMB3,0.0002584696555222763
SOX18,0.00025809602150911814
SC5D,0.00025764782720943914
CPZ,0.00025764577121481123
PSMB8,0.00025753722804802237
ZFP1,0.0002574038611328433
SLC16A12,0.00025726503047008014
ZNF597,0.0002566493484846433
FOLR2,0.00025581071552005594
ATP6V1E1,0.0002551759633788606
PRPF6,0.0002548046609044831
PFKFB3,0.00025465866189915685
MTUS2-AS1,0.00025424138991729707
ADAM8,0.0002539013699388306
COL6A1,0.0002538014739038772
ICOSLG,0.00025352517632563833
NCOA1,0.0002529020684432908
RPL35A,0.00025241431146059767
DAPK2,0.00025229339357611024
MC1R,0.00025141413309029306
ZKSCAN2,0.0002510890000521613
PSMB8-AS1,0.0002506358076534525
GDE1,0.0002503841479065159
LCMT1-AS2,0.00024994599123238004
BABAM1,0.00024949734022084157
SLC25A32,0.0002492382069367523
PAXBP1,0.00024923775426395877
HINFP,0.0002483643842533638
RNF14,0.00024825762965156173
SCTR,0.0002478706711190171
ISL2,0.0002477809033534868
FGF17,0.00024764401573702344
LARP4,0.00024758413431663943
PGK2,0.00024698244176579466
USP30-AS1,0.00024689911614950686
AKAP17A,0.000246299453337997
ZNF135,0.0002459394165998674
ZNF28,0.0002449597612940124
ZNF175,0.00024449314689991295
SLC24A4,0.00024434247141834933
CELA1,0.0002442775555009575
MST1R,0.0002435135639807413
PIP5KL1,0.00024347619106083584
UROS,0.0002433088464640605
ACOT11,0.00024306889928266172
HOXC8,0.00024248795803578105
KHDRBS2,0.00024217001919805625
ZIC3,0.00024073227050394052
DIS3L2,0.00024026863707877057
SETD5,0.00024020537559772491
HECTD4,0.00023863386813536636
FAM170A,0.0002385862250412174
LHX9,0.00023841636948418454
SLC10A1,0.00023808638079208323
CYB5RL,0.00023762866928882432
IKZF4,0.0002374278077350027
HKDC1,0.0002369966114856652
DDX23,0.00023624181226477957
ZC3H8,0.00023571799469573307
KLF1,0.00023488110589823917
TMF1,0.00023482118653919313
NOLC1,0.0002331935420661466
RPL23,0.00023304264122998576
NFATC2,0.00023203904140245868
IGLL1,0.0002316499221669801
ZNF155,0.0002310873411624925
SRRM2,0.00023028339976917777
LIPT1,0.00022954517418475006
TCFL5,0.0002294231424548343
STK3,0.00022919471614113717
ZNF644,0.0002291859525066684
SPHK2,0.0002290360045262787
EEF2,0.0002283422730415623
ASAH2,0.00022716353666874057
GMEB2,0.00022683098281777348
PTMA,0.000226809788182436
GPC1,0.0002256034427518898
EXOSC6,0.0002253869387714076
ZHX1,0.00022460457767374463
DDX46,0.00022420160187539294
TRA2A,0.00022396854775251994
IFI16,0.00022366439431425534
KDSR,0.00022353975566693406
KCNN2,0.00022350041609024628
ZFPM1,0.00022344974137195094
IKBKE,0.00022288066574401456
RFXAP,0.00022252594575547846
CERK,0.00022155645007660498
MFAP1,0.00022119100747113407
CPSF3,0.00022054476396078827
PRMT7,0.00021977378761948784
RBMX2,0.0002195467360161274
ABCC1,0.0002193857816091622
RPL9,0.00021929711704069633
FOLR3,0.00021924319923527947
ZNF157,0.0002191494279213657
CCL2,0.0002185458485982963
RPL23A,0.0002183398728047905
ZEB2-AS1,0.00021799004722925018
ZNF251,0.00021706965461635263
UTP14A,0.00021692084990354487
LRRC4,0.00021650643008797488
FUCA2,0.00021629902059976304
ZNF662,0.0002160993469587993
PUS3,0.00021603665255133818
WNK2,0.00021591696550785856
ABCC10,0.00021586644557100956
DCAF16,0.00021579220833154976
CPEB3,0.0002157882642968616
PCGF3,0.00021506249419144297
ZFP64,0.00021505652054111123
HOXD10,0.00021495505960047014
KCNJ6,0.0002148646806090255
ZNF430,0.0002145835716437432
ZMAT5,0.00021418812032243293
EXTL2,0.00021400789371182327
FBXL3,0.00021321835980779726
PDGFB,0.00021256821931456217
MECR,0.00021235893260927697
ZNF577,0.0002115822410905821
BAZ1B,0.0002114692362574715
PRDM7,0.00021138496332787326
CEBPA,0.00021109802708997447
SNRPA1,0.00021086181261125602
GALC,0.00021018216024640425
BCAS2,0.00021004759990319146
MSC-AS1,0.0002092062600695499
TRAF2,0.00020894988346299216
PITRM1-AS1,0.0002086323343501135
NUDT16,0.00020859362948067426
SCAF11,0.0002080936374150042
ITPR3,0.00020782641140613123
INPP4A,0.0002077308879543125
ZBTB39,0.00020770570853346728
MBTPS2,0.00020759756661573194
IKZF1,0.00020746499421693442
POLR2I,0.00020744850515256984
ST3GAL5,0.00020656475621763092
KIR2DL1,0.0002064667883059883
FASLG,0.00020624742877589598
TBRG4,0.00020599845539982195
ACSL3,0.00020586921389440248
GABRR2,0.0002055728276263835
GATAD2B,0.00020527630775541182
ZNF860,0.00020392278959297983
PRKACB,0.00020359121909314126
CDX2,0.0002028896285009978
REXO4,0.00020231500094268994
TRIP10,0.00020212754442036385
SOCS4,0.00020168063942946902
FMR1,0.00020070123840378073
OTUD7B,0.00020062737538319197
TIA1,0.00020026139058245464
ZNF133,0.00020004790584061993
GAR1,0.00019974821459982193
SORBS1,0.0001991954215300211
DMRTC2,0.0001989696413065758
ACAD9,0.00019894163359094819
RPL34,0.00019888767573866063
GIP,0.00019886334971488397
SMPD4,0.0001983754953598691
SLC50A1,0.00019783673477104458
HOXB8,0.0001973757787327486
TADA3,0.00019718975451542064
MED7,0.0001969539049150626
ZSCAN26,0.00019682961089529272
KLRK1,0.00019674294773631116
HSP90AA1,0.00019620332112936013
ACAT1,0.00019613619203664713
ALG8,0.0001957095412963099
LINC01271,0.0001955924226758725
ALX3,0.0001951024400823371
SLC25A14,0.00019453792843705743
SATB1,0.0001934056285681436
ABCA2,0.00019218740786345733
ZBTB1,0.0001918670927625499
DENND4A,0.00019096266664018913
SLC30A6,0.00019054517237054825
GLYCTK,0.00018987554485283908
RIPK1,0.00018970319150503202
IRAK4,0.00018965787527668
BAMBI,0.0001888312862502062
AGA,0.00018856008956390723
PDE3A,0.0001884140310830844
OTC,0.00018823210952541558
GRK4,0.00018812629126477987
ZNF85,0.00018798358547246607
SETD7,0.00018760058431507788
MECOM,0.00018756640912579315
GSTK1,0.0001875299796647596
TCOF1,0.00018734955519539653
HCFC1-AS1,0.00018730529247477535
HGD,0.00018689875150448642
CHD9,0.000186581456584463
PRSS33,0.00018652975486122615
HDC,0.00018621230980716064
MYLK3,0.00018392660155041086
ZBED1,0.00018342676341308106
INPP5A,0.00018328798846960128
ELAC2,0.00018303806059520865
SUFU,0.0001827420248555427
PUS7L,0.00018245781450787035
CHST11,0.0001822375474475848
ZNF780B,0.00018137782543817594
NEK6,0.00018130862982980033
TWF2,0.0001808408539454831
AICDA,0.0001808337465809018
FARSA,0.0001807715434297279
AK2,0.0001806884829838964
RHAG,0.00018028062664052414
PSMC4,0.00018011974126420682
SLC30A9,0.00017982537123316432
OLIG2,0.0001792954621341778
KLF11,0.0001786126868046267
ZNF761,0.00017811313696620344
RNF123,0.00017797703533506138
FGL1,0.0001776555616979749
ZNF268,0.00017730791104440867
LSM5,0.00017718878005871375
EGF,0.0001769212518411223
RPS27A,0.0001769166199264873
PLPPR2,0.00017691251374526474
HAL,0.000176910721223976
MXD1,0.00017620994532626354
PPP2CB,0.00017575150059565204
FH,0.00017545757965854137
KDR,0.00017507438981374435
ABHD1,0.00017420275121185112
B3GNT9,0.00017336952562436637
CPT2,0.00017327703467708488
RBFOX3,0.00017282442215764605
PHC3,0.00017262687342190473
PHF2,0.00017244750305326305
SYNJ1,0.00017166258954057412
ATP1B3,0.00017149231655457696
AGK,0.0001713845413960371
MRPL1,0.00017019507045733917
NRP1,0.00016915206056182796
AFF2,0.00016887940143715243
ZNF599,0.00016887188500550108
RPS6KB2,0.00016872585246710515
IRF2BP1,0.0001686802668891687
ZNF616,0.0001682035022840864
LSM7,0.00016714263768699311
PIK3C3,0.00016698996132799947
SLC39A5,0.00016697783013660226
ZNF485,0.00016635969141498208
ZNF526,0.0001663365554995835
PTDSS2,0.0001662710892633186
ASL,0.00016553525907693256
ARHGAP1,0.0001653019640089042
UNC5B,0.00016529717268895183
HIF3A,0.0001645927760600898
AQP11,0.00016453483571967807
NOP2,0.00016430777702680643
SPIC,0.00016407162802170203
KCNQ1,0.00016337205270065168
ZNF805,0.00016301104112062604
PRDM4,0.00016245977848848271
NMUR1,0.00016226598506545995
CUL1,0.00016191327153046586
FZD3,0.00016173910712313956
ZNF264,0.0001616863160761568
SULT1E1,0.00016085862497493508
SNRPB2,0.00016083629396598554
SLC51A,0.00016014639411878305
UBA52,0.00015981518055923515
NOP56,0.00015966119775475817
POU4F3,0.00015945880557592318
PGK1,0.00015945311817995388
PANK4,0.00015925158902973635
ONECUT3,0.00015886546785623068
CYP2C18,0.00015817791633526213
IL23R,0.00015811244534597792
PRTN3,0.0001574174090419547
TGFB1,0.00015690125549008371
BRWD1,0.0001563808050341322
FGA,0.00015579686818225014
SNRPG,0.00015576574205260842
ZNF347,0.00015530059849334067
PSMB7,0.00015528979023656574
KLF5,0.00015523705065061222
JUNB,0.000155156022441588
KDM3B,0.00015416908598854209
DCAF13,0.00015380162662040675
LAMA5,0.0001533762300241506
DSCAM,0.00015332630647571933
POMGNT2,0.00015323552520931115
CLEC4A,0.0001529312978254893
RAB1A,0.00015221090886370804
COPS3,0.00015146719998483606
KMT5B,0.0001499507845783228
PSMA7,0.00014993853562918956
FAM98B,0.00014986573281385062
PLPP2,0.00014981257478393674
EIF4E,0.0001489060877902375
PRKAR1A,0.00014824600622159777
ZNF324B,0.00014784549584328488
LGMN,0.0001472467806070199
ZNF704,0.00014704106672434137
IDE,0.0001461082679361425
DLL1,0.00014599908269519803
IRF5,0.00014497458177720546
DPEP2,0.00014307714574533748
GOT2,0.0001429042445779487
ACSM2A,0.0001427808696353168
P2RX5,0.00014107369205885334
OXCT2,0.0001409971168541233
ZNF585A,0.00014077483839810157
SMAD1,0.00014041868232197885
ZNF106,0.00014001101771827961
TRMT10B,0.00013986459273382935
ITGA11,0.0001398284097231226
ZNF548,0.00013946923664752832
CKMT2,0.0001394615782355686
PRDM13,0.00013934327176821172
EIF4A3,0.00013933649758473621
GRID2,0.00013907936679970588
OCLN,0.00013889705280416818
CDK14,0.000138678749563951
B4GALT3,0.0001384576761374774
HYKK,0.00013841225075520924
RYK,0.00013798279178990923
DSE,0.00013753402768634259
ACAA2,0.0001371696658898145
THAP5,0.00013716879940511715
ZNF575,0.0001361549004486733
ATAD2B,0.0001349701657636615
DMRTA2,0.00013446801648933616
TYSND1,0.0001335211537707437
TRPM2,0.00013221883096048258
TGIF1,0.00013179366135955206
ZNF407,0.00013148876895138529
SLC15A3,0.00013113273587441653
PTGS1,0.00013103615611908024
SLC2A7,0.00013086599932285025
TRIM26,0.00012816295207085203
KRR1,0.00012804432343909865
PHOX2A,0.00012773744762489516
ANO4,0.00012751971601210243
METTL3,0.00012747531759669072
HMOX1,0.0001270697393010778
COL4A2,0.00012672112588916205
LUC7L3,0.0001264551607091562
NCOR1,0.00012639647394280473
SP1,0.00012481766038399656
CA1,0.00012351502937599435
IL26,0.00012343659758516878
DUSP12,0.00012339243590577098
FUT5,0.00012255250423368123
FEZF1,0.00012103749790912844
DOT1L,0.00012080316424544434
SMS,0.00012041941024654079
CD226,0.00012008625962698716
RPL18A,0.00011925266646449018
COL3A1,0.00011913482165800814
FGF21,0.00011910462638661557
RBM8A,0.00011884471892335569
MAFB,0.00011877975991046697
PCSK9,0.00011868540348586976
CLOCK,0.0001185298041018541
ST6GAL1,0.00011821119825071947
HOXA5,0.00011813779428666748
OPRM1,0.00011802376183186425
CPSF4,0.00011777671645177179
NCOA2,0.00011732656145704823
CDC42BPB,0.00011725658126033522
LIMD1,0.00011681461771786416
CNOT8,0.00011671714474141482
GPCPD1,0.00011642640604441113
SLC39A4,0.00011635515768830373
GPAT4,0.00011614856996493473
CES2,0.00011611082968011032
SAMHD1,0.00011595299929467728
ZNF80,0.00011496001980685833
MSX1,0.00011460917842850904
FEZF2,0.00011436666244298977
PIAS4,0.00011432631216484878
YTHDC1,0.00011425318000419794
MAP2K5,0.00011380032834676967
ERCC3,0.00011377881306361815
PANK2,0.0001135842292333109
TRIM43,0.00011320001989270168
TRPC6,0.00011305055053526303
SYF2,0.00011192136631416361
PIK3R2,0.00011118183707367279
MED31,0.00011067061134235701
USP33,0.0001105584523984362
SLC35D2,0.00011022880427481141
ARHGAP9,0.00011016221981662965
KHK,0.0001100752424717939
ZNF331,0.00010970848063243465
TCEAL3-AS1,0.00010896862426943698
PPWD1,0.00010812342936424101
MCEE,0.00010799997520098258
FAM13A-AS1,0.00010768560589076515
FES,0.00010670378397298919
ZNF267,0.00010643152205921069
MAP4K3,0.00010537493942956643
ZNF521,0.00010537186485908023
USP18,0.00010509872816874121
MAN2A1,0.00010487187772014295
UCK1,0.00010387859600996307
HSD17B12,0.00010296997680507047
MAPK14,0.00010290403221370069
FDFT1,0.00010264349022054376
ZNF490,0.0001024137133917975
PIGO,0.00010172085326848901
SLC38A8,0.00010149541189548472
NR2F6,0.00010056619780698383
CHD5,9.998857845312159e-05
PIK3CD-AS1,9.973849135167256e-05
CHST14,9.939209809181192e-05
PDXDC1,9.8977644362094e-05
ADAR,9.893671170357265e-05
DECR1,9.863723275793746e-05
RCE1,9.823180013790988e-05
HNF4G,9.817228198789963e-05
RFPL1S,9.791851891350234e-05
TLK1,9.766782370024885e-05
ANK3,9.753735927370144e-05
SRSF10,9.717540195015316e-05
PCCB,9.697443793902494e-05
LTA4H,9.684643080436217e-05
ZNF436,9.59425341716269e-05
ABCC3,9.544739030661732e-05
DUSP19,9.439400314658997e-05
PRDX6,9.435197472885192e-05
ZBTB38,9.433343012915429e-05
COL15A1,9.386992465988442e-05
ARHGAP21,9.370650947676041e-05
SGMS1,9.32994119302748e-05
NFAM1,9.220853678561979e-05
DLD,9.179785590458778e-05
LSS,9.161047691395651e-05
PACSIN1,9.159311092753341e-05
HECTD1,9.158730777198798e-05
SMURF1,9.129860874963923e-05
MYRFL,9.118233378012518e-05
EVX2,9.07758093044322e-05
CDA,9.062988650475745e-05
CXCL1,9.030942257118112e-05
LHCGR,9.022876223752973e-05
ZNF780A,8.942389559615549e-05
GGT7,8.924945385388127e-05
PIGM,8.872929359768022e-05
ADCY6,8.839071898819384e-05
SOHLH1,8.838117988517524e-05
DXO,8.824961592199543e-05
ZNF625,8.762156108696218e-05
APBB1,8.745553112476045e-05
TPP1,8.695813687563714e-05
SRSF3,8.64263317480436e-05
GPATCH1,8.605300341878318e-05
SMURF2,8.590896404894012e-05
CREB3,8.573286972750793e-05
HADH,8.567667245188204e-05
KAT6A,8.54575638568349e-05
RCC2,8.510057920375403e-05
ALPK2,8.47374161658081e-05
ANO8,8.463943386323081e-05
RFFL,8.462824476828246e-05
SMARCC1,8.392477417601185e-05
KLHL20,8.288980616816843e-05
WDTC1,8.234530371373694e-05
ITGAD,8.218960302656343e-05
SAFB2,8.067227012634248e-05
ACVR1,8.010866293716389e-05
ZBTB3,7.964655965588463e-05
FOXG1,7.934184534042288e-05
ATRIP,7.876355153621262e-05
SLC5A10,7.858656245116435e-05
RIT2,7.777845032796903e-05
SLC33A1,7.742953258184571e-05
RBMXL2,7.734699508819177e-05
TSEN34,7.72483484197437e-05
GLP1R,7.662153949968342e-05
PEX2,7.56278865819695e-05
SRSF2,7.545926875081931e-05
RUNX2,7.492001296850503e-05
SMARCD3,7.448925715834776e-05
PRDX2,7.42579472835132e-05
IRF2,7.415002989728236e-05
NOL8,7.39738103657146e-05
ZNF420,7.385011132282671e-05
SLC38A2,7.357313540433097e-05
NR5A2,7.343729597641868e-05
RLN3,7.322795998334185e-05
HIPK3,7.29900902015288e-05
PLK2,7.280896394513548e-05
KHDC3L,7.267344649426378e-05
ZNF524,7.238459652444363e-05
ZNF555,7.188627822779381e-05
RNF4,7.171471549827402e-05
ZNF284,7.137601537306182e-05
ZNF79,7.107536008061288e-05
AKAP8L,7.070500697318492e-05
ENTPD1,7.030559785744118e-05
GXYLT2,7.026641740958439e-05
MECP2,7.003886288293871e-05
PKD2,6.982008685463371e-05
LAMA4,6.924569641705603e-05
PKNOX2,6.833534718498413e-05
ZNF697,6.770879567193332e-05
ALOXE3,6.724574490272061e-05
ALAS2,6.683341874668258e-05
TTF2,6.653768452906661e-05
RFK,6.533699166629957e-05
TXNRD2,6.523397434102662e-05
CASP3,6.427963737223763e-05
ARID3A,6.403734814648486e-05
ZKSCAN7,6.273326399195866e-05
PRDM10,6.26362417715427e-05
RRS1,6.230696266266022e-05
EGR2,6.172883506951621e-05
ZNF416,6.106409439416894e-05
CELF5,6.075297939196389e-05
PLXND1,6.0482136030259425e-05
ZNF606,6.0457574618340005e-05
IL13,6.031718274334708e-05
RPL7A,5.9183636277339247e-05
CARTPT,5.870953406611079e-05
SLC25A30,5.7868436061653483e-05
PORCN,5.764582474239433e-05
DCUN1D3,5.7617453539023694e-05
SDHA,5.704918467290554e-05
HSD17B7,5.5944665936749516e-05
NSRP1,5.5386355194968925e-05
CYP2C19,5.534538483334472e-05
PIP4K2A,5.46900486733648e-05
SMPDL3A,5.4063353939454826e-05
ZRSR2,5.3592385615957024e-05
RALBP1,5.3487172502627794e-05
IDI2,5.347288484335877e-05
CUL9,5.298256829155435e-05
CRX,5.278946874750545e-05
UTP15,5.26323716958359e-05
PSMC2,5.170930735084767e-05
ZNF140,5.157964910540613e-05
ZSCAN9,5.109002166818755e-05
CD2,5.0604633373495746e-05
SORL1,5.0564115719680555e-05
E2F3,5.055472794902016e-05
ATOH8,5.027743860364353e-05
TGM7,4.99929161246655e-05
GABBR2,4.950732842735306e-05
ATP1B1,4.932606008333096e-05
OVOL2,4.8865767783354385e-05
RPF1,4.87105917691224e-05
ZNF620,4.821378499491402e-05
ZNF783,4.6693983805198516e-05
ZNF324,4.6157634441897244e-05
MTHFS,4.589661328282091e-05
ZNF568,4.461226353305392e-05
ATP6V1G1,4.4330415009426365e-05
GPR108,4.414584100277352e-05
DUSP18,4.4031510097283896e-05
NCBP1,4.34853705378373e-05
XRCC6,4.2108518849545356e-05
RNF135,4.202679989975877e-05
TEAD1,4.142660864545178e-05
PINK1,4.1221496693196965e-05
DLST,4.027200046188284e-05
HLA-C,3.956563910560362e-05
BACE1,3.953804827870044e-05
KAT5,3.921416705497904e-05
RPL13A,3.8689378529397804e-05
CSTF2T,3.83185963919459e-05
CTH,3.775014315351654e-05
ALG2,3.7616646802689506e-05
PABPN1,3.7201180070042026e-05
PIK3R4,3.69037924215263e-05
PIP4K2C,3.6355664414486455e-05
ZNF619,3.604594728676602e-05
HK1,3.596253206592337e-05
GSTZ1,3.5900459871982093e-05
BUD13,3.523528873847681e-05
NOP10,3.463937392598382e-05
RNF20,3.426902496403272e-05
TFAP2E,3.412223290729344e-05
RBX1,3.400391991817742e-05
SLC9A7,3.3549077223824496e-05
PSMC6,3.333104603939319e-05
TP53BP2,3.298622248235006e-05
CNDP2,3.223132059042655e-05
ECI1,3.211534261799898e-05
EXT1,3.202111983000578e-05
BTG2,3.192940068174721e-05
FUBP1,3.141472497054565e-05
RPN2,3.0681652221574044e-05
TAF13,2.8785713192746698e-05
PLXNC1,2.8737503600950732e-05
IMPDH1,2.8141486475760758e-05
ZNF276,2.812527321179914e-05
ERMP1,2.786540821853123e-05
SLC52A2,2.7410808462036585e-05
ATRX,2.685004498221133e-05
MKNK2,2.6748279335834014e-05
SLC26A2,2.6719511365854486e-05
SPPL2A,2.6291487180515103e-05
FURIN,2.6273631408230358e-05
SLC2A3,2.608766378375549e-05
NR3C1,2.5936415764135746e-05
LRPAP1,2.5727972547883836e-05
POLR2E,2.568298058349683e-05
SH2D2A,2.564383822345917e-05
CDC42BPA,2.5472561844253504e-05
TRPM7,2.5464116296916472e-05
RNF26,2.5204596195408158e-05
SNRPB,2.4389626882339143e-05
IWS1,2.4260144250774826e-05
GALNT2,2.420849041254769e-05
CSDE1,2.4182495928926072e-05
UTP3,2.4158345099749566e-05
ARHGEF1,2.4024806923989672e-05
PELI2,2.3953291640964382e-05
MDH2,2.3358304414614395e-05
ASB8,2.267237686487533e-05
GRK6,2.2663759760916947e-05
PIGP,2.255037429240936e-05
MEPE,2.2138200700055676e-05
ETV3,2.1838624708834687e-05
RIN3,2.158300565679383e-05
BRD7,2.1404652208047993e-05
HEY1,2.117795832191405e-05
ZNF362,2.0738412890750626e-05
CERS5,2.0736849109653123e-05
PRKAG1,2.0689838323050936e-05
RPL15,2.04932799965718e-05
PHF6,2.0088510537334517e-05
STAT5B,1.9801776352551313e-05
ATP6V0E1,1.969844432073842e-05
SMARCC2,1.9574157158558593e-05
SRSF6,1.9450495711453187e-05
ZCCHC8,1.9426539282449087e-05
FBXL6,1.923362564434683e-05
SLC35A2,1.9158710761303154e-05
TRUB1,1.903649313817368e-05
ST8SIA1,1.8920264584494364e-05
CCNT1,1.864834025127493e-05
RBCK1,1.8642085005694753e-05
FGG,1.853719698877043e-05
CYB5R2,1.8439233946764946e-05
TBR1,1.831709776581647e-05
METTL16,1.796686509419487e-05
ZNF827,1.78603581250627e-05
WNT7A,1.7802907944314936e-05
CYP2J2,1.7497594876658694e-05
JDP2,1.7390263806646546e-05
CEACAM1,1.726387450207767e-05
PRKCH,1.699140193113635e-05
RNF2,1.6920832722291835e-05
MSN,1.6888878864619984e-05
DPM2,1.68337357740711e-05
PLCB3,1.650242240634725e-05
MAT2A,1.6174134769244123e-05
GADD45B,1.6078004904670705e-05
KIN,1.553366460132111e-05
ZNF395,1.5375762941971516e-05
CD86,1.5238322275195058e-05
LTBR,1.520122975580307e-05
ZNF57,1.502723064879774e-05
RPS4X,1.4982886263169347e-05
DOLPP1,1.4960187433302964e-05
MAST3,1.4710341978684482e-05
CCL1,1.470007191574041e-05
ZNF138,1.4487173799466291e-05
TSSK3,1.4480143043101636e-05
IDO2,1.4415117319003911e-05
MTA2,1.4393314648145862e-05
COL1A2,1.434139341995433e-05
TAPBP,1.3986890709702493e-05
PER1,1.3934117145254278e-05
ZNF419,1.384066050002275e-05
MSGN1,1.3796592506423622e-05
E4F1,1.3615961718187464e-05
PELI3,1.359034796234937e-05
EREG,1.3328253657732604e-05
EIF5B,1.3286561133440956e-05
TBPL2,1.3265658515592803e-05
PTK2,1.326029011124774e-05
DDOST,1.324664536889486e-05
TEAD2,1.3245588262861928e-05
MAPK4,1.3155029241374904e-05
HLA-B,1.3123222134254319e-05
MBTPS1,1.295265235455645e-05
COL1A1,1.2933121640912759e-05
JAK1,1.2862876858662275e-05
PKM,1.2825447536442879e-05
PTPRZ1,1.2785438596097265e-05
ARID2,1.2751611141538887e-05
CLIC1,1.2657666545010217e-05
PRKDC,1.2645245474800504e-05
MAVS,1.2541020300204764e-05
HMGN3,1.2530076133089096e-05
ENG,1.2295164817900606e-05
MGAT1,1.2249396005245217e-05
TCERG1,1.2188132877327006e-05
NR3C2,1.2118381043705996e-05
ZMYND11,1.2084992868949486e-05
TEX41,1.1913841447039886e-05
LAMB2,1.1904620987365889e-05
CAT,1.187664036069691e-05
ZNF45,1.1819115721664274e-05
PRDX3,1.1666743765658792e-05
PECAM1,1.1666543244018612e-05
DDAH2,1.1589845072990101e-05
CT62,1.1546485889539326e-05
DCAF5,1.1515013540815744e-05
PNPT1,1.1476185531137162e-05
ELOVL1,1.1461917080623607e-05
CD24,1.1394622458510638e-05
QKI,1.1315382358134228e-05
BACE2,1.1248838297774455e-05
CYCS,1.119164786723559e-05
HEATR1,1.1161495528426713e-05
DNMT1,1.1154036037282823e-05
HDAC2,1.1145112047415751e-05
DKC1,1.113563889452962e-05
NEAT1,1.1101072588076022e-05
LYN,1.1042344431302808e-05
MLLT6,1.1035704277446712e-05
SLC35B2,1.1021541455193073e-05
NELFE,1.1012577335122842e-05
MLLT10,1.0925194820515571e-05
XAB2,1.090188076693721e-05
ALG3,1.0868397199033096e-05
ZFP36L1,1.0846672455897987e-05
RELB,1.0784476772073504e-05
LIFR,1.0747473811761666e-05
BOP1,1.0696458522602371e-05
LSM14A,1.0622410692008089e-05
TXNIP,1.0609028790440788e-05
APPL1,1.0473255243937273e-05
TFG,1.042283047240744e-05
ZNF774,1.0328271720823068e-05
CD63,1.0262248537856067e-05
LUM,1.0260900553930696e-05
AQP1,1.0257906394258497e-05
USP7,1.0224058100448019e-05
HNRNPA0,1.020517843937796e-05
SFMBT1,1.0175356432682746e-05
ACACA,1.0143055411617753e-05
AFG3L2,1.0102398752110276e-05
ALYREF,1.0093242616562748e-05
HNRNPD,1.0063259658068091e-05
SMNDC1,1.0035931151321621e-05
KCNJ8,1.0007212117557173e-05
ZNF496,9.946620295977481e-06
PHF8,9.930215031317857e-06
SIN3A,9.920557791929241e-06
CYBA,9.913116854363579e-06
ZNF81,9.890856502579481e-06
SLC39A7,9.882303991389562e-06
TGFBR2,9.855012424281994e-06
CUX1,9.844993785918631e-06
KMT2B,9.841082143566383e-06
NOL11,9.787307074816455e-06
ALG12,9.703987418208103e-06
SLC12A5,9.690288354022414e-06
MGAT5,9.659497022539653e-06
TAOK1,9.637750615638651e-06
EIF3D,9.611199583332564e-06
PLA2G7,9.527053115107265e-06
PPAT,9.524293987169585e-06
STK25,9.519752371204503e-06
TGIF2,9.444605641533597e-06
PPP1CB,9.414482425768257e-06
ECE1,9.413555199557777e-06
S100A7,9.412731239674344e-06
RPL41,9.377452537933096e-06
ZNF888,9.373447872803809e-06
EXOSC2,9.354669402114267e-06
RBM17,9.315203640881008e-06
SLC35F6,9.31363363372384e-06
RBM14,9.303401601187034e-06
PLAA,9.273206250099974e-06
CCL5,9.259875384714178e-06
CD58,9.195413084171377e-06
NDUFS3,9.187447264366711e-06
PDXK,9.182569604490708e-06
CREB1,9.17893040036688e-06
ORAI1,9.17616154777079e-06
HNRNPDL,9.102991004056093e-06
TAF15,9.099816918705983e-06
PKP1,9.088567344633702e-06
NEK2,9.079386185135263e-06
ZDHHC9,9.063415555715436e-06
LYPD3,9.035320693328684e-06
RPL14,9.022869823070324e-06
AGPAT2,8.94075498320035e-06
KLF9,8.924399083412026e-06
PGM1,8.922639090769736e-06
FUBP3,8.89322864782116e-06
MAPKAPK3,8.835874239593977e-06
PHF1,8.824988428614235e-06
GRB10,8.811968326995157e-06
CXCL10,8.807954613757829e-06
SDC4,8.807787621321948e-06
HADHB,8.78116431130138e-06
PPP1R9B,8.780026739941605e-06
ATF6,8.76947815550011e-06
NOC2L,8.76883829516828e-06
FXR1,8.759338082199975e-06
TCF7L1,8.738604843756548e-06
ZNF598,8.688680116620163e-06
CWC22,8.659912235884802e-06
REPIN1,8.64270452132132e-06
ITGA1,8.632827386236385e-06
TRAFD1,8.615930386554282e-06
PDK1,8.601273234717154e-06
CSNK2A2,8.556086628004778e-06
BMPR2,8.549851998054692e-06
UHRF1,8.504060377049428e-06
POLR1A,8.49117682355427e-06
THOC1,8.477569549881992e-06
WDR77,8.461209714255346e-06
ADGRG6,8.432693220584043e-06
SGK1,8.431164762214395e-06
ETS2,8.426054433471108e-06
TNFAIP3,8.418844826564964e-06
SLC4A11,8.415355130296121e-06
PI4KA,8.40663362964733e-06
TBL3,8.37743496163057e-06
PSMB9,8.377032855150901e-06
CXCR4,8.341959356471306e-06
PLCG1,8.323323269564754e-06
ZNF292,8.305979312353883e-06
ZNF740,8.275283832517744e-06
TFCP2,8.270375875213177e-06
WDR46,8.209842952510371e-06
ZNF503,8.209415574242484e-06
PIP4K2B,8.183874231690423e-06
NFYC,8.180788028084862e-06
FBXO17,8.177929371640857e-06
CNOT6L,8.163183963574739e-06
CTSV,8.15887300529994e-06
ZNF626,8.13933847760495e-06
ZNF320,8.131660148251285e-06
ZNF506,8.078167226130973e-06
APOBEC3C,8.031828649109228e-06
SLC7A4,7.980059254350634e-06
ATP6V1E2,7.935972351560849e-06
TRIB1,7.924149855682572e-06
PI4K2A,7.882185362262816e-06
SNRPF,7.818547238343853e-06
ZBTB22,7.812767295206412e-06
COL8A1,7.807998370708447e-06
HEXIM1,7.767470450801283e-06
ZNF254,7.744048401718828e-06
PCBD1,7.68739623441661e-06
LINC00607,7.677719830098795e-06
PARP14,7.655408145751609e-06
OAS2,7.630677172755895e-06
LATS1,7.626088562403765e-06
SCPEP1,7.522554314732588e-06
MYC,7.5144171846091015e-06
PARP2,7.506665406879166e-06
INO80,7.505078208396299e-06
ISY1,7.495671069818854e-06
ZNHIT6,7.487726764964009e-06
MALAT1,7.479227001738309e-06
EZH1,7.465408078758174e-06
PIN1,7.417795964386187e-06
CPXM1,7.3476718673646245e-06
STK38,7.3457025454217725e-06
IP6K2,7.330699579313205e-06
ZNF281,7.32395932993768e-06
PCAT6,7.319228499454766e-06
MEIS2,7.2942770848385415e-06
NT5C2,7.283592019859952e-06
NUDT5,7.255020089303343e-06
ZNF84,7.187642282417527e-06
NFS1,7.186519360118382e-06
TAF9,7.15383954718618e-06
RFX1,7.13190785381812e-06
ZNF43,7.130354991943477e-06
SLC16A6,7.089743579967944e-06
KDM4A,7.089136479976332e-06
BMP2K,7.066010619553253e-06
NUDT19,7.0537540053692285e-06
MAPK6,7.03354264715017e-06
BRD9,7.03284768452428e-06
RBL1,7.0017127076766885e-06
RBM12,6.992029357945739e-06
SMPDL3B,6.980246045941385e-06
NME1,6.9757420051246305e-06
SLTM,6.968636908823101e-06
SH3RF1,6.924012204990504e-06
TBK1,6.922430979784622e-06
DCUN1D1,6.886584350127123e-06
EXOSC9,6.8737099977624886e-06
FBXW9,6.807228126604059e-06
SETDB2,6.806482171498374e-06
AK4,6.793488320511188e-06
CARD9,6.791819053262316e-06
CTSO,6.789257164086848e-06
ARHGEF28,6.76450194850986e-06
GGT5,6.753370484148036e-06
CD180,6.745724248901297e-06
LINC00511,6.738184626101429e-06
ADM2,6.69315165481521e-06
SRSF1,6.6923208778462135e-06
SLC16A1-AS1,6.688894633668951e-06
RBMXL1,6.683956643257716e-06
ZNF845,6.67682936290248e-06
ARAP1,6.6743856335449444e-06
RTN4,6.656072434168436e-06
CCL18,6.654376948233675e-06
CASC15,6.5673598119815325e-06
RRP1B,6.5522680131948615e-06
CBX7,6.5464527689300664e-06
SRRT,6.50249393163449e-06
LYAR,6.500104106123672e-06
SLC15A2,6.496941177317694e-06
USP4,6.486071834899576e-06
FIG4,6.478759969979819e-06
ACADS,6.431305010096366e-06
UPP1,6.428288759138922e-06
RAP1GAP,6.414087019379622e-06
ADSL,6.411528347371132e-06
PIGW,6.376369393876757e-06
MGST3,6.375117882953418e-06
SLC37A1,6.353609825850981e-06
CLIC4,6.349911077677461e-06
ZNF879,6.319497149945619e-06
ZNHIT3,6.277955416237546e-06
COL4A4,6.272583800409848e-06
FBXW8,6.255720155991185e-06
LRP6,6.255126739233674e-06
EFTUD2,6.25216649405047e-06
JMJD8,6.231542338241524e-06
LPCAT3,6.221822327290738e-06
PFKFB2,6.211446988572788e-06
NPRL2,6.209089454955575e-06
GPR183,6.187987657881422e-06
ZNF253,6.185707536985774e-06
BEST1,6.181756454793686e-06
ZNF618,6.1593042482854795e-06
POMT1,6.126188346854633e-06
LIPE,6.10698991931713e-06
MGST2,6.079588603085995e-06
NFKB1,6.05709617212824e-06
ZNF449,6.041033454494027e-06
ZNF670,6.008243695646342e-06
ACOX3,6.004621621627848e-06
TWF1,5.993796312679933e-06
ZNF134,5.96537582879364e-06
ACVR2B,5.959211723336466e-06
PRKAR2B,5.944023682275201e-06
ZNF236,5.932391177850605e-06
CORO1C,5.9219010081505985e-06
CCL4,5.920573343303204e-06
BRIP1,5.869234834278814e-06
TAF1,5.863176891864441e-06
PPIL3,5.77598725004691e-06
TKFC,5.756623143724937e-06
FIRRE,5.673386235116596e-06
MIR100HG,5.663289082008305e-06
CD36,5.662175474185461e-06
UMPS,5.661060166062271e-06
DHRS4-AS1,5.654434338737247e-06
CCL8,5.650835154710875e-06
SLC38A3,5.633652991718918e-06
DHRS2,5.631084723319191e-06
TCF7,5.6194347776568065e-06
TDRD7,5.618735027724142e-06
XIST,5.6076483212450515e-06
PHF20L1,5.599193330851904e-06
ZNF587B,5.5889873960381925e-06
SALL2,5.570190132090147e-06
MAPK11,5.564402650463762e-06
SEMA4D,5.549495279581152e-06
MAFG,5.539257440375423e-06
PKN3,5.53804293747362e-06
AHCYL1,5.523997520811008e-06
ESRP2,5.519138293777814e-06
ZBTB8A,5.518952159718538e-06
ABHD3,5.515566647716241e-06
RRP1,5.511084548913914e-06
SLC44A1,5.493975978254184e-06
FPGT,5.476494279719191e-06
VPS9D1-AS1,5.4741792010304376e-06
BHLHE40,5.4671379347439595e-06
EFNB1,5.45671220731947e-06
SAP18,5.448303272657995e-06
DLL4,5.429266158216706e-06
HNMT,5.4214891337664996e-06
VEGFC,5.3973088785710385e-06
PPIH,5.393794017265918e-06
MMP12,5.393178056237957e-06
ZKSCAN4,5.388761768529093e-06
PGPEP1,5.369141304981895e-06
NRG3,5.357844252159793e-06
GALT,5.3478683719845325e-06
GPC4,5.327458019337428e-06
POFUT1,5.3165573952469455e-06
ZNF850,5.301876684427497e-06
VAC14,5.296192163200431e-06
TRIM52,5.279886198820805e-06
LINC01235,5.266359880295113e-06
GAL3ST4,5.260442413600685e-06
HES1,5.245329268745991e-06
DECR2,5.239483579543957e-06
SRC,5.226102126130172e-06
FASN,5.177198346075329e-06
SEMA5A,5.165375141416462e-06
TNFSF12,5.14227425617264e-06
SLC25A26,5.122736255543714e-06
TIRAP,5.112938722277249e-06
SLC6A14,5.1021953652821145e-06
ZNF225,5.101076772973556e-06
APOD,5.093436304264287e-06
SLC48A1,5.091169157765307e-06
RRAGC,5.034359478514716e-06
PTPN1,5.032782904777378e-06
ATP6V0A4,5.0228968215151324e-06
TRIM59,5.0223282233332615e-06
FHIT,5.0174883359659364e-06
MTMR3,5.002322233053747e-06
UGT8,4.995175383101014e-06
LACTB,4.981457303529169e-06
VIM-AS1,4.969838551119211e-06
PTPN3,4.96912071088218e-06
MANBA,4.960586583763416e-06
RNPS1,4.951035513073521e-06
CTSB,4.946055018763218e-06
CISH,4.938730240610311e-06
FIP1L1,4.9267857754102805e-06
IRAK2,4.896257045857056e-06
LINC01315,4.89532272155202e-06
GCH1,4.890805795582764e-06
ZNF10,4.880498173008619e-06
PIGZ,4.877416048202576e-06
PINX1,4.874262180692312e-06
NME4,4.8677897461573144e-06
AKR1C1,4.859930309521587e-06
TGM5,4.8464709953464085e-06
ANK2,4.840385206421161e-06
DLC1,4.837348390481111e-06
TPST2,4.829282774068134e-06
ZNF823,4.828492673823348e-06
POLR1B,4.814994535252026e-06
CHERP,4.757004997259173e-06
ZNF737,4.722929700903932e-06
PART1,4.715907310242074e-06
ZFP69B,4.7090651743246775e-06
ROR1,4.700729916351065e-06
SEPSECS,4.690426363993083e-06
B3GALT5,4.6899331078407155e-06
NUDT2,4.679754580479312e-06
ZNF224,4.670272844748524e-06
ZNF718,4.664760771788678e-06
ZNF726,4.656905702233871e-06
SLC16A2,4.62584070118055e-06
AKAP12,4.620846098873699e-06
PLAGL1,4.599694071430349e-06
WNK3,4.59493145746137e-06
LCAT,4.594843981351459e-06
FNTB,4.592205092251334e-06
PRPF39,4.569165672194231e-06
PHC2,4.555444281493237e-06
LIAS,4.554708992884571e-06
NRCAM,4.5485528673907534e-06
ADPRH,4.525707852849337e-06
ZNF750,4.517220833179181e-06
ELOVL4,4.4848295291899375e-06
DYRK4,4.478613465153103e-06
PRSS16,4.45094673872859e-06
PANK1,4.448541709649589e-06
ZBTB43,4.438838462363037e-06
B4GALT6,4.410785821164609e-06
HELB,4.3945106955902705e-06
PTGES,4.34017690741939e-06
SLC27A4,4.335895840199555e-06
ZNF432,4.323324728318312e-06
MIR210HG,4.3058827431536885e-06
LAMP3,4.305392778775286e-06
HIRA,4.287316166539767e-06
PTPRM,4.285903859511109e-06
CD80,4.274236757169091e-06
TRA2B,4.26301196210943e-06
CYP27B1,4.2604335757232554e-06
TNFRSF11A,4.250910124795837e-06
TBX2,4.246291322488105e-06
VENTX,4.222344539130063e-06
DGCR5,4.212914586275929e-06
TNF,4.195139360433586e-06
ALG11,4.157803405291815e-06
ZNF595,4.157235139217619e-06
NUDT18,4.136710539626166e-06
TMPO-AS1,4.087944899310969e-06
DSCAM-AS1,4.07660608726701e-06
THRAP3,4.069842818068991e-06
SLC26A7,4.059039722392299e-06
AFAP1-AS1,4.05769521108823e-06
IL12RB1,4.0012102415118985e-06
SLC6A17,3.9963742654549606e-06
ZNF487,3.9942106585613145e-06
SPIB,3.993736262998482e-06
LCP1,3.947998935871055e-06
TOX2,3.905019883688965e-06
SLIT2,3.892488104582981e-06
ABCG1,3.884261748368089e-06
SH2D1A,3.86581509116013e-06
LLPH,3.8605981638681894e-06
TMEM147-AS1,3.852159854631054e-06
SIRPG,3.822597208340994e-06
FZD9,3.8035739144106627e-06
MEG3,3.7897174034355884e-06
OSM,3.7742540631597876e-06
CA3-AS1,3.7418178728216846e-06
ISG15,3.727631549935495e-06
CTNND2,3.7255475243824775e-06
ARG2,3.7220962663297996e-06
LINC01152,3.715449521422443e-06
NEK11,3.70640286578805e-06
MLYCD,3.680494676757462e-06
FOXD2-AS1,3.6787788504568654e-06
FCGR1A,3.670184771294771e-06
MIR4458HG,3.6595450681886633e-06
NKILA,3.6371074755550124e-06
HS6ST3,3.6228440956591613e-06
ANGPTL4,3.6192565142130206e-06
ZNF782,3.6129135428950576e-06
LINC01311,3.5911611429355618e-06
LINC00504,3.5878308785015635e-06
PDCD6,3.576240087397764e-06
ZNF182,3.5647837806322967e-06
TBX15,3.5623010338099448e-06
ZNF280B,3.557726747601464e-06
FOXD3-AS1,3.534855337619547e-06
RPL17,3.5037025907058706e-06
DLX4,3.5031967673830876e-06
CARMN,3.4867925417358948e-06
ZNF554,3.481720814846767e-06
IRS2,3.473213391430363e-06
LINC01133,3.435741653078139e-06
CASK,3.413238561961407e-06
ARNT2,3.410797382002784e-06
NUFIP1,3.401233749855237e-06
MIR3142HG,3.393952921129539e-06
ZNF503-AS2,3.3859535624287674e-06
LINC00632,3.380881012986947e-06
VNN1,3.3657041321077942e-06
MMP16,3.3611295832258746e-06
ITGB2-AS1,3.3573003432820773e-06
ITGA7,3.3562850676673863e-06
LINC01140,3.3524338470840574e-06
DPF3,3.3475898996471186e-06
FOXP4-AS1,3.3123397488736825e-06
FOXCUT,3.312261736084565e-06
ZNF488,3.299492874475618e-06
PSMG3-AS1,3.285994830349637e-06
IL23A,3.27030841793885e-06
FAAH2,3.2106008797256893e-06
COPS2,3.20987727428701e-06
NR2F1-AS1,3.2044449380066453e-06
STK17B,3.1882273764267666e-06
BISPR,3.1795600812074557e-06
LILRA5,3.175341422206657e-06
HHEX,3.1554442070103053e-06
LINC00623,3.148860468712655e-06
LINC00865,3.145766623816826e-06
GALNT5,3.119589187321026e-06
DUBR,3.104765715988833e-06
KCTD6,3.1039453677834673e-06
ZNF486,3.0854937097331005e-06
TRG-AS1,3.0601267515919514e-06
GHR,3.0599651905447443e-06
LINC00487,3.0583007084885593e-06
PWP2,3.0550270974174508e-06
PIK3CD-AS2,3.0426230345597107e-06
CLIC3,3.036060928451434e-06
ACSS3,3.020362267506016e-06
ZDHHC1,2.9927014529391727e-06
PATL2,2.9809500721285077e-06
SMPD1,2.9450784958839903e-06
ZNF19,2.944137387657975e-06
LDHB,2.9341608144477502e-06
DNM3OS,2.9256161414537018e-06
TRIM58,2.91708778624411e-06
EDF1,2.9061900429638857e-06
ITGB3,2.905372666305084e-06
FBXL19-AS1,2.9021055809721474e-06
ENO2,2.8871735382125506e-06
MIR222HG,2.8868460523483463e-06
LINC01614,2.8810159615773044e-06
FAM225A,2.8749351928922806e-06
LINC00861,2.8745002809955622e-06
SIM1,2.8712896180422832e-06
DGKI,2.8187476091545704e-06
PCAT7,2.818238584154642e-06
AQP9,2.8091081029231193e-06
XRN1,2.7981587098651063e-06
ZNF75D,2.791161155954569e-06
LINC01270,2.782095444189281e-06
RBM26-AS1,2.7804961076469683e-06
LPAR1,2.766933279843897e-06
NLK,2.7518755648543447e-06
ZFHX2,2.742934663331198e-06
CD247,2.7388401379937477e-06
NRXN3,2.7134898635665648e-06
GSTO2,2.705275454346179e-06
ZDHHC11,2.6983700980451884e-06
GSTA1,2.668042186954267e-06
HIPK1,2.6624115326967515e-06
NODAL,2.6563597739084345e-06
FAM27C,2.64976118265281e-06
AMFR,2.6220646513195335e-06
THAP7-AS1,2.612115560197026e-06
RAMP1,2.6097034150041055e-06
RPS6KA5,2.596162703127902e-06
MIR193BHG,2.594520253154542e-06
THBS1,2.5811832846329707e-06
COL14A1,2.5808554803603553e-06
LINC01176,2.565398310366618e-06
HSPG2,2.515245153261958e-06
SLC44A5,2.513229972038289e-06
HAGLR,2.513183033045152e-06
PDSS1,2.503899147939137e-06
ADCY3,2.493543520699859e-06
THTPA,2.483159399133683e-06
DUSP6,2.466934501057949e-06
CYP1B1-AS1,2.459511994885588e-06
PCBP2,2.4552340219798908e-06
ADAMTSL1,2.441125912064024e-06
GPLD1,2.4208197958444085e-06
IRAK1,2.414080087461912e-06
SENP8,2.4114475102123834e-06
SP2,2.408343195284601e-06
PLA1A,2.4076561880690405e-06
NKX1-2,2.393522579785895e-06
ICAM3,2.3898150313073073e-06
ENTPD5,2.377648486316275e-06
ATP1A1,2.377032938255752e-06
MAGT1,2.366335840903844e-06
HOXC6,2.3418257262761697e-06
DDR1,2.311098490466179e-06
ORM1,2.3093745715812023e-06
PSPN,2.2826951475849453e-06
RTKN2,2.260138307576653e-06
HPSE2,2.24573916177917e-06
GABRQ,2.2349022206071824e-06
EPAS1,2.2251941741586736e-06
CTSK,2.1953299313111074e-06
CHRM3-AS2,2.1451191475989617e-06
CALCRL,2.1411249514926565e-06
CXCL11,2.1410037553266647e-06
SLC30A4,2.1367782526482414e-06
NUDT3,2.135475287303734e-06
SNHG18,2.127649312726021e-06
RPLP1,2.1264116322328167e-06
SNRNP70,2.1197713525822338e-06
PPP6C,2.112531015512786e-06
RPS15,2.1101346948739773e-06
PRR7-AS1,2.102220953446476e-06
NFYC-AS1,2.0905930248602543e-06
ZNF732,2.086408184538868e-06
ADAM10,2.079516015172089e-06
ZNF883,2.0793511704937373e-06
PARK7,2.0752418903384754e-06
SLK,2.0544687084651515e-06
LINC00937,2.0521441885819057e-06
MMP28,2.043794195543569e-06
KAT2B,2.0394896483537653e-06
PAG1,2.0290567038756533e-06
FOXK2,2.019030106339415e-06
SRSF7,2.0170239291985583e-06
LINC00882,2.0168417129298177e-06
SOS1,2.0110727178916933e-06
FA2H,2.000955483993039e-06
FOXD3,1.993338951081114e-06
CASC19,1.991712793540046e-06
FOXD1,1.9875529791306693e-06
YY2,1.98409752505313e-06
MYB,1.979978138081151e-06
IMPA1,1.961456712678e-06
ZSCAN32,1.9604967231714456e-06
COQ7,1.9591674141423705e-06
PARD6G-AS1,1.954803397538285e-06
FAS,1.954397363050475e-06
SLC43A1,1.9451032726180984e-06
CBS,1.942416794804558e-06
SUMO1,1.942345853677807e-06
ODC1,1.9406031230744247e-06
CD1C,1.9370557048006277e-06
KLHL9,1.9327062665439597e-06
PXK,1.9212935469852253e-06
SOX13,1.9008281600321197e-06
GPX4,1.899607881796328e-06
ABHD2,1.899441338579777e-06
HSD17B4,1.8947945145271205e-06
ABR,1.8902738098773852e-06
S100B,1.8849203392221625e-06
GATA6-AS1,1.88425777065504e-06
DDX21,1.8756767522916106e-06
SP100,1.8697145209074506e-06
CERS2,1.8696493606711328e-06
RTF1,1.8660701807533541e-06
WNT5A,1.8643860681208934e-06
DRAIC,1.8616497485197669e-06
OTUD5,1.8549464832204877e-06
GSTM2,1.84457692786566e-06
ERBB3,1.8386509721537436e-06
NKX2-5,1.8335659176754726e-06
PTOV1-AS2,1.8209901361103674e-06
HOTAIRM1,1.8090526991016986e-06
TNKS,1.8029741302427737e-06
YEATS2-AS1,1.7936005285150713e-06
SCNN1D,1.780435563105698e-06
SKAP1,1.7731168078540804e-06
SLC23A1,1.7729841420646154e-06
ATR,1.7703946593670137e-06
LINC01215,1.7682501931801653e-06
COL6A3,1.7560618041727593e-06
PQBP1,1.7425720684940417e-06
CUL3,1.7369750927329619e-06
LGR6,1.7311315010317685e-06
TFCP2L1,1.7302802379930428e-06
HSPB1,1.7283420598914745e-06
GSS,1.727455831826319e-06
SERPINE1,1.723309608934187e-06
FAM157C,1.7227025210218018e-06
SLC39A10,1.7177699479589135e-06
ARRB2,1.7122382450622807e-06
MYSM1,1.71197108224419e-06
GMPR,1.7089252698383461e-06
ARHGAP8,1.7087514517015735e-06
GALNT3,1.7075470566254582e-06
APOBEC3F,1.7015000154572134e-06
BNC1,1.7010397433665503e-06
NOL10,1.6974698764897767e-06
RDH10-AS1,1.6956346865839578e-06
TESK2,1.6914556762799295e-06
CAMTA1,1.6767407554709735e-06
SF3A3,1.6730706213827773e-06
CEBPZ,1.664163004804209e-06
TUBB3,1.6608260351489435e-06
HYAL2,1.65778293676766e-06
NOX5,1.6542983612879424e-06
COASY,1.6526919253152526e-06
SUCLG2,1.6521054299261098e-06
DLGAP1-AS5,1.6516784915836525e-06
BMI1,1.6476784856038762e-06
LINC00310,1.6284840465630168e-06
SLC25A12,1.6138287672262662e-06
SLC1A4,1.613797362821856e-06
RASA1,1.60961116013425e-06
HMG20B,1.5908193086957567e-06
ARHGAP20,1.5895997821502304e-06
JMJD6,1.5893817207057738e-06
SLC26A4-AS1,1.5833122826620638e-06
SLC7A10,1.571068029846856e-06
SLC12A2,1.5676329863367755e-06
PDGFC,1.561139529194122e-06
ME2,1.5596999310645288e-06
LONP1,1.5552374117930867e-06
KCNJ2-AS1,1.5539902882437674e-06
BUD31,1.5525518244814407e-06
CAMK1,1.5522442143378611e-06
PDE12,1.5443458883837023e-06
PDHB,1.5418481500049096e-06
GRIN2B,1.5406883859370167e-06
SIRT1,1.5367959189660496e-06
GNPTG,1.5317240988963477e-06
DLX6-AS1,1.5264873672773405e-06
CASC11,1.515875608049555e-06
ZNF787,1.5053637834725464e-06
CCL7,1.5019370973163858e-06
UGT2B4,1.4945532194019507e-06
ZNF660,1.4856133005594074e-06
DLG4,1.4854421523295968e-06
ZNF682,1.4801950675504827e-06
LINC01018,1.4760396683328736e-06
DGKA,1.4676456995914577e-06
MRPL12,1.4638720210058408e-06
VRK2,1.4605009469974561e-06
RBM15,1.4599801098498232e-06
HDAC4,1.4563646223351156e-06
PTRH2,1.4528635012283075e-06
PLPP1,1.4475931232382776e-06
PNKP,1.4393734907116596e-06
SLCO4A1-AS1,1.4221809659874517e-06
ZBTB8B,1.3995844533241097e-06
IVNS1ABP,1.3978117433168792e-06
SCN5A,1.3867344632672029e-06
CHI3L2,1.3849970339521178e-06
TK2,1.3796153345211337e-06
PVR,1.3787429033484955e-06
CCDC26,1.3704386986006512e-06
HAND2-AS1,1.3681417936766137e-06
NRBP2,1.367094218096554e-06
GHRH,1.3635776021168057e-06
HSD17B1,1.3627047177209307e-06
F3,1.3626505301402858e-06
SNHG21,1.3601345923888174e-06
IL1RAP,1.3504681033182917e-06
IFI35,1.349472854542455e-06
ZNF30,1.344382463841498e-06
ZDHHC14,1.3381313987679278e-06
LINC01096,1.3374917789263918e-06
CXCL8,1.331853497980262e-06
LINC00528,1.3292267011735248e-06
PLCB2,1.3268701464710374e-06
QPCT,1.3109925315006877e-06
CHID1,1.3084868636710213e-06
EPHB6,1.305268786730096e-06
ZNF605,1.303253884415767e-06
TCF15,1.3007300178600188e-06
KLK5,1.300014089380852e-06
FLNB-AS1,1.267372746767137e-06
BCL6B,1.2597919621128994e-06
TLE2,1.2519735355667195e-06
EDA2R,1.2505351104863394e-06
RN7SL832P,1.2372752900091655e-06
KYNU,1.234878146483709e-06
ACSM4,1.2317005033537498e-06
KHSRP,1.231271187659755e-06
SLC10A5,1.221521548231408e-06
CYP21A2,1.2135537724446975e-06
SEMA3E,1.2052881546651406e-06
C4A,1.18395013774375e-06
CA5B,1.1568012151741414e-06
SOX5,1.156314439072048e-06
ZNF497,1.1518325753030468e-06
ME1,1.1503246195516682e-06
MMP20,1.1459943927434325e-06
FOXI3,1.1441533678322458e-06
LOXL2,1.1258017342186122e-06
P2RX2,1.1194607758540088e-06
ETV3L,1.107666213940206e-06
LILRA4,1.1072331941051063e-06
ACTN1,1.1032017069183554e-06
CCNO,1.0738703288382113e-06
LINC01127,1.0730446152695804e-06
CA14,1.0673426745384518e-06
HLF,1.0652303427036715e-06
SLC38A6,1.055309306892127e-06
CTBP1-AS,1.0542164206626125e-06
SLC30A8,1.0537884686740994e-06
BBOX1-AS1,1.0532747456863943e-06
ATP2A1-AS1,1.0524741734698751e-06
NFE4,1.043618961489301e-06
TNS2,1.0321935420611883e-06
CPEB1,1.0319167747638857e-06
ZNF878,1.012505602020042e-06
PARN,1.0044803303372873e-06
PRSS2,1.0040723437612086e-06
DACH1,9.93505202679046e-07
PDCD1,9.909481205880867e-07
LINC01126,9.779729718957243e-07
ITIH2,9.73083667958008e-07
FAAH,9.700929733824636e-07
NGFR,9.685644629939817e-07
GLI1,9.638796847326604e-07
LINC00877,9.635123141435998e-07
ZNF287,9.581902634607787e-07
AVPR1B,9.575535503643095e-07
INSL3,9.430186075292113e-07
ST3GAL6,9.424823596546617e-07
RRAGB,9.256349773636429e-07
FGFR3,9.250788562695788e-07
DBR1,9.052907751367911e-07
SEMA3F-AS1,8.839210650037898e-07
ADORA3,8.817043441879946e-07
ELFN1-AS1,8.800155334078852e-07
JMJD1C-AS1,8.723785128239569e-07
HPN-AS1,8.67820829107302e-07
ZNF230,8.62147867039198e-07
CDK3,8.586832918950904e-07
GUCY2C,8.457822196916709e-07
SCD,8.370310661968138e-07
GABRA2,8.368436685728397e-07
FOXO1,8.331222848518838e-07
SLC25A4,8.318496123536079e-07
FAM66D,8.285497176103718e-07
PLRG1,8.186290702525412e-07
USP2,8.172578959282362e-07
CYP3A5,8.122516288509019e-07
SCGB1B2P,8.026943194394676e-07
TBX4,8.009655431777673e-07
ADGRB1,7.965266175062879e-07
PPARGC1A,7.962415791915589e-07
POU4F1,7.938830180940215e-07
OR2A1-AS1,7.852777759040919e-07
MMP8,7.842771052324338e-07
ASCL5,7.679384620189467e-07
ABCA7,7.559597673285623e-07
FGFBP1,7.472645839641245e-07
ZNF425,7.461042973133657e-07
VAX2,7.393710771168572e-07
OAT,7.271204202936588e-07
TMEM92-AS1,7.266284589064752e-07
SRD5A1,7.149954495844212e-07
LINC01234,7.148095405113964e-07
LINC00853,7.121696492760066e-07
MCCC1-AS1,7.114404974544187e-07
DANT2,7.0601292947714e-07
CX3CR1,6.974652135127713e-07
DMRT3,6.9175852051373e-07
CASC16,6.767778856087148e-07
HOGA1,6.707378995969294e-07
HTR7,6.626566439749127e-07
MKNK1-AS1,6.590348247499378e-07
DUSP15,6.527892052048401e-07
MET,6.464517165838402e-07
ATP6V1G2,6.441984151308588e-07
ANG,6.390568684473407e-07
PROC,6.342809490327283e-07
GATA2-AS1,6.340766270511722e-07
ABCC2,6.32769144136347e-07
GSTA2,6.228612557919177e-07
ZNF700,6.15797929512496e-07
BMP2,6.064772334717361e-07
TMPRSS11E,6.061468590559116e-07
CYP27A1,6.059900908823579e-07
IGF2-AS,5.968434094967278e-07
DIO3OS,5.954914030965597e-07
UBE2R2-AS1,5.947183827217373e-07
PTPRB,5.882337454323761e-07
ZNF337,5.810340629963663e-07
KIR3DL2,5.781975934517903e-07
CH25H,5.656992607718791e-07
IL6,5.617141281533122e-07
CTBS,5.479069371823187e-07
EXTL3-AS1,5.357721595018461e-07
HFE,5.347375791089348e-07
PIP,5.325546891512545e-07
CATSPER3,5.319516849020544e-07
LINC01605,5.189212711229629e-07
THSD4,5.153032821851866e-07
NOVA1,5.060586837117854e-07
TSIX,5.052793534581213e-07
ZNF350-AS1,5.023473172407478e-07
TLR4,4.818883575516964e-07
SLC47A1,4.766313046893345e-07
TRPM3,4.6464858054307e-07
ADCY10,4.6172188717363836e-07
LSG1,4.6043169854215193e-07
MIA,4.596560090822377e-07
LINC00582,4.573978665050049e-07
LMX1B,4.508605344533123e-07
ALDH1A2,4.5034589579806554e-07
GFOD2,4.4348963049856136e-07
PGAM4,4.3597436840059345e-07
TBX21,4.335352920232793e-07
B3GALT4,4.3152918245681344e-07
RUNDC3A-AS1,4.1704481720827856e-07
PLPP3,4.1577289549366016e-07
WDR3,4.1097015111191126e-07
HHIP-AS1,4.029808563998927e-07
MYCNOS,4.022321130072726e-07
VAX1,4.005347629814082e-07
SLC2A14,3.985620893054431e-07
MTHFD2,3.983516980561319e-07
RIOK1,3.983164223058111e-07
CD4,3.961227134468004e-07
ST8SIA6,3.908743602494269e-07
RRP9,3.8923735866980285e-07
HOXD4,3.854849395139581e-07
AASDH,3.7697984800644233e-07
CYP2A6,3.6345274412852295e-07
LINC00390,3.6144964651896315e-07
GAD1,3.565118031900738e-07
BCR,3.5264808018276027e-07
AMDHD1,3.447374321297048e-07
ASRGL1,3.3974126185754014e-07
LINC00184,3.3310561276778117e-07
LINC00543,3.3274605335975595e-07
P2RY1,3.306492397054939e-07
ADAMTS9-AS2,3.2744107778981403e-07
AFF3,3.2308206853670643e-07
ZNF709,3.2255728445207413e-07
SLC25A21-AS1,3.113336709859027e-07
EYA2,3.08218565425733e-07
HOXA11-AS,3.0735889015787166e-07
TBXA2R,3.0532734956932596e-07
CTRC,2.998354835987982e-07
C4B,2.853173998426436e-07
DDX27,2.845471391488275e-07
ZNF322,2.7930850777080354e-07
IRX1,2.778929503115535e-07
SERPINC1,2.7759149793027407e-07
HTR2B,2.7134698215469655e-07
ASCL1,2.699036220601414e-07
KCNJ1,2.689855272794972e-07
LINC00881,2.6762867729956955e-07
SOST,2.672443641245082e-07
CD7,2.6614451937906345e-07
MIR497HG,2.649534164529399e-07
LINC01266,2.6443986488544625e-07
GABRA5,2.636796295171218e-07
NFE2L1,2.5002097156345827e-07
TBX2-AS1,2.487226314560331e-07
SLC44A2,2.4643188670125935e-07
ZNF280A,2.4178770591198887e-07
FRGCA,2.4072864648516657e-07
ITPKA,2.3748258826117308e-07
DLK2,2.3475645449622106e-07
TPRG1-AS1,2.2816401681424736e-07
SH2D1B,2.278386395442311e-07
RSPO1,2.26349818721161e-07
HM13,2.2594620287819113e-07
NR5A1,2.233988856517044e-07
PDXP,2.2270725014550408e-07
MIR3945HG,2.223352764696429e-07
ANXA7,2.1752985753835384e-07
HNRNPAB,2.1678942330893848e-07
CDKN3,2.1563071121022404e-07
TMC3-AS1,2.150947693575489e-07
CUL7,2.1499728436717714e-07
HDAC1,2.110713721563684e-07
GUSB,2.1056359132742842e-07
CCL24,2.0752828404901888e-07
BRWD1-AS1,2.011798047352187e-07
CCNT2,1.994742020752227e-07
IFNGR1,1.9626888822088516e-07
ITGB5,1.959172290142419e-07
TRIM27,1.9498013495322653e-07
PELP1,1.946460522681548e-07
TNKS2,1.9260218331140777e-07
ESR2,1.8980975961468972e-07
IRS1,1.8799560034921116e-07
CCL13,1.8563708955277035e-07
EIF1,1.8321497277976137e-07
GLS,1.8068324581221875e-07
BARX2,1.7876076141935643e-07
NCAM1,1.7672296523475218e-07
ABCA8,1.7663513198407088e-07
LINC01579,1.7542822988225735e-07
NOL9,1.739541108911214e-07
SLC35B4,1.731369504977022e-07
SLC10A4,1.7300258107155742e-07
HDAC11,1.7190593595373115e-07
POLR2K,1.7138916007297668e-07
PIGN,1.690009309385232e-07
BAX,1.675155290392638e-07
TRIM10,1.671328051102705e-07
GABRA3,1.6643452733333674e-07
DMBX1,1.6582816514620901e-07
NTN1,1.6429188628208633e-07
ZNF587,1.6374026902354898e-07
POU1F1,1.63590170182637e-07
PYM1,1.6099940003222457e-07
CLP1,1.5787613427857038e-07
ULK2,1.5730538007829863e-07
TH2LCRR,1.54715151471585e-07
ZNF560,1.5218065080802036e-07
MIPEP,1.5215024984271964e-07
POU3F3,1.5206620255892035e-07
PLBD1,1.474661317324433e-07
JARID2-AS1,1.4643862242458285e-07
NCAN,1.4275053946377624e-07
PAPOLG,1.4246323208944032e-07
ZNF703,1.4051422066470875e-07
LINC00165,1.384375540691707e-07
ZBTB45,1.3727961763088103e-07
WNT5A-AS1,1.3725877703052448e-07
ADH1C,1.3604858872007241e-07
LINC01511,1.31934144013357e-07
LPIN3,1.314127444906887e-07
NR2E3,1.3072834472538375e-07
KLHL41,1.3020330004298586e-07
LINC00989,1.3000719380862336e-07
FGGY,1.2870851316971554e-07
CEACAM6,1.2679261356833496e-07
SLAMF7,1.2670250112023496e-07
GDF10,1.2583687639633467e-07
NFE2L3,1.2164287400828755e-07
IGFBP4,1.2152838480351617e-07
KIR2DL3,1.2106823540136703e-07
MYT1,1.2099534612755246e-07
AK7,1.205112350266546e-07
HMGA2,1.2026375303797466e-07
OLIG1,1.1980262371746874e-07
ZNF841,1.197680511264565e-07
LINC00479,1.1441616457652514e-07
EGFR-AS1,1.1197684779951089e-07
BAALC-AS2,1.1006826177784034e-07
IGF2BP3,1.0894601057187536e-07
CELA2B,1.088067962067285e-07
NCR1,1.0552341034575364e-07
PPRC1,1.0354873157639687e-07
LINC00659,9.986652800542118e-08
MEIS1-AS2,9.91649787112081e-08
LINC01539,9.84694623138438e-08
LINC01337,9.642682378618873e-08
RGMB-AS1,9.535134089500019e-08
ZNF624,9.201659706103982e-08
AK8,9.147385608176962e-08
ZBTB49,8.988009977439759e-08
PCGF1,8.964151929991005e-08
ZNF676,8.947511310141007e-08
BMPR1B,8.683393491626391e-08
LINC01554,8.399802290342747e-08
AQP8,8.127868500995562e-08
TNFRSF4,7.833694570269501e-08
SLC18A2,7.811721568362629e-08
KIAA1614-AS1,7.809514503254177e-08
SLC5A7,7.630300438909998e-08
HOXB-AS2,7.52998174606296e-08
GRIA4,7.423418355578803e-08
HOXD11,7.210140952462752e-08
MED30,7.164747417043316e-08
TIMP1,7.160687987085704e-08
LINC01142,7.003593424226296e-08
NEXN-AS1,6.978648365496555e-08
TRIM15,6.975913028339775e-08
HIPK4,6.903656322566117e-08
ZFP2,6.635211168859456e-08
C1R,6.389105319003804e-08
WWC2-AS2,6.222324539217894e-08
PCOLCE-AS1,6.170075167544198e-08
GABRG3,6.085010569778504e-08
MGRN1,5.723957164516431e-08
GHRHR,5.7144630817074213e-08
GLCE,5.704634164675607e-08
RB1,5.5462352429148307e-08
LINC00452,5.522814768710304e-08
RERG-AS1,5.419113402549414e-08
KEL,5.413960021641599e-08
AATBC,5.320884802717529e-08
NEFL,5.208285194346907e-08
HNRNPH2,5.1033985813301876e-08
FOXD4,5.016290562753767e-08
ENTPD4,4.817808572253309e-08
MESP2,4.627443851923374e-08
ASXL3,4.544545991169713e-08
DLX2,4.4496941102201145e-08
PRPSAP2,4.413697073456024e-08
INSM1,4.179698479189753e-08
PATZ1,4.069735603475064e-08
ADAMTS1,4.030724937141941e-08
BAZ1A,3.87212977712647e-08
CDK16,3.744607604935237e-08
ZNF445,3.701844950967164e-08
TXNRD1,3.622430596072793e-08
AMHR2,3.469176568363531e-08
OGFR-AS1,3.459584610787658e-08
GCSH,3.3915724019450976e-08
PSMA5,3.376160774260629e-08
NDST1,3.351999031357656e-08
B4GALT7,3.282443242627858e-08
CCL14,3.2239415173052065e-08
GAB1,3.1619791282269174e-08
PIK3IP1,3.087044528063231e-08
KDM6B,2.9557213970217157e-08
SALL3,2.951676114221376e-08
RNF216,2.947062775192038e-08
PLA2G4B,2.9001292384256417e-08
HGF,2.7675779162891607e-08
KLHL2,2.753310804284498e-08
RBM22,2.6483262510373463e-08
TFEB,2.5893570911111604e-08
SLC22A4,2.5777007615098583e-08
SLC22A8,2.5110396108640742e-08
CYP17A1,2.4929391172986938e-08
ZFX-AS1,2.3694870584400896e-08
PTPN23,2.339200019880813e-08
ZNF136,2.3193793487326694e-08
TCF4,2.310561486179043e-08
LHB,2.2140094557143718e-08
ZMAT2,2.2036726200252187e-08
ESD,2.087964553342908e-08
ANGPT4,2.0371204434432852e-08
ELK3,2.0096962111396214e-08
NONO,1.961096673676029e-08
COL4A2-AS2,1.948520617878202e-08
CHEK2,1.9439165904067582e-08
EOGT,1.9071683642947448e-08
LINC00992,1.839484116872292e-08
LINC00052,1.8008499156341174e-08
SLC1A7,1.7970661168636243e-08
LACRT,1.6850344074562248e-08
MAPK7,1.6761633110066932e-08
EVX1,1.6183427964833188e-08
PF4,1.5946919543430304e-08
FIGLA,1.5518792286561835e-08
NKX2-8,1.5404036584398816e-08
ZNF99,1.460450388990342e-08
EPHA5,1.373193048026522e-08
ZNF728,1.3717791639500376e-08
AWAT1,1.3705766531202368e-08
NPPC,1.3237494800422134e-08
ZNF789,1.317204912084147e-08
DUOX1,1.2910974721495123e-08
OPN5,1.2064610668161002e-08
PPEF1,1.1810669419265613e-08
MIR194-2HG,1.1309842627760247e-08
MMP27,1.1145313475013907e-08
GUCY2D,1.0682430490162868e-08
GRTP1-AS1,1.0657615092224403e-08
AHSG,1.0403547084966713e-08
HOXD-AS2,9.4196071900865e-09
DNM1L,9.180700264126557e-09
ZFPM2,8.976255316095471e-09
CD3G,8.360230871165726e-09
ADAMTS19-AS1,8.178456367913256e-09
FLAD1,8.080085471301494e-09
APOA1-AS,8.039530442260911e-09
BCAR4,7.736372144695144e-09
BAAT,7.390704007848026e-09
CDH2,6.9009386084386984e-09
SEPHS1,6.563265469791248e-09
FOLH1,6.240168432068146e-09
FGF19,6.068098552192147e-09
PAPPA-AS2,5.582213815247261e-09
GABRE,5.331234780640838e-09
ATMIN,5.198929533655736e-09
HTATSF1,5.1099344547094e-09
CITED1,4.527063319961083e-09
LINC00841,4.023670581110306e-09
FGF3,3.977082743467087e-09
CYP2B6,3.859734929469134e-09
MYHAS,3.565982702069537e-09
STYK1,3.4313156796848817e-09
LHX3,2.665104142096641e-09
ACHE,2.6565489519562317e-09
SP7,2.584518995069063e-09
IRF4,2.4157456332523094e-09
FRY-AS1,2.392744131468616e-09
CASC18,2.255415387605875e-09
LINC00517,2.1493969807606648e-09
GALNT4,2.090022672929237e-09
PCYT1B,1.948254546504787e-09
LINC00111,1.888892655220093e-09
DRD5,1.8576341185849722e-09
LGSN,1.4309832148950985e-09
SLC30A10,1.393072058795382e-09
ACOT6,1.3788403308879732e-09
LINC01450,1.2606931634046025e-09
NDST2,1.2175039736174958e-09
LINC01206,9.321599636347156e-10
ODF2-AS1,6.978476869562433e-10
HLX-AS1,6.49080582025563e-10
PRKD3,5.196062974240074e-10
PTENP1-AS,5.072112811282947e-10
HDGFL1,4.92265113567758e-10
ALDH1L1-AS2,4.617683694863039e-10
PCAT14,4.400240620032469e-10
GALR1,4.260917826827133e-10
FAM53B-AS1,3.577252377998108e-10
KCNQ1-AS1,3.01588859229901e-10
FGF9,2.567777100553522e-10
SMCR2,2.567194141052387e-10
ADH1A,2.5312197750489155e-10
CA5A,2.244021159139749e-10
FOXL2,1.9570083624425315e-10
MOGAT3,1.6170998962637685e-10
SPIN4-AS1,1.5671095204491948e-10
LINC01093,1.4435145863182787e-10
ARMC2-AS1,1.4376093654920595e-10
MRGPRF-AS1,9.871866336625539e-11
ZSCAN5B,6.181261090388535e-11
LINC00621,6.126056451275461e-11
ARHGEF7-AS2,6.046084810498038e-11
DRGX,1.9179786097550147e-12
